{"customerid":"D495D9BB-0F5F-4945-9B2D-F90CAD90E413","honeyserverid":"2102ac15-bf5e-456c-ab63-90cb836ed7ad","logkind":"honeypot","honeypotid":"8BE585FB-2F2F-4BC6-8848-4165C1C4AA46","honeypotname":"apache-server","time":"Mon Mar  6 11:39:02 UTC 2023","parsedMessage":{"timestamp":"2023-03-06 11:38:33+00:00","message_type":"http-access","correlation_id":null,"level":"WARNING","message":"185.56.80.40 - - \"GET /.env HTTP/1.1\" 404 435 \"-\" \"Mozilla/5.0 zgrab/0.x\"","ip":"185.56.80.40"},"id":"4624df09-21d2-4bbc-b029-50a0ed2570ef","EventProcessedUtcTime":"2023-03-06T11:39:02.4335385Z","PartitionId":0,"EventEnqueuedUtcTime":"2023-03-06T11:39:02.3000000Z","path":"D495D9BB-0F5F-4945-9B2D-F90CAD90E413/2102ac15-bf5e-456c-ab63-90cb836ed7ad/apache-server/185.56.80.40"}