{"customerid":"D495D9BB-0F5F-4945-9B2D-F90CAD90E413","honeyserverid":"87422976-5cd1-469f-9125-4b1f29054ed5","logkind":"connection","honeypotid":"8BE585FB-2F2F-4BC6-8848-4165C1C4AA46","honeypotname":"apache-server","time":"2023-03-31T19:15:15.729080","parsedMessage":{"timestamp":"2023-03-31 19:15:15.729080","message_type":null,"correlation_id":null,"level":"INFO","message":"connection-log connection from 193.27.13.72:45977 to port 80","ip":"193.27.13.72"},"id":"486af11c-16f6-48be-af7a-c9d8bd097327","EventProcessedUtcTime":"2023-03-31T19:15:16.2144363Z","PartitionId":0,"EventEnqueuedUtcTime":"2023-03-31T19:15:16.0930000Z","path":"D495D9BB-0F5F-4945-9B2D-F90CAD90E413/87422976-5cd1-469f-9125-4b1f29054ed5/apache-server/193.27.13.72"}