{"customerid":"D495D9BB-0F5F-4945-9B2D-F90CAD90E413","honeyserverid":"2102ac15-bf5e-456c-ab63-90cb836ed7ad","logkind":"connection","honeypotid":"8BE585FB-2F2F-4BC6-8848-4165C1C4AA46","honeypotname":"apache-server","time":"2023-02-25T06:14:28.333950","parsedMessage":{"timestamp":"2023-02-25 06:14:28.333950","message_type":null,"correlation_id":null,"level":"INFO","message":"connection-log connection from 198.235.24.8:54973 to port 80","ip":"198.235.24.8"},"id":"4422d38a-fc6d-4fd0-a440-a493d79200cf","EventProcessedUtcTime":"2023-02-25T06:14:28.7922158Z","PartitionId":0,"EventEnqueuedUtcTime":"2023-02-25T06:14:28.5790000Z","path":"D495D9BB-0F5F-4945-9B2D-F90CAD90E413/2102ac15-bf5e-456c-ab63-90cb836ed7ad/apache-server/198.235.24.8"}
{"customerid":"D495D9BB-0F5F-4945-9B2D-F90CAD90E413","honeyserverid":"2102ac15-bf5e-456c-ab63-90cb836ed7ad","logkind":"honeypot","honeypotid":"8BE585FB-2F2F-4BC6-8848-4165C1C4AA46","honeypotname":"apache-server","time":"Sat Feb 25 06:15:01 UTC 2023","parsedMessage":{"timestamp":"2023-02-25 06:14:29+00:00","message_type":"http-access","correlation_id":null,"level":"WARNING","message":"198.235.24.8 - - \"GET / HTTP/1.0\" 200 282 \"-\" \"Expanse, a Palo Alto Networks company, searches across the global IPv4 space multiple times per day to identify customers&#39; presences on the Internet. If you would like to be excluded from our scans, please send IP addresses/domains to: scaninfo@paloaltonetworks.com\"","ip":"198.235.24.8"},"id":"d0202d3c-d126-4ae1-955a-d5f01e35c354","EventProcessedUtcTime":"2023-02-25T06:15:02.1517132Z","PartitionId":0,"EventEnqueuedUtcTime":"2023-02-25T06:15:02.1290000Z","path":"D495D9BB-0F5F-4945-9B2D-F90CAD90E413/2102ac15-bf5e-456c-ab63-90cb836ed7ad/apache-server/198.235.24.8"}