{"customerid":"D495D9BB-0F5F-4945-9B2D-F90CAD90E413","honeyserverid":"87422976-5cd1-469f-9125-4b1f29054ed5","logkind":"honeypot","honeypotid":"8BE585FB-2F2F-4BC6-8848-4165C1C4AA46","honeypotname":"apache-server","time":"Sun Apr  2 01:08:01 UTC 2023","parsedMessage":{"timestamp":"2023-04-02 01:08:00+00:00","message_type":"http-access","correlation_id":null,"level":"WARNING","message":"160.2.21.126 - - \"GET / HTTP/1.1\" 200 86880 \"-\" \"Mozilla/5.0 (Windows NT 10.0; WOW64) AppleWebKit/537.36 (KHTML, like Gecko) Chrome/51.0.2704.103 Safari/537.36\"","ip":"160.2.21.126"},"id":"737e2b43-0b23-4fea-b52c-a247374fcc1e","EventProcessedUtcTime":"2023-04-02T01:08:01.9216919Z","PartitionId":0,"EventEnqueuedUtcTime":"2023-04-02T01:08:01.7360000Z","path":"D495D9BB-0F5F-4945-9B2D-F90CAD90E413/87422976-5cd1-469f-9125-4b1f29054ed5/apache-server/160.2.21.126"}