{"customerid":"D495D9BB-0F5F-4945-9B2D-F90CAD90E413","honeyserverid":"87422976-5cd1-469f-9125-4b1f29054ed5","logkind":"honeypot","honeypotid":"8BE585FB-2F2F-4BC6-8848-4165C1C4AA46","honeypotname":"apache-server","time":"Mon Apr  3 01:30:01 UTC 2023","parsedMessage":{"timestamp":"2023-04-03 01:29:40+00:00","message_type":"http-access","correlation_id":null,"level":"WARNING","message":"107.189.10.254 - - \"POST /wp-comments-post.php HTTP/1.1\" 404 0 \"http://51.11.166.181\" \"Mozilla/5.0 (Macintosh; Intel Mac OS X 10_10_5) AppleWebKit/537.36 (KHTML, like Gecko) Chrome/43.0.2357.130 Safari/537.36\"","ip":"107.189.10.254"},"id":"427aac78-26a1-45f8-929c-1a748d751246","EventProcessedUtcTime":"2023-04-03T01:30:07.1101283Z","PartitionId":0,"EventEnqueuedUtcTime":"2023-04-03T01:30:07.0030000Z","path":"D495D9BB-0F5F-4945-9B2D-F90CAD90E413/87422976-5cd1-469f-9125-4b1f29054ed5/apache-server/107.189.10.254"}
{"customerid":"D495D9BB-0F5F-4945-9B2D-F90CAD90E413","honeyserverid":"87422976-5cd1-469f-9125-4b1f29054ed5","logkind":"honeypot","honeypotid":"8BE585FB-2F2F-4BC6-8848-4165C1C4AA46","honeypotname":"apache-server","time":"Mon Apr  3 01:30:07 UTC 2023","parsedMessage":{"timestamp":"2023-04-03 01:29:40+00:00","message_type":"http-access","correlation_id":null,"level":"WARNING","message":"107.189.10.254 - - \"POST /wp-comments-post.php HTTP/1.1\" 404 983 \"http://51.11.166.181\" \"Mozilla/5.0 (X11; U; Linux x86_64; en-US) AppleWebKit/537.36 (KHTML, like Gecko)  Chrome/30.0.1599.114 Safari/537.36 Puffin/4.5.0IT\"","ip":"107.189.10.254"},"id":"2f7179ea-5a34-4fc8-810d-08b3e2e13d11","EventProcessedUtcTime":"2023-04-03T01:30:07.8755430Z","PartitionId":0,"EventEnqueuedUtcTime":"2023-04-03T01:30:07.6430000Z","path":"D495D9BB-0F5F-4945-9B2D-F90CAD90E413/87422976-5cd1-469f-9125-4b1f29054ed5/apache-server/107.189.10.254"}