{"customerid":"D495D9BB-0F5F-4945-9B2D-F90CAD90E413","honeyserverid":"2102ac15-bf5e-456c-ab63-90cb836ed7ad","logkind":"connection","honeypotid":"8BE585FB-2F2F-4BC6-8848-4165C1C4AA46","honeypotname":"apache-server","time":"2023-03-09T13:33:35.195027","parsedMessage":{"timestamp":"2023-03-09 13:33:35.195027","message_type":null,"correlation_id":null,"level":"INFO","message":"connection-log connection from 193.142.146.214:56962 to port 80","ip":"193.142.146.214"},"id":"8f800075-8066-4c3c-9d62-18e27f534cb8","EventProcessedUtcTime":"2023-03-09T13:33:35.7506274Z","PartitionId":0,"EventEnqueuedUtcTime":"2023-03-09T13:33:35.5140000Z","path":"D495D9BB-0F5F-4945-9B2D-F90CAD90E413/2102ac15-bf5e-456c-ab63-90cb836ed7ad/apache-server/193.142.146.214"}
{"customerid":"D495D9BB-0F5F-4945-9B2D-F90CAD90E413","honeyserverid":"2102ac15-bf5e-456c-ab63-90cb836ed7ad","logkind":"honeypot","honeypotid":"8BE585FB-2F2F-4BC6-8848-4165C1C4AA46","honeypotname":"apache-server","time":"Thu Mar  9 13:34:01 UTC 2023","parsedMessage":{"timestamp":"2023-03-09 13:33:34+00:00","message_type":"http-access","correlation_id":null,"level":"WARNING","message":"193.142.146.214 - - \"GET / HTTP/1.1\" 200 282 \"-\" \"Linux Gnu (cow)\"","ip":"193.142.146.214"},"id":"ed3b4355-8249-441e-9e88-3c7d2a295dc9","EventProcessedUtcTime":"2023-03-09T13:34:02.0017233Z","PartitionId":0,"EventEnqueuedUtcTime":"2023-03-09T13:34:01.8280000Z","path":"D495D9BB-0F5F-4945-9B2D-F90CAD90E413/2102ac15-bf5e-456c-ab63-90cb836ed7ad/apache-server/193.142.146.214"}