{"customerid":"D495D9BB-0F5F-4945-9B2D-F90CAD90E413","honeyserverid":"2102ac15-bf5e-456c-ab63-90cb836ed7ad","logkind":"connection","honeypotid":"8BE585FB-2F2F-4BC6-8848-4165C1C4AA46","honeypotname":"apache-server","time":"2023-02-24T08:15:09.923460","parsedMessage":{"timestamp":"2023-02-24 08:15:09.923460","message_type":null,"correlation_id":null,"level":"INFO","message":"connection-log connection from 198.199.113.122:36464 to port 80","ip":"198.199.113.122"},"id":"d6a1a078-955b-4891-a6f5-b2b56eb35cec","EventProcessedUtcTime":"2023-02-24T08:15:10.5273242Z","PartitionId":0,"EventEnqueuedUtcTime":"2023-02-24T08:15:10.3240000Z","path":"D495D9BB-0F5F-4945-9B2D-F90CAD90E413/2102ac15-bf5e-456c-ab63-90cb836ed7ad/apache-server/198.199.113.122"}
{"customerid":"D495D9BB-0F5F-4945-9B2D-F90CAD90E413","honeyserverid":"2102ac15-bf5e-456c-ab63-90cb836ed7ad","logkind":"honeypot","honeypotid":"8BE585FB-2F2F-4BC6-8848-4165C1C4AA46","honeypotname":"apache-server","time":"Fri Feb 24 08:20:02 UTC 2023","parsedMessage":{"timestamp":"2023-02-24 08:19:12+00:00","message_type":"http-access","correlation_id":null,"level":"WARNING","message":"198.199.113.122 - - \"MGLNDD_51.11.162.74_80\\n\" 400 0 \"-\" \"-\"","ip":"198.199.113.122"},"id":"847f818b-92c3-468f-93df-19d32294bfa2","EventProcessedUtcTime":"2023-02-24T08:20:03.6893036Z","PartitionId":0,"EventEnqueuedUtcTime":"2023-02-24T08:20:03.4950000Z","path":"D495D9BB-0F5F-4945-9B2D-F90CAD90E413/2102ac15-bf5e-456c-ab63-90cb836ed7ad/apache-server/198.199.113.122"}