{"customerid":"D495D9BB-0F5F-4945-9B2D-F90CAD90E413","honeyserverid":"2102ac15-bf5e-456c-ab63-90cb836ed7ad","logkind":"honeypot","honeypotid":"8BE585FB-2F2F-4BC6-8848-4165C1C4AA46","honeypotname":"apache-server","time":"Fri Feb 24 02:22:01 UTC 2023","parsedMessage":{"timestamp":"2023-02-24 02:21:33+00:00","message_type":"http-access","correlation_id":null,"level":"WARNING","message":"198.235.24.132 - - \"GET / HTTP/1.1\" 200 263 \"-\" \"Expanse, a Palo Alto Networks company, searches across the global IPv4 space multiple times per day to identify customers&#39; presences on the Internet. If you would like to be excluded from our scans, please send IP addresses/domains to: scaninfo@paloaltonetworks.com\"","ip":"198.235.24.132"},"id":"972cb991-9c5b-4abb-8f37-32bfa4bd8ef6","EventProcessedUtcTime":"2023-02-24T02:22:02.1200507Z","PartitionId":0,"EventEnqueuedUtcTime":"2023-02-24T02:22:01.9170000Z","path":"D495D9BB-0F5F-4945-9B2D-F90CAD90E413/2102ac15-bf5e-456c-ab63-90cb836ed7ad/apache-server/198.235.24.132"}
{"customerid":"D495D9BB-0F5F-4945-9B2D-F90CAD90E413","honeyserverid":"2102ac15-bf5e-456c-ab63-90cb836ed7ad","logkind":"honeypot","honeypotid":"8BE585FB-2F2F-4BC6-8848-4165C1C4AA46","honeypotname":"apache-server","time":"Fri Feb 24 23:58:02 UTC 2023","parsedMessage":{"timestamp":"2023-02-24 23:57:11+00:00","message_type":"http-access","correlation_id":null,"level":"WARNING","message":"198.235.24.132 - - \"GET / HTTP/1.1\" 200 263 \"-\" \"Expanse, a Palo Alto Networks company, searches across the global IPv4 space multiple times per day to identify customers&#39; presences on the Internet. If you would like to be excluded from our scans, please send IP addresses/domains to: scaninfo@paloaltonetworks.com\"","ip":"198.235.24.132"},"id":"8be485c3-a15f-4947-84d7-962e0a21550f","EventProcessedUtcTime":"2023-02-24T23:58:02.5569701Z","PartitionId":0,"EventEnqueuedUtcTime":"2023-02-24T23:58:02.4410000Z","path":"D495D9BB-0F5F-4945-9B2D-F90CAD90E413/2102ac15-bf5e-456c-ab63-90cb836ed7ad/apache-server/198.235.24.132"}