{"customerid":"D495D9BB-0F5F-4945-9B2D-F90CAD90E413","honeyserverid":"2102ac15-bf5e-456c-ab63-90cb836ed7ad","logkind":"connection","honeypotid":"8BE585FB-2F2F-4BC6-8848-4165C1C4AA46","honeypotname":"apache-server","time":"2023-03-03T06:34:05.061609","parsedMessage":{"timestamp":"2023-03-03 06:34:05.061609","message_type":null,"correlation_id":null,"level":"INFO","message":"connection-log connection from 117.222.1.184:47771 to port 80","ip":"117.222.1.184"},"id":"44d2cf64-31bb-43ae-82f4-3da78c5a79c1","EventProcessedUtcTime":"2023-03-03T06:34:05.5304154Z","PartitionId":0,"EventEnqueuedUtcTime":"2023-03-03T06:34:05.3800000Z","path":"D495D9BB-0F5F-4945-9B2D-F90CAD90E413/2102ac15-bf5e-456c-ab63-90cb836ed7ad/apache-server/117.222.1.184"}
{"customerid":"D495D9BB-0F5F-4945-9B2D-F90CAD90E413","honeyserverid":"2102ac15-bf5e-456c-ab63-90cb836ed7ad","logkind":"honeypot","honeypotid":"8BE585FB-2F2F-4BC6-8848-4165C1C4AA46","honeypotname":"apache-server","time":"Fri Mar  3 06:35:01 UTC 2023","parsedMessage":{"timestamp":"2023-03-03 06:34:04+00:00","message_type":"http-access","correlation_id":null,"level":"WARNING","message":"117.222.1.184 - - \"GET / HTTP/1.1\" 200 263 \"-\" \"Mozilla/5.0 (Windows NT 6.1; WOW64) AppleWebKit/537.36 (KHTML, like Gecko) Chrome/51.0.2704.103 Safari/537.36\"","ip":"117.222.1.184"},"id":"e7ea6c2f-1e5f-4a20-b21e-5308afd373df","EventProcessedUtcTime":"2023-03-03T06:35:02.3271065Z","PartitionId":0,"EventEnqueuedUtcTime":"2023-03-03T06:35:02.0610000Z","path":"D495D9BB-0F5F-4945-9B2D-F90CAD90E413/2102ac15-bf5e-456c-ab63-90cb836ed7ad/apache-server/117.222.1.184"}
{"customerid":"D495D9BB-0F5F-4945-9B2D-F90CAD90E413","honeyserverid":"2102ac15-bf5e-456c-ab63-90cb836ed7ad","logkind":"honeypot","honeypotid":"8BE585FB-2F2F-4BC6-8848-4165C1C4AA46","honeypotname":"apache-server","time":"Fri Mar  3 06:35:01 UTC 2023","parsedMessage":{"timestamp":"2023-03-03 06:34:04+00:00","message_type":"http-access","correlation_id":null,"level":"WARNING","message":"117.222.1.184 - - \"GET / HTTP/1.1\" 200 263 \"-\" \"Mozilla/5.0 (Windows NT 6.1; WOW64) AppleWebKit/537.36 (KHTML, like Gecko) Chrome/51.0.2704.103 Safari/537.36\"","ip":"117.222.1.184"},"id":"e7ea6c2f-1e5f-4a20-b21e-5308afd373df","EventProcessedUtcTime":"2023-03-03T06:35:09.3276088Z","PartitionId":0,"EventEnqueuedUtcTime":"2023-03-03T06:35:09.2480000Z","path":"D495D9BB-0F5F-4945-9B2D-F90CAD90E413/2102ac15-bf5e-456c-ab63-90cb836ed7ad/apache-server/117.222.1.184"}