{"customerid":"D495D9BB-0F5F-4945-9B2D-F90CAD90E413","honeyserverid":"2102ac15-bf5e-456c-ab63-90cb836ed7ad","logkind":"connection","honeypotid":"8BE585FB-2F2F-4BC6-8848-4165C1C4AA46","honeypotname":"apache-server","time":"2023-02-25T20:27:56.885243","parsedMessage":{"timestamp":"2023-02-25 20:27:56.885243","message_type":null,"correlation_id":null,"level":"INFO","message":"connection-log connection from 180.149.125.164:6335 to port 80","ip":"180.149.125.164"},"id":"4324365f-4fbc-4d54-8c2c-2699418a1afc","EventProcessedUtcTime":"2023-02-25T20:27:57.4012539Z","PartitionId":0,"EventEnqueuedUtcTime":"2023-02-25T20:27:57.1640000Z","path":"D495D9BB-0F5F-4945-9B2D-F90CAD90E413/2102ac15-bf5e-456c-ab63-90cb836ed7ad/apache-server/180.149.125.164"}
{"customerid":"D495D9BB-0F5F-4945-9B2D-F90CAD90E413","honeyserverid":"2102ac15-bf5e-456c-ab63-90cb836ed7ad","logkind":"honeypot","honeypotid":"8BE585FB-2F2F-4BC6-8848-4165C1C4AA46","honeypotname":"apache-server","time":"Sat Feb 25 20:28:01 UTC 2023","parsedMessage":{"timestamp":"2023-02-25 20:27:56+00:00","message_type":"http-access","correlation_id":null,"level":"WARNING","message":"180.149.125.164 - - \"GET /c/ HTTP/1.1\" 404 435 \"-\" \"Mozilla/5.0 (Windows NT 5.1; Win64; x64) AppleWebKit/537.36 (KHTML, like Gecko) Chrome/60.0.3112.90 Safari/537.36\"","ip":"180.149.125.164"},"id":"3e517eef-a6cf-4f1b-b993-c3d91b0d7502","EventProcessedUtcTime":"2023-02-25T20:28:02.3232116Z","PartitionId":0,"EventEnqueuedUtcTime":"2023-02-25T20:28:02.1480000Z","path":"D495D9BB-0F5F-4945-9B2D-F90CAD90E413/2102ac15-bf5e-456c-ab63-90cb836ed7ad/apache-server/180.149.125.164"}