{"customerid":"D495D9BB-0F5F-4945-9B2D-F90CAD90E413","honeyserverid":"2102ac15-bf5e-456c-ab63-90cb836ed7ad","logkind":"honeypot","honeypotid":"8BE585FB-2F2F-4BC6-8848-4165C1C4AA46","honeypotname":"apache-server","time":"Fri Mar  3 15:32:02 UTC 2023","parsedMessage":{"timestamp":"2023-03-03 15:31:51+00:00","message_type":"http-access","correlation_id":null,"level":"WARNING","message":"179.61.251.92 - - \"POST /cgi-bin/.%%%%32%%65/.%%%%32%%65/.%%%%32%%65/.%%%%32%%65/.%%%%32%%65/bin/sh HTTP/1.1\" 400 486 \"-\" \"-\"","ip":"179.61.251.92"},"id":"ff2a4824-f2fd-4baa-9e3a-7723a1b1ee4b","EventProcessedUtcTime":"2023-03-03T15:32:02.7972693Z","PartitionId":0,"EventEnqueuedUtcTime":"2023-03-03T15:32:02.6170000Z","path":"D495D9BB-0F5F-4945-9B2D-F90CAD90E413/2102ac15-bf5e-456c-ab63-90cb836ed7ad/apache-server/179.61.251.92"}
{"customerid":"D495D9BB-0F5F-4945-9B2D-F90CAD90E413","honeyserverid":"2102ac15-bf5e-456c-ab63-90cb836ed7ad","logkind":"honeypot","honeypotid":"8BE585FB-2F2F-4BC6-8848-4165C1C4AA46","honeypotname":"apache-server","time":"Sat Mar  4 11:31:02 UTC 2023","parsedMessage":{"timestamp":"2023-03-04 11:30:02+00:00","message_type":"http-access","correlation_id":null,"level":"WARNING","message":"179.61.251.92 - - \"POST /cgi-bin/.%%%%32%%65/.%%%%32%%65/.%%%%32%%65/.%%%%32%%65/.%%%%32%%65/bin/sh HTTP/1.1\" 400 486 \"-\" \"-\"","ip":"179.61.251.92"},"id":"db8f8212-8e5d-4979-8a62-f1a1113a8529","EventProcessedUtcTime":"2023-03-04T11:31:02.5736063Z","PartitionId":0,"EventEnqueuedUtcTime":"2023-03-04T11:31:02.3330000Z","path":"D495D9BB-0F5F-4945-9B2D-F90CAD90E413/2102ac15-bf5e-456c-ab63-90cb836ed7ad/apache-server/179.61.251.92"}
{"customerid":"D495D9BB-0F5F-4945-9B2D-F90CAD90E413","honeyserverid":"2102ac15-bf5e-456c-ab63-90cb836ed7ad","logkind":"connection","honeypotid":"8BE585FB-2F2F-4BC6-8848-4165C1C4AA46","honeypotname":"apache-server","time":"2023-03-04T19:32:31.309675","parsedMessage":{"timestamp":"2023-03-04 19:32:31.309675","message_type":null,"correlation_id":null,"level":"INFO","message":"connection-log connection from 179.61.251.92:45002 to port 80","ip":"179.61.251.92"},"id":"cfa72d91-a583-48fa-8fb3-48aeb0daca41","EventProcessedUtcTime":"2023-03-04T19:32:31.7755611Z","PartitionId":0,"EventEnqueuedUtcTime":"2023-03-04T19:32:31.5690000Z","path":"D495D9BB-0F5F-4945-9B2D-F90CAD90E413/2102ac15-bf5e-456c-ab63-90cb836ed7ad/apache-server/179.61.251.92"}