{"customerid":"D495D9BB-0F5F-4945-9B2D-F90CAD90E413","honeyserverid":"2102ac15-bf5e-456c-ab63-90cb836ed7ad","logkind":"connection","honeypotid":"8BE585FB-2F2F-4BC6-8848-4165C1C4AA46","honeypotname":"apache-server","time":"2023-03-07T21:05:30.654292","parsedMessage":{"timestamp":"2023-03-07 21:05:30.654292","message_type":null,"correlation_id":null,"level":"INFO","message":"connection-log connection from 198.199.102.146:37633 to port 80","ip":"198.199.102.146"},"id":"b5210549-66c1-49ab-ab64-f85ed31b07a0","EventProcessedUtcTime":"2023-03-07T21:05:30.9333216Z","PartitionId":0,"EventEnqueuedUtcTime":"2023-03-07T21:05:30.8490000Z","path":"D495D9BB-0F5F-4945-9B2D-F90CAD90E413/2102ac15-bf5e-456c-ab63-90cb836ed7ad/apache-server/198.199.102.146"}
{"customerid":"D495D9BB-0F5F-4945-9B2D-F90CAD90E413","honeyserverid":"2102ac15-bf5e-456c-ab63-90cb836ed7ad","logkind":"honeypot","honeypotid":"8BE585FB-2F2F-4BC6-8848-4165C1C4AA46","honeypotname":"apache-server","time":"Tue Mar  7 21:10:01 UTC 2023","parsedMessage":{"timestamp":"2023-03-07 21:09:20+00:00","message_type":"http-access","correlation_id":null,"level":"WARNING","message":"198.199.102.146 - - \"MGLNDD_51.11.162.74_80\\n\" 400 0 \"-\" \"-\"","ip":"198.199.102.146"},"id":"aaeee362-cfbf-46fe-b762-3a97f9020c05","EventProcessedUtcTime":"2023-03-07T21:10:05.8271823Z","PartitionId":0,"EventEnqueuedUtcTime":"2023-03-07T21:10:05.6190000Z","path":"D495D9BB-0F5F-4945-9B2D-F90CAD90E413/2102ac15-bf5e-456c-ab63-90cb836ed7ad/apache-server/198.199.102.146"}