{"customerid":"D495D9BB-0F5F-4945-9B2D-F90CAD90E413","honeyserverid":"2102ac15-bf5e-456c-ab63-90cb836ed7ad","logkind":"honeypot","honeypotid":"8BE585FB-2F2F-4BC6-8848-4165C1C4AA46","honeypotname":"apache-server","time":"Fri Mar  3 04:52:01 UTC 2023","parsedMessage":{"timestamp":"2023-03-03 04:51:48+00:00","message_type":"http-access","correlation_id":null,"level":"WARNING","message":"155.133.92.158 - - \"GET / HTTP/1.1\" 200 263 \"-\" \"Mozilla/5.0 (Windows NT 6.1; WOW64) AppleWebKit/537.36 (KHTML, like Gecko) Chrome/51.0.2704.103 Safari/537.36\"","ip":"155.133.92.158"},"id":"81569d7a-a55b-49c2-bda1-fd42b82ed73d","EventProcessedUtcTime":"2023-03-03T04:52:02.1967843Z","PartitionId":0,"EventEnqueuedUtcTime":"2023-03-03T04:52:02.1070000Z","path":"D495D9BB-0F5F-4945-9B2D-F90CAD90E413/2102ac15-bf5e-456c-ab63-90cb836ed7ad/apache-server/155.133.92.158"}