{"customerid":"D495D9BB-0F5F-4945-9B2D-F90CAD90E413","honeyserverid":"2102ac15-bf5e-456c-ab63-90cb836ed7ad","logkind":"connection","honeypotid":"8BE585FB-2F2F-4BC6-8848-4165C1C4AA46","honeypotname":"apache-server","time":"2023-02-23T03:56:59.572030","parsedMessage":{"timestamp":"2023-02-23 03:56:59.572030","message_type":null,"correlation_id":null,"level":"INFO","message":"connection-log connection from 192.241.201.16:39660 to port 80","ip":"192.241.201.16"},"id":"9148f600-eb05-417f-b5db-adcd00895c60","EventProcessedUtcTime":"2023-02-23T03:57:00.0332513Z","PartitionId":0,"EventEnqueuedUtcTime":"2023-02-23T03:56:59.8270000Z","path":"D495D9BB-0F5F-4945-9B2D-F90CAD90E413/2102ac15-bf5e-456c-ab63-90cb836ed7ad/apache-server/192.241.201.16"}