{"customerid":"D495D9BB-0F5F-4945-9B2D-F90CAD90E413","honeyserverid":"2102ac15-bf5e-456c-ab63-90cb836ed7ad","logkind":"connection","honeypotid":"8BE585FB-2F2F-4BC6-8848-4165C1C4AA46","honeypotname":"apache-server","time":"2023-02-28T23:52:40.035822","parsedMessage":{"timestamp":"2023-02-28 23:52:40.035822","message_type":null,"correlation_id":null,"level":"INFO","message":"connection-log connection from 198.235.24.143:54326 to port 80","ip":"198.235.24.143"},"id":"e2ffb75e-c252-4d5e-b7c7-c24a20a86958","EventProcessedUtcTime":"2023-02-28T23:52:40.4889591Z","PartitionId":0,"EventEnqueuedUtcTime":"2023-02-28T23:52:40.3210000Z","path":"D495D9BB-0F5F-4945-9B2D-F90CAD90E413/2102ac15-bf5e-456c-ab63-90cb836ed7ad/apache-server/198.235.24.143"}
{"customerid":"D495D9BB-0F5F-4945-9B2D-F90CAD90E413","honeyserverid":"2102ac15-bf5e-456c-ab63-90cb836ed7ad","logkind":"honeypot","honeypotid":"8BE585FB-2F2F-4BC6-8848-4165C1C4AA46","honeypotname":"apache-server","time":"Tue Feb 28 23:53:01 UTC 2023","parsedMessage":{"timestamp":"2023-02-28 23:52:41+00:00","message_type":"http-access","correlation_id":null,"level":"WARNING","message":"198.235.24.143 - - \"GET / HTTP/1.0\" 200 282 \"-\" \"Expanse, a Palo Alto Networks company, searches across the global IPv4 space multiple times per day to identify customers&#39; presences on the Internet. If you would like to be excluded from our scans, please send IP addresses/domains to: scaninfo@paloaltonetworks.com\"","ip":"198.235.24.143"},"id":"25b5e718-5ac4-4016-93f1-a57a8e063d1b","EventProcessedUtcTime":"2023-02-28T23:53:02.4733322Z","PartitionId":0,"EventEnqueuedUtcTime":"2023-02-28T23:53:02.2960000Z","path":"D495D9BB-0F5F-4945-9B2D-F90CAD90E413/2102ac15-bf5e-456c-ab63-90cb836ed7ad/apache-server/198.235.24.143"}