{"customerid":"D495D9BB-0F5F-4945-9B2D-F90CAD90E413","honeyserverid":"2102ac15-bf5e-456c-ab63-90cb836ed7ad","logkind":"connection","honeypotid":"8BE585FB-2F2F-4BC6-8848-4165C1C4AA46","honeypotname":"apache-server","time":"2023-03-09T09:27:37.197842","parsedMessage":{"timestamp":"2023-03-09 09:27:37.197842","message_type":null,"correlation_id":null,"level":"INFO","message":"connection-log connection from 179.43.177.242:37502 to port 80","ip":"179.43.177.242"},"id":"7432cb6d-c100-47a2-84d3-88c1a523fa56","EventProcessedUtcTime":"2023-03-09T09:27:37.6447681Z","PartitionId":0,"EventEnqueuedUtcTime":"2023-03-09T09:27:37.4710000Z","path":"D495D9BB-0F5F-4945-9B2D-F90CAD90E413/2102ac15-bf5e-456c-ab63-90cb836ed7ad/apache-server/179.43.177.242"}
{"customerid":"D495D9BB-0F5F-4945-9B2D-F90CAD90E413","honeyserverid":"2102ac15-bf5e-456c-ab63-90cb836ed7ad","logkind":"honeypot","honeypotid":"8BE585FB-2F2F-4BC6-8848-4165C1C4AA46","honeypotname":"apache-server","time":"Thu Mar  9 09:28:01 UTC 2023","parsedMessage":{"timestamp":"2023-03-09 09:27:36+00:00","message_type":"http-access","correlation_id":null,"level":"WARNING","message":"179.43.177.242 - - \"GET / HTTP/1.1\" 200 263 \"-\" \"Hello World\"","ip":"179.43.177.242"},"id":"89771341-d317-4152-bc5e-97cca70d4625","EventProcessedUtcTime":"2023-03-09T09:28:02.2547525Z","PartitionId":0,"EventEnqueuedUtcTime":"2023-03-09T09:28:02.1270000Z","path":"D495D9BB-0F5F-4945-9B2D-F90CAD90E413/2102ac15-bf5e-456c-ab63-90cb836ed7ad/apache-server/179.43.177.242"}