{"customerid":"D495D9BB-0F5F-4945-9B2D-F90CAD90E413","honeyserverid":"87422976-5cd1-469f-9125-4b1f29054ed5","logkind":"connection","honeypotid":"8BE585FB-2F2F-4BC6-8848-4165C1C4AA46","honeypotname":"apache-server","time":"2023-04-01T00:23:38.438008","parsedMessage":{"timestamp":"2023-04-01 00:23:38.438008","message_type":null,"correlation_id":null,"level":"INFO","message":"connection-log connection from 139.162.61.24:59585 to port 80","ip":"139.162.61.24"},"id":"8a90688f-63f6-4c81-8f70-0210c68a744b","EventProcessedUtcTime":"2023-04-01T00:23:38.9603429Z","PartitionId":0,"EventEnqueuedUtcTime":"2023-04-01T00:23:38.7170000Z","path":"D495D9BB-0F5F-4945-9B2D-F90CAD90E413/87422976-5cd1-469f-9125-4b1f29054ed5/apache-server/139.162.61.24"}
{"customerid":"D495D9BB-0F5F-4945-9B2D-F90CAD90E413","honeyserverid":"87422976-5cd1-469f-9125-4b1f29054ed5","logkind":"honeypot","honeypotid":"8BE585FB-2F2F-4BC6-8848-4165C1C4AA46","honeypotname":"apache-server","time":"Sat Apr  1 00:24:01 UTC 2023","parsedMessage":{"timestamp":"2023-04-01 00:23:38+00:00","message_type":"http-access","correlation_id":null,"level":"WARNING","message":"139.162.61.24 - - \"POST /boaform/admin/formLogin HTTP/1.1\" 404 492 \"http://51.11.166.181:80/admin/login.asp\" \"Mozilla/5.0 (X11; Ubuntu; Linux x86_64; rv:71.0) Gecko/20100101 Firefox/71.0\"","ip":"139.162.61.24"},"id":"6751da09-f1d1-4ca8-9818-f3c65469e9f9","EventProcessedUtcTime":"2023-04-01T00:24:02.1487835Z","PartitionId":0,"EventEnqueuedUtcTime":"2023-04-01T00:24:02.0470000Z","path":"D495D9BB-0F5F-4945-9B2D-F90CAD90E413/87422976-5cd1-469f-9125-4b1f29054ed5/apache-server/139.162.61.24"}