{"customerid":"D495D9BB-0F5F-4945-9B2D-F90CAD90E413","honeyserverid":"2102ac15-bf5e-456c-ab63-90cb836ed7ad","logkind":"connection","honeypotid":"8BE585FB-2F2F-4BC6-8848-4165C1C4AA46","honeypotname":"apache-server","time":"2023-03-09T11:08:19.072161","parsedMessage":{"timestamp":"2023-03-09 11:08:19.072161","message_type":null,"correlation_id":null,"level":"INFO","message":"connection-log connection from 179.61.251.92:52524 to port 80","ip":"179.61.251.92"},"id":"fadebca4-d43d-478b-a326-370f89700121","EventProcessedUtcTime":"2023-03-09T11:08:19.4508648Z","PartitionId":0,"EventEnqueuedUtcTime":"2023-03-09T11:08:19.2500000Z","path":"D495D9BB-0F5F-4945-9B2D-F90CAD90E413/2102ac15-bf5e-456c-ab63-90cb836ed7ad/apache-server/179.61.251.92"}
{"customerid":"D495D9BB-0F5F-4945-9B2D-F90CAD90E413","honeyserverid":"2102ac15-bf5e-456c-ab63-90cb836ed7ad","logkind":"honeypot","honeypotid":"8BE585FB-2F2F-4BC6-8848-4165C1C4AA46","honeypotname":"apache-server","time":"Thu Mar  9 11:09:02 UTC 2023","parsedMessage":{"timestamp":"2023-03-09 11:08:19+00:00","message_type":"http-access","correlation_id":null,"level":"WARNING","message":"179.61.251.92 - - \"POST /boaform/admin/formLogin HTTP/1.1\" 404 491 \"http://51.11.162.74:80/admin/login.asp\" \"Mozilla/5.0 (X11; Ubuntu; Linux x86_64; rv:71.0) Gecko/20100101 Firefox/71.0\"","ip":"179.61.251.92"},"id":"09215976-9e28-4b17-809e-b86f02dc7054","EventProcessedUtcTime":"2023-03-09T11:09:02.6538650Z","PartitionId":0,"EventEnqueuedUtcTime":"2023-03-09T11:09:02.4400000Z","path":"D495D9BB-0F5F-4945-9B2D-F90CAD90E413/2102ac15-bf5e-456c-ab63-90cb836ed7ad/apache-server/179.61.251.92"}