{"customerid":"D495D9BB-0F5F-4945-9B2D-F90CAD90E413","honeyserverid":"87422976-5cd1-469f-9125-4b1f29054ed5","logkind":"honeypot","honeypotid":"8BE585FB-2F2F-4BC6-8848-4165C1C4AA46","honeypotname":"apache-server","time":"Mon Apr  3 02:34:01 UTC 2023","parsedMessage":{"timestamp":"2023-04-03 02:33:41+00:00","message_type":"http-access","correlation_id":null,"level":"WARNING","message":"45.142.107.249 - - \"POST /boaform/admin/formLogin HTTP/1.1\" 404 492 \"http://51.11.166.181:80/admin/login.asp\" \"Mozilla/5.0 (X11; Ubuntu; Linux x86_64; rv:71.0) Gecko/20100101 Firefox/71.0\"","ip":"45.142.107.249"},"id":"8f7570d4-6b9d-4576-b6ce-126e4d037373","EventProcessedUtcTime":"2023-04-03T02:34:01.8048432Z","PartitionId":0,"EventEnqueuedUtcTime":"2023-04-03T02:34:01.6290000Z","path":"D495D9BB-0F5F-4945-9B2D-F90CAD90E413/87422976-5cd1-469f-9125-4b1f29054ed5/apache-server/45.142.107.249"}