{"customerid":"D495D9BB-0F5F-4945-9B2D-F90CAD90E413","honeyserverid":"2102ac15-bf5e-456c-ab63-90cb836ed7ad","logkind":"connection","honeypotid":"8BE585FB-2F2F-4BC6-8848-4165C1C4AA46","honeypotname":"apache-server","time":"2023-02-25T12:02:53.031752","parsedMessage":{"timestamp":"2023-02-25 12:02:53.031752","message_type":null,"correlation_id":null,"level":"INFO","message":"connection-log connection from 198.199.112.141:41331 to port 80","ip":"198.199.112.141"},"id":"54263414-5a7a-40c2-9ac1-b0636d9a4968","EventProcessedUtcTime":"2023-02-25T12:02:53.4278896Z","PartitionId":0,"EventEnqueuedUtcTime":"2023-02-25T12:02:53.2180000Z","path":"D495D9BB-0F5F-4945-9B2D-F90CAD90E413/2102ac15-bf5e-456c-ab63-90cb836ed7ad/apache-server/198.199.112.141"}