{"customerid":"D495D9BB-0F5F-4945-9B2D-F90CAD90E413","honeyserverid":"2102ac15-bf5e-456c-ab63-90cb836ed7ad","logkind":"connection","honeypotid":"8BE585FB-2F2F-4BC6-8848-4165C1C4AA46","honeypotname":"apache-server","time":"2023-03-02T19:47:49.758416","parsedMessage":{"timestamp":"2023-03-02 19:47:49.758416","message_type":null,"correlation_id":null,"level":"INFO","message":"connection-log connection from 205.210.31.3:51464 to port 80","ip":"205.210.31.3"},"id":"106776c7-ebb7-4df0-ad65-ea5c330fd832","EventProcessedUtcTime":"2023-03-02T19:47:50.2434611Z","PartitionId":0,"EventEnqueuedUtcTime":"2023-03-02T19:47:50.0380000Z","path":"D495D9BB-0F5F-4945-9B2D-F90CAD90E413/2102ac15-bf5e-456c-ab63-90cb836ed7ad/apache-server/205.210.31.3"}
{"customerid":"D495D9BB-0F5F-4945-9B2D-F90CAD90E413","honeyserverid":"2102ac15-bf5e-456c-ab63-90cb836ed7ad","logkind":"honeypot","honeypotid":"8BE585FB-2F2F-4BC6-8848-4165C1C4AA46","honeypotname":"apache-server","time":"Thu Mar  2 19:48:01 UTC 2023","parsedMessage":{"timestamp":"2023-03-02 19:47:51+00:00","message_type":"http-access","correlation_id":null,"level":"WARNING","message":"205.210.31.3 - - \"GET / HTTP/1.0\" 200 282 \"-\" \"Expanse, a Palo Alto Networks company, searches across the global IPv4 space multiple times per day to identify customers&#39; presences on the Internet. If you would like to be excluded from our scans, please send IP addresses/domains to: scaninfo@paloaltonetworks.com\"","ip":"205.210.31.3"},"id":"9b5e1d89-1103-4f60-aa04-330126157c72","EventProcessedUtcTime":"2023-03-02T19:48:02.0720978Z","PartitionId":0,"EventEnqueuedUtcTime":"2023-03-02T19:48:02.0230000Z","path":"D495D9BB-0F5F-4945-9B2D-F90CAD90E413/2102ac15-bf5e-456c-ab63-90cb836ed7ad/apache-server/205.210.31.3"}