{"customerid":"D495D9BB-0F5F-4945-9B2D-F90CAD90E413","honeyserverid":"2102ac15-bf5e-456c-ab63-90cb836ed7ad","logkind":"connection","honeypotid":"8BE585FB-2F2F-4BC6-8848-4165C1C4AA46","honeypotname":"apache-server","time":"2023-02-25T00:24:21.634890","parsedMessage":{"timestamp":"2023-02-25 00:24:21.634890","message_type":null,"correlation_id":null,"level":"INFO","message":"connection-log connection from 173.82.67.134:39831 to port 80","ip":"173.82.67.134"},"id":"aaa3b96a-c79a-4f82-b1f4-e7c34a8714bf","EventProcessedUtcTime":"2023-02-25T00:24:22.0403913Z","PartitionId":0,"EventEnqueuedUtcTime":"2023-02-25T00:24:21.8210000Z","path":"D495D9BB-0F5F-4945-9B2D-F90CAD90E413/2102ac15-bf5e-456c-ab63-90cb836ed7ad/apache-server/173.82.67.134"}