{"customerid":"D495D9BB-0F5F-4945-9B2D-F90CAD90E413","honeyserverid":"2102ac15-bf5e-456c-ab63-90cb836ed7ad","logkind":"connection","honeypotid":"8BE585FB-2F2F-4BC6-8848-4165C1C4AA46","honeypotname":"apache-server","time":"2023-02-24T11:44:44.794525","parsedMessage":{"timestamp":"2023-02-24 11:44:44.794525","message_type":null,"correlation_id":null,"level":"INFO","message":"connection-log connection from 180.149.125.213:36563 to port 80","ip":"180.149.125.213"},"id":"dd83bbca-f168-48cb-8c50-705902aca70c","EventProcessedUtcTime":"2023-02-24T11:44:45.2439721Z","PartitionId":0,"EventEnqueuedUtcTime":"2023-02-24T11:44:45.1570000Z","path":"D495D9BB-0F5F-4945-9B2D-F90CAD90E413/2102ac15-bf5e-456c-ab63-90cb836ed7ad/apache-server/180.149.125.213"}