{"customerid":"D495D9BB-0F5F-4945-9B2D-F90CAD90E413","honeyserverid":"2102ac15-bf5e-456c-ab63-90cb836ed7ad","logkind":"connection","honeypotid":"8BE585FB-2F2F-4BC6-8848-4165C1C4AA46","honeypotname":"apache-server","time":"2023-02-26T01:04:27.776415","parsedMessage":{"timestamp":"2023-02-26 01:04:27.776415","message_type":null,"correlation_id":null,"level":"INFO","message":"connection-log connection from 172.174.221.90:48096 to port 80","ip":"172.174.221.90"},"id":"2491d265-3830-4f13-8394-d0b918e7a338","EventProcessedUtcTime":"2023-02-26T01:04:28.2524052Z","PartitionId":0,"EventEnqueuedUtcTime":"2023-02-26T01:04:28.0270000Z","path":"D495D9BB-0F5F-4945-9B2D-F90CAD90E413/2102ac15-bf5e-456c-ab63-90cb836ed7ad/apache-server/172.174.221.90"}