{"customerid":"D495D9BB-0F5F-4945-9B2D-F90CAD90E413","honeyserverid":"2102ac15-bf5e-456c-ab63-90cb836ed7ad","logkind":"connection","honeypotid":"8BE585FB-2F2F-4BC6-8848-4165C1C4AA46","honeypotname":"apache-server","time":"2023-03-08T09:10:56.771377","parsedMessage":{"timestamp":"2023-03-08 09:10:56.771377","message_type":null,"correlation_id":null,"level":"INFO","message":"connection-log connection from 192.210.206.189:47702 to port 80","ip":"192.210.206.189"},"id":"bd364324-04da-420d-9d2c-5da4df2e18a9","EventProcessedUtcTime":"2023-03-08T09:10:57.2027961Z","PartitionId":0,"EventEnqueuedUtcTime":"2023-03-08T09:10:56.9780000Z","path":"D495D9BB-0F5F-4945-9B2D-F90CAD90E413/2102ac15-bf5e-456c-ab63-90cb836ed7ad/apache-server/192.210.206.189"}