{"customerid":"D495D9BB-0F5F-4945-9B2D-F90CAD90E413","honeyserverid":"2102ac15-bf5e-456c-ab63-90cb836ed7ad","logkind":"connection","honeypotid":"8BE585FB-2F2F-4BC6-8848-4165C1C4AA46","honeypotname":"apache-server","time":"2023-02-27T01:10:34.936542","parsedMessage":{"timestamp":"2023-02-27 01:10:34.936542","message_type":null,"correlation_id":null,"level":"INFO","message":"connection-log connection from 205.210.31.144:55991 to port 80","ip":"205.210.31.144"},"id":"a96dff7c-50aa-411b-9d1c-f547a9fb834b","EventProcessedUtcTime":"2023-02-27T01:10:35.3438145Z","PartitionId":0,"EventEnqueuedUtcTime":"2023-02-27T01:10:35.1480000Z","path":"D495D9BB-0F5F-4945-9B2D-F90CAD90E413/2102ac15-bf5e-456c-ab63-90cb836ed7ad/apache-server/205.210.31.144"}
{"customerid":"D495D9BB-0F5F-4945-9B2D-F90CAD90E413","honeyserverid":"2102ac15-bf5e-456c-ab63-90cb836ed7ad","logkind":"honeypot","honeypotid":"8BE585FB-2F2F-4BC6-8848-4165C1C4AA46","honeypotname":"apache-server","time":"Mon Feb 27 01:11:01 UTC 2023","parsedMessage":{"timestamp":"2023-02-27 01:10:36+00:00","message_type":"http-access","correlation_id":null,"level":"WARNING","message":"205.210.31.144 - - \"GET / HTTP/1.0\" 200 282 \"-\" \"Expanse, a Palo Alto Networks company, searches across the global IPv4 space multiple times per day to identify customers&#39; presences on the Internet. If you would like to be excluded from our scans, please send IP addresses/domains to: scaninfo@paloaltonetworks.com\"","ip":"205.210.31.144"},"id":"90936d08-9b02-4531-9ef2-f00c05c31717","EventProcessedUtcTime":"2023-02-27T01:11:02.2656154Z","PartitionId":0,"EventEnqueuedUtcTime":"2023-02-27T01:11:02.1070000Z","path":"D495D9BB-0F5F-4945-9B2D-F90CAD90E413/2102ac15-bf5e-456c-ab63-90cb836ed7ad/apache-server/205.210.31.144"}