{"customerid":"D495D9BB-0F5F-4945-9B2D-F90CAD90E413","honeyserverid":"2102ac15-bf5e-456c-ab63-90cb836ed7ad","logkind":"connection","honeypotid":"8BE585FB-2F2F-4BC6-8848-4165C1C4AA46","honeypotname":"apache-server","time":"2023-03-05T04:01:45.876338","parsedMessage":{"timestamp":"2023-03-05 04:01:45.876338","message_type":null,"correlation_id":null,"level":"INFO","message":"connection-log connection from 168.232.13.50:60801 to port 80","ip":"168.232.13.50"},"id":"b4248752-3cea-4e36-ae04-3da1bbd71d1b","EventProcessedUtcTime":"2023-03-05T04:01:46.3399065Z","PartitionId":0,"EventEnqueuedUtcTime":"2023-03-05T04:01:46.1640000Z","path":"D495D9BB-0F5F-4945-9B2D-F90CAD90E413/2102ac15-bf5e-456c-ab63-90cb836ed7ad/apache-server/168.232.13.50"}
{"customerid":"D495D9BB-0F5F-4945-9B2D-F90CAD90E413","honeyserverid":"2102ac15-bf5e-456c-ab63-90cb836ed7ad","logkind":"honeypot","honeypotid":"8BE585FB-2F2F-4BC6-8848-4165C1C4AA46","honeypotname":"apache-server","time":"Sun Mar  5 04:02:01 UTC 2023","parsedMessage":{"timestamp":"2023-03-05 04:01:45+00:00","message_type":"http-access","correlation_id":null,"level":"WARNING","message":"168.232.13.50 - - \"GET / HTTP/1.1\" 200 263 \"-\" \"Mozilla/5.0 (Windows NT 10.0; WOW64) AppleWebKit/537.36 (KHTML, like Gecko) Chrome/52.0.2743.116 Safari/537.36\"","ip":"168.232.13.50"},"id":"5fbcdf7c-74c5-4583-aea4-d3836d2a2541","EventProcessedUtcTime":"2023-03-05T04:02:01.7625799Z","PartitionId":0,"EventEnqueuedUtcTime":"2023-03-05T04:02:01.6650000Z","path":"D495D9BB-0F5F-4945-9B2D-F90CAD90E413/2102ac15-bf5e-456c-ab63-90cb836ed7ad/apache-server/168.232.13.50"}