{"customerid":"D495D9BB-0F5F-4945-9B2D-F90CAD90E413","honeyserverid":"87422976-5cd1-469f-9125-4b1f29054ed5","logkind":"connection","honeypotid":"8BE585FB-2F2F-4BC6-8848-4165C1C4AA46","honeypotname":"apache-server","time":"2023-04-01T02:15:48.842677","parsedMessage":{"timestamp":"2023-04-01 02:15:48.842677","message_type":null,"correlation_id":null,"level":"INFO","message":"connection-log connection from 205.210.31.152:55887 to port 80","ip":"205.210.31.152"},"id":"1c853acd-09b9-47cf-925b-dff66141842d","EventProcessedUtcTime":"2023-04-01T02:15:51.4868037Z","PartitionId":0,"EventEnqueuedUtcTime":"2023-04-01T02:15:51.2800000Z","path":"D495D9BB-0F5F-4945-9B2D-F90CAD90E413/87422976-5cd1-469f-9125-4b1f29054ed5/apache-server/205.210.31.152"}
{"customerid":"D495D9BB-0F5F-4945-9B2D-F90CAD90E413","honeyserverid":"87422976-5cd1-469f-9125-4b1f29054ed5","logkind":"honeypot","honeypotid":"8BE585FB-2F2F-4BC6-8848-4165C1C4AA46","honeypotname":"apache-server","time":"Sat Apr  1 02:17:01 UTC 2023","parsedMessage":{"timestamp":"2023-04-01 02:15:50+00:00","message_type":"http-access","correlation_id":null,"level":"WARNING","message":"205.210.31.152 - - \"GET / HTTP/1.0\" 200 157800 \"-\" \"Expanse, a Palo Alto Networks company, searches across the global IPv4 space multiple times per day to identify customers&#39; presences on the Internet. If you would like to be excluded from our scans, please send IP addresses/domains to: scaninfo@paloaltonetworks.com\"","ip":"205.210.31.152"},"id":"3a75838c-3eb9-4cf7-92fe-6c8f4554d649","EventProcessedUtcTime":"2023-04-01T02:17:04.8787823Z","PartitionId":0,"EventEnqueuedUtcTime":"2023-04-01T02:17:04.8460000Z","path":"D495D9BB-0F5F-4945-9B2D-F90CAD90E413/87422976-5cd1-469f-9125-4b1f29054ed5/apache-server/205.210.31.152"}