{"customerid":"D495D9BB-0F5F-4945-9B2D-F90CAD90E413","honeyserverid":"2102ac15-bf5e-456c-ab63-90cb836ed7ad","logkind":"connection","honeypotid":"8BE585FB-2F2F-4BC6-8848-4165C1C4AA46","honeypotname":"apache-server","time":"2023-03-08T19:33:21.165250","parsedMessage":{"timestamp":"2023-03-08 19:33:21.165250","message_type":null,"correlation_id":null,"level":"INFO","message":"connection-log connection from 198.235.24.156:56789 to port 80","ip":"198.235.24.156"},"id":"bab727b0-93b1-4682-83e8-d8690a2ec813","EventProcessedUtcTime":"2023-03-08T19:33:21.5235514Z","PartitionId":0,"EventEnqueuedUtcTime":"2023-03-08T19:33:21.3770000Z","path":"D495D9BB-0F5F-4945-9B2D-F90CAD90E413/2102ac15-bf5e-456c-ab63-90cb836ed7ad/apache-server/198.235.24.156"}
{"customerid":"D495D9BB-0F5F-4945-9B2D-F90CAD90E413","honeyserverid":"2102ac15-bf5e-456c-ab63-90cb836ed7ad","logkind":"honeypot","honeypotid":"8BE585FB-2F2F-4BC6-8848-4165C1C4AA46","honeypotname":"apache-server","time":"Wed Mar  8 19:34:01 UTC 2023","parsedMessage":{"timestamp":"2023-03-08 19:33:23+00:00","message_type":"http-access","correlation_id":null,"level":"WARNING","message":"198.235.24.156 - - \"GET / HTTP/1.0\" 200 282 \"-\" \"Expanse, a Palo Alto Networks company, searches across the global IPv4 space multiple times per day to identify customers&#39; presences on the Internet. If you would like to be excluded from our scans, please send IP addresses/domains to: scaninfo@paloaltonetworks.com\"","ip":"198.235.24.156"},"id":"bfc66e99-0f4f-42ba-a027-a50f8bca0549","EventProcessedUtcTime":"2023-03-08T19:34:01.8831058Z","PartitionId":0,"EventEnqueuedUtcTime":"2023-03-08T19:34:01.6480000Z","path":"D495D9BB-0F5F-4945-9B2D-F90CAD90E413/2102ac15-bf5e-456c-ab63-90cb836ed7ad/apache-server/198.235.24.156"}