{"customerid":"D495D9BB-0F5F-4945-9B2D-F90CAD90E413","honeyserverid":"87422976-5cd1-469f-9125-4b1f29054ed5","logkind":"connection","honeypotid":"8BE585FB-2F2F-4BC6-8848-4165C1C4AA46","honeypotname":"apache-server","time":"2023-04-02T04:55:54.852798","parsedMessage":{"timestamp":"2023-04-02 04:55:54.852798","message_type":null,"correlation_id":null,"level":"INFO","message":"connection-log connection from 198.235.24.25:52979 to port 80","ip":"198.235.24.25"},"id":"e093579a-2bc9-4dd6-8a4b-2850aa8ce09d","EventProcessedUtcTime":"2023-04-02T04:55:55.2005568Z","PartitionId":0,"EventEnqueuedUtcTime":"2023-04-02T04:55:55.0870000Z","path":"D495D9BB-0F5F-4945-9B2D-F90CAD90E413/87422976-5cd1-469f-9125-4b1f29054ed5/apache-server/198.235.24.25"}
{"customerid":"D495D9BB-0F5F-4945-9B2D-F90CAD90E413","honeyserverid":"87422976-5cd1-469f-9125-4b1f29054ed5","logkind":"honeypot","honeypotid":"8BE585FB-2F2F-4BC6-8848-4165C1C4AA46","honeypotname":"apache-server","time":"Sun Apr  2 04:57:01 UTC 2023","parsedMessage":{"timestamp":"2023-04-02 04:55:56+00:00","message_type":"http-access","correlation_id":null,"level":"WARNING","message":"198.235.24.25 - - \"GET / HTTP/1.0\" 200 125400 \"-\" \"Expanse, a Palo Alto Networks company, searches across the global IPv4 space multiple times per day to identify customers&#39; presences on the Internet. If you would like to be excluded from our scans, please send IP addresses/domains to: scaninfo@paloaltonetworks.com\"","ip":"198.235.24.25"},"id":"66780154-4a58-4b58-b0fa-a25094680563","EventProcessedUtcTime":"2023-04-02T04:57:02.1433443Z","PartitionId":0,"EventEnqueuedUtcTime":"2023-04-02T04:57:01.9550000Z","path":"D495D9BB-0F5F-4945-9B2D-F90CAD90E413/87422976-5cd1-469f-9125-4b1f29054ed5/apache-server/198.235.24.25"}