{"customerid":"D495D9BB-0F5F-4945-9B2D-F90CAD90E413","honeyserverid":"2102ac15-bf5e-456c-ab63-90cb836ed7ad","logkind":"connection","honeypotid":"8BE585FB-2F2F-4BC6-8848-4165C1C4AA46","honeypotname":"apache-server","time":"2023-02-26T03:56:22.645712","parsedMessage":{"timestamp":"2023-02-26 03:56:22.645712","message_type":null,"correlation_id":null,"level":"INFO","message":"connection-log connection from 162.243.148.16:39041 to port 80","ip":"162.243.148.16"},"id":"29f03f21-d206-427a-87cd-8c8cf1638941","EventProcessedUtcTime":"2023-02-26T03:56:23.1624200Z","PartitionId":0,"EventEnqueuedUtcTime":"2023-02-26T03:56:22.9380000Z","path":"D495D9BB-0F5F-4945-9B2D-F90CAD90E413/2102ac15-bf5e-456c-ab63-90cb836ed7ad/apache-server/162.243.148.16"}
{"customerid":"D495D9BB-0F5F-4945-9B2D-F90CAD90E413","honeyserverid":"2102ac15-bf5e-456c-ab63-90cb836ed7ad","logkind":"connection","honeypotid":"8BE585FB-2F2F-4BC6-8848-4165C1C4AA46","honeypotname":"apache-server","time":"2023-02-26T04:01:00.345013","parsedMessage":{"timestamp":"2023-02-26 04:01:00.345013","message_type":null,"correlation_id":null,"level":"INFO","message":"connection-log connection from 162.243.148.16:55164 to port 80","ip":"162.243.148.16"},"id":"3aaf532e-18e1-4bab-b6a2-677766346f51","EventProcessedUtcTime":"2023-02-26T04:01:00.6619346Z","PartitionId":0,"EventEnqueuedUtcTime":"2023-02-26T04:01:00.5680000Z","path":"D495D9BB-0F5F-4945-9B2D-F90CAD90E413/2102ac15-bf5e-456c-ab63-90cb836ed7ad/apache-server/162.243.148.16"}
{"customerid":"D495D9BB-0F5F-4945-9B2D-F90CAD90E413","honeyserverid":"2102ac15-bf5e-456c-ab63-90cb836ed7ad","logkind":"honeypot","honeypotid":"8BE585FB-2F2F-4BC6-8848-4165C1C4AA46","honeypotname":"apache-server","time":"Sun Feb 26 04:01:01 UTC 2023","parsedMessage":{"timestamp":"2023-02-26 04:01:00+00:00","message_type":"http-access","correlation_id":null,"level":"WARNING","message":"162.243.148.16 - - \"GET /hudson HTTP/1.1\" 404 435 \"-\" \"Mozilla/5.0 zgrab/0.x\"","ip":"162.243.148.16"},"id":"5fc93d4f-2f44-4005-b280-bd97cabcacf1","EventProcessedUtcTime":"2023-02-26T04:01:02.3020236Z","PartitionId":0,"EventEnqueuedUtcTime":"2023-02-26T04:01:02.0680000Z","path":"D495D9BB-0F5F-4945-9B2D-F90CAD90E413/2102ac15-bf5e-456c-ab63-90cb836ed7ad/apache-server/162.243.148.16"}