{"customerid":"D495D9BB-0F5F-4945-9B2D-F90CAD90E413","honeyserverid":"87422976-5cd1-469f-9125-4b1f29054ed5","logkind":"connection","honeypotid":"8BE585FB-2F2F-4BC6-8848-4165C1C4AA46","honeypotname":"apache-server","time":"2023-04-01T18:18:58.054478","parsedMessage":{"timestamp":"2023-04-01 18:18:58.054478","message_type":null,"correlation_id":null,"level":"INFO","message":"connection-log connection from 2.189.220.2:4860 to port 80","ip":"2.189.220.2"},"id":"911befde-38c2-4d23-9996-edc42d4be180","EventProcessedUtcTime":"2023-04-01T18:18:58.4524914Z","PartitionId":0,"EventEnqueuedUtcTime":"2023-04-01T18:18:58.2680000Z","path":"D495D9BB-0F5F-4945-9B2D-F90CAD90E413/87422976-5cd1-469f-9125-4b1f29054ed5/apache-server/2.189.220.2"}
{"customerid":"D495D9BB-0F5F-4945-9B2D-F90CAD90E413","honeyserverid":"87422976-5cd1-469f-9125-4b1f29054ed5","logkind":"honeypot","honeypotid":"8BE585FB-2F2F-4BC6-8848-4165C1C4AA46","honeypotname":"apache-server","time":"Sat Apr  1 18:19:01 UTC 2023","parsedMessage":{"timestamp":"2023-04-01 18:18:58+00:00","message_type":"http-access","correlation_id":null,"level":"WARNING","message":"2.189.220.2 - - \"GET / HTTP/1.1\" 200 165895 \"-\" \"Mozilla/5.0 (Windows NT 10.0; WOW64) AppleWebKit/537.36 (KHTML, like Gecko) Chrome/51.0.2704.103 Safari/537.36\"","ip":"2.189.220.2"},"id":"37318e2a-6503-4541-9251-368efc6ed456","EventProcessedUtcTime":"2023-04-01T18:19:01.9530152Z","PartitionId":0,"EventEnqueuedUtcTime":"2023-04-01T18:19:01.9240000Z","path":"D495D9BB-0F5F-4945-9B2D-F90CAD90E413/87422976-5cd1-469f-9125-4b1f29054ed5/apache-server/2.189.220.2"}