{"customerid":"D495D9BB-0F5F-4945-9B2D-F90CAD90E413","honeyserverid":"87422976-5cd1-469f-9125-4b1f29054ed5","logkind":"connection","honeypotid":"8BE585FB-2F2F-4BC6-8848-4165C1C4AA46","honeypotname":"apache-server","time":"2023-03-31T19:13:23.276275","parsedMessage":{"timestamp":"2023-03-31 19:13:23.276275","message_type":null,"correlation_id":null,"level":"INFO","message":"connection-log connection from 205.210.31.145:54534 to port 80","ip":"205.210.31.145"},"id":"fd46e681-0990-4242-9e25-6ef0948de08f","EventProcessedUtcTime":"2023-03-31T19:13:23.6493529Z","PartitionId":0,"EventEnqueuedUtcTime":"2023-03-31T19:13:23.4750000Z","path":"D495D9BB-0F5F-4945-9B2D-F90CAD90E413/87422976-5cd1-469f-9125-4b1f29054ed5/apache-server/205.210.31.145"}
{"customerid":"D495D9BB-0F5F-4945-9B2D-F90CAD90E413","honeyserverid":"87422976-5cd1-469f-9125-4b1f29054ed5","logkind":"honeypot","honeypotid":"8BE585FB-2F2F-4BC6-8848-4165C1C4AA46","honeypotname":"apache-server","time":"Fri Mar 31 19:14:02 UTC 2023","parsedMessage":{"timestamp":"2023-03-31 19:13:24+00:00","message_type":"http-access","correlation_id":null,"level":"WARNING","message":"205.210.31.145 - - \"GET / HTTP/1.0\" 200 157800 \"-\" \"Expanse, a Palo Alto Networks company, searches across the global IPv4 space multiple times per day to identify customers&#39; presences on the Internet. If you would like to be excluded from our scans, please send IP addresses/domains to: scaninfo@paloaltonetworks.com\"","ip":"205.210.31.145"},"id":"080ca875-902c-416b-a11c-4002dae8ad38","EventProcessedUtcTime":"2023-03-31T19:14:02.5873446Z","PartitionId":0,"EventEnqueuedUtcTime":"2023-03-31T19:14:02.3680000Z","path":"D495D9BB-0F5F-4945-9B2D-F90CAD90E413/87422976-5cd1-469f-9125-4b1f29054ed5/apache-server/205.210.31.145"}