{"customerid":"D495D9BB-0F5F-4945-9B2D-F90CAD90E413","honeyserverid":"2102ac15-bf5e-456c-ab63-90cb836ed7ad","logkind":"connection","honeypotid":"8BE585FB-2F2F-4BC6-8848-4165C1C4AA46","honeypotname":"apache-server","time":"2023-02-22T19:38:01.214028","parsedMessage":{"timestamp":"2023-02-22 19:38:01.214028","message_type":null,"correlation_id":null,"level":"INFO","message":"connection-log connection from 205.210.31.16:62814 to port 80","ip":"205.210.31.16"},"id":"51dbb7ea-5629-404b-9793-144729cccb01","EventProcessedUtcTime":"2023-02-22T19:38:01.6055090Z","PartitionId":0,"EventEnqueuedUtcTime":"2023-02-22T19:38:01.4210000Z","path":"D495D9BB-0F5F-4945-9B2D-F90CAD90E413/2102ac15-bf5e-456c-ab63-90cb836ed7ad/apache-server/205.210.31.16"}
{"customerid":"D495D9BB-0F5F-4945-9B2D-F90CAD90E413","honeyserverid":"2102ac15-bf5e-456c-ab63-90cb836ed7ad","logkind":"honeypot","honeypotid":"8BE585FB-2F2F-4BC6-8848-4165C1C4AA46","honeypotname":"apache-server","time":"Wed Feb 22 19:38:01 UTC 2023","parsedMessage":{"timestamp":"2023-02-22 19:38:01+00:00","message_type":"http-access","correlation_id":null,"level":"WARNING","message":"205.210.31.16 - - \"\\x16\\x03\\x01\" 400 0 \"-\" \"-\"","ip":"205.210.31.16"},"id":"9e465bf1-4041-411f-bffa-ac66cc09638c","EventProcessedUtcTime":"2023-02-22T19:38:02.2658848Z","PartitionId":0,"EventEnqueuedUtcTime":"2023-02-22T19:38:02.1400000Z","path":"D495D9BB-0F5F-4945-9B2D-F90CAD90E413/2102ac15-bf5e-456c-ab63-90cb836ed7ad/apache-server/205.210.31.16"}