{"customerid":"D495D9BB-0F5F-4945-9B2D-F90CAD90E413","honeyserverid":"2102ac15-bf5e-456c-ab63-90cb836ed7ad","logkind":"connection","honeypotid":"8BE585FB-2F2F-4BC6-8848-4165C1C4AA46","honeypotname":"apache-server","time":"2023-03-03T03:24:27.431236","parsedMessage":{"timestamp":"2023-03-03 03:24:27.431236","message_type":null,"correlation_id":null,"level":"INFO","message":"connection-log connection from 113.131.183.17:10947 to port 80","ip":"113.131.183.17"},"id":"08dd4efb-484c-470d-bd8d-495ad9c4f469","EventProcessedUtcTime":"2023-03-03T03:24:27.9043049Z","PartitionId":0,"EventEnqueuedUtcTime":"2023-03-03T03:24:27.6820000Z","path":"D495D9BB-0F5F-4945-9B2D-F90CAD90E413/2102ac15-bf5e-456c-ab63-90cb836ed7ad/apache-server/113.131.183.17"}