{"customerid":"D495D9BB-0F5F-4945-9B2D-F90CAD90E413","honeyserverid":"2102ac15-bf5e-456c-ab63-90cb836ed7ad","logkind":"connection","honeypotid":"8BE585FB-2F2F-4BC6-8848-4165C1C4AA46","honeypotname":"apache-server","time":"2023-02-24T03:32:18.475086","parsedMessage":{"timestamp":"2023-02-24 03:32:18.475086","message_type":null,"correlation_id":null,"level":"INFO","message":"connection-log connection from 162.216.241.146:10446 to port 80","ip":"162.216.241.146"},"id":"902354d5-4c55-420d-a62e-836578f7a333","EventProcessedUtcTime":"2023-02-24T03:32:18.8747864Z","PartitionId":0,"EventEnqueuedUtcTime":"2023-02-24T03:32:18.7580000Z","path":"D495D9BB-0F5F-4945-9B2D-F90CAD90E413/2102ac15-bf5e-456c-ab63-90cb836ed7ad/apache-server/162.216.241.146"}