{"customerid":"D495D9BB-0F5F-4945-9B2D-F90CAD90E413","honeyserverid":"2102ac15-bf5e-456c-ab63-90cb836ed7ad","logkind":"connection","honeypotid":"8BE585FB-2F2F-4BC6-8848-4165C1C4AA46","honeypotname":"apache-server","time":"2023-02-26T13:18:58.121246","parsedMessage":{"timestamp":"2023-02-26 13:18:58.121246","message_type":null,"correlation_id":null,"level":"INFO","message":"connection-log connection from 195.19.123.94:17530 to port 80","ip":"195.19.123.94"},"id":"001fc57b-adc8-475f-8a4b-6f3a5b5af648","EventProcessedUtcTime":"2023-02-26T13:18:59.1227709Z","PartitionId":0,"EventEnqueuedUtcTime":"2023-02-26T13:18:58.9340000Z","path":"D495D9BB-0F5F-4945-9B2D-F90CAD90E413/2102ac15-bf5e-456c-ab63-90cb836ed7ad/apache-server/195.19.123.94"}
{"customerid":"D495D9BB-0F5F-4945-9B2D-F90CAD90E413","honeyserverid":"2102ac15-bf5e-456c-ab63-90cb836ed7ad","logkind":"honeypot","honeypotid":"8BE585FB-2F2F-4BC6-8848-4165C1C4AA46","honeypotname":"apache-server","time":"Sun Feb 26 13:19:01 UTC 2023","parsedMessage":{"timestamp":"2023-02-26 13:18:58+00:00","message_type":"http-access","correlation_id":null,"level":"WARNING","message":"195.19.123.94 - - \"GET / HTTP/1.1\" 200 263 \"-\" \"Mozilla/5.0 (Windows NT 6.1; WOW64) AppleWebKit/537.36 (KHTML, like Gecko) Chrome/52.0.2743.116 Safari/537.36\"","ip":"195.19.123.94"},"id":"46339519-fdf7-49fb-b3f7-46a38f87a57d","EventProcessedUtcTime":"2023-02-26T13:19:02.0757760Z","PartitionId":0,"EventEnqueuedUtcTime":"2023-02-26T13:19:01.9490000Z","path":"D495D9BB-0F5F-4945-9B2D-F90CAD90E413/2102ac15-bf5e-456c-ab63-90cb836ed7ad/apache-server/195.19.123.94"}