{"customerid":"D495D9BB-0F5F-4945-9B2D-F90CAD90E413","honeyserverid":"2102ac15-bf5e-456c-ab63-90cb836ed7ad","logkind":"connection","honeypotid":"8BE585FB-2F2F-4BC6-8848-4165C1C4AA46","honeypotname":"apache-server","time":"2023-02-28T04:38:17.068981","parsedMessage":{"timestamp":"2023-02-28 04:38:17.068981","message_type":null,"correlation_id":null,"level":"INFO","message":"connection-log connection from 115.199.163.125:42770 to port 80","ip":"115.199.163.125"},"id":"330a5345-a1ff-42d8-9f88-f5fa34825e63","EventProcessedUtcTime":"2023-02-28T04:38:17.4996203Z","PartitionId":0,"EventEnqueuedUtcTime":"2023-02-28T04:38:17.3140000Z","path":"D495D9BB-0F5F-4945-9B2D-F90CAD90E413/2102ac15-bf5e-456c-ab63-90cb836ed7ad/apache-server/115.199.163.125"}