{"customerid":"D495D9BB-0F5F-4945-9B2D-F90CAD90E413","honeyserverid":"87422976-5cd1-469f-9125-4b1f29054ed5","logkind":"connection","honeypotid":"8BE585FB-2F2F-4BC6-8848-4165C1C4AA46","honeypotname":"apache-server","time":"2023-03-31T15:42:01.941071","parsedMessage":{"timestamp":"2023-03-31 15:42:01.941071","message_type":null,"correlation_id":null,"level":"INFO","message":"connection-log connection from 165.227.0.21:51212 to port 80","ip":"165.227.0.21"},"id":"3585867e-417e-4b52-8f90-060bd2e1caed","EventProcessedUtcTime":"2023-03-31T15:42:02.1981694Z","PartitionId":0,"EventEnqueuedUtcTime":"2023-03-31T15:42:02.0820000Z","path":"D495D9BB-0F5F-4945-9B2D-F90CAD90E413/87422976-5cd1-469f-9125-4b1f29054ed5/apache-server/165.227.0.21"}