{"customerid":"D495D9BB-0F5F-4945-9B2D-F90CAD90E413","honeyserverid":"2102ac15-bf5e-456c-ab63-90cb836ed7ad","logkind":"connection","honeypotid":"8BE585FB-2F2F-4BC6-8848-4165C1C4AA46","honeypotname":"apache-server","time":"2023-02-28T02:24:03.298114","parsedMessage":{"timestamp":"2023-02-28 02:24:03.298114","message_type":null,"correlation_id":null,"level":"INFO","message":"connection-log connection from 165.227.0.21:61911 to port 80","ip":"165.227.0.21"},"id":"bf81fbe1-e0c7-460b-920e-7593a2d03414","EventProcessedUtcTime":"2023-02-28T02:24:03.8433974Z","PartitionId":0,"EventEnqueuedUtcTime":"2023-02-28T02:24:03.6170000Z","path":"D495D9BB-0F5F-4945-9B2D-F90CAD90E413/2102ac15-bf5e-456c-ab63-90cb836ed7ad/apache-server/165.227.0.21"}
{"customerid":"D495D9BB-0F5F-4945-9B2D-F90CAD90E413","honeyserverid":"2102ac15-bf5e-456c-ab63-90cb836ed7ad","logkind":"connection","honeypotid":"8BE585FB-2F2F-4BC6-8848-4165C1C4AA46","honeypotname":"apache-server","time":"2023-03-08T02:41:13.080523","parsedMessage":{"timestamp":"2023-03-08 02:41:13.080523","message_type":null,"correlation_id":null,"level":"INFO","message":"connection-log connection from 165.227.0.21:41436 to port 80","ip":"165.227.0.21"},"id":"ec0da723-89a1-4fff-9e94-41ee91de4cdd","EventProcessedUtcTime":"2023-03-08T02:41:13.3480557Z","PartitionId":0,"EventEnqueuedUtcTime":"2023-03-08T02:41:13.2850000Z","path":"D495D9BB-0F5F-4945-9B2D-F90CAD90E413/2102ac15-bf5e-456c-ab63-90cb836ed7ad/apache-server/165.227.0.21"}
{"customerid":"D495D9BB-0F5F-4945-9B2D-F90CAD90E413","honeyserverid":"2102ac15-bf5e-456c-ab63-90cb836ed7ad","logkind":"honeypot","honeypotid":"8BE585FB-2F2F-4BC6-8848-4165C1C4AA46","honeypotname":"apache-server","time":"Wed Mar  8 02:42:01 UTC 2023","parsedMessage":{"timestamp":"2023-03-08 02:41:12+00:00","message_type":"http-access","correlation_id":null,"level":"WARNING","message":"165.227.0.21 - - \"GET / HTTP/1.0\" 200 282 \"-\" \"Mozilla/5.0 (X11; Linux x86_64; rv:98.0) Gecko/20100101 Firefox/98.0\"","ip":"165.227.0.21"},"id":"39a864fc-9cd0-4999-b515-86459ce8d594","EventProcessedUtcTime":"2023-03-08T02:42:01.8317978Z","PartitionId":0,"EventEnqueuedUtcTime":"2023-03-08T02:42:01.6500000Z","path":"D495D9BB-0F5F-4945-9B2D-F90CAD90E413/2102ac15-bf5e-456c-ab63-90cb836ed7ad/apache-server/165.227.0.21"}