{"customerid":"D495D9BB-0F5F-4945-9B2D-F90CAD90E413","honeyserverid":"2102ac15-bf5e-456c-ab63-90cb836ed7ad","logkind":"honeypot","honeypotid":"8BE585FB-2F2F-4BC6-8848-4165C1C4AA46","honeypotname":"apache-server","time":"Wed Mar  1 23:56:02 UTC 2023","parsedMessage":{"timestamp":"2023-03-01 23:55:46+00:00","message_type":"http-access","correlation_id":null,"level":"WARNING","message":"106.75.229.76 - - \"GET / HTTP/1.1\" 200 263 \"-\" \"-\"","ip":"106.75.229.76"},"id":"28384f79-398d-41f5-b50d-2f8c43f0d943","EventProcessedUtcTime":"2023-03-01T23:56:02.6010497Z","PartitionId":0,"EventEnqueuedUtcTime":"2023-03-01T23:56:02.4400000Z","path":"D495D9BB-0F5F-4945-9B2D-F90CAD90E413/2102ac15-bf5e-456c-ab63-90cb836ed7ad/apache-server/106.75.229.76"}