{"customerid":"D495D9BB-0F5F-4945-9B2D-F90CAD90E413","honeyserverid":"2102ac15-bf5e-456c-ab63-90cb836ed7ad","logkind":"connection","honeypotid":"8BE585FB-2F2F-4BC6-8848-4165C1C4AA46","honeypotname":"apache-server","time":"2023-03-08T21:11:23.673131","parsedMessage":{"timestamp":"2023-03-08 21:11:23.673131","message_type":null,"correlation_id":null,"level":"INFO","message":"connection-log connection from 185.198.0.168:6116 to port 80","ip":"185.198.0.168"},"id":"412e6c36-3be7-4c69-a3eb-17250ab65330","EventProcessedUtcTime":"2023-03-08T21:11:24.2862182Z","PartitionId":0,"EventEnqueuedUtcTime":"2023-03-08T21:11:24.0900000Z","path":"D495D9BB-0F5F-4945-9B2D-F90CAD90E413/2102ac15-bf5e-456c-ab63-90cb836ed7ad/apache-server/185.198.0.168"}
{"customerid":"D495D9BB-0F5F-4945-9B2D-F90CAD90E413","honeyserverid":"2102ac15-bf5e-456c-ab63-90cb836ed7ad","logkind":"honeypot","honeypotid":"8BE585FB-2F2F-4BC6-8848-4165C1C4AA46","honeypotname":"apache-server","time":"Wed Mar  8 21:12:02 UTC 2023","parsedMessage":{"timestamp":"2023-03-08 21:11:23+00:00","message_type":"http-access","correlation_id":null,"level":"WARNING","message":"185.198.0.168 - - \"GET / HTTP/1.1\" 200 263 \"-\" \"Mozilla/5.0 (Windows NT 10.0; WOW64) AppleWebKit/537.36 (KHTML, like Gecko) Chrome/51.0.2704.103 Safari/537.36\"","ip":"185.198.0.168"},"id":"b7715aa0-b746-43f5-8dc2-1be822f7b107","EventProcessedUtcTime":"2023-03-08T21:12:02.6773888Z","PartitionId":0,"EventEnqueuedUtcTime":"2023-03-08T21:12:02.5620000Z","path":"D495D9BB-0F5F-4945-9B2D-F90CAD90E413/2102ac15-bf5e-456c-ab63-90cb836ed7ad/apache-server/185.198.0.168"}