{"customerid":"D495D9BB-0F5F-4945-9B2D-F90CAD90E413","honeyserverid":"2102ac15-bf5e-456c-ab63-90cb836ed7ad","logkind":"connection","honeypotid":"8BE585FB-2F2F-4BC6-8848-4165C1C4AA46","honeypotname":"apache-server","time":"2023-03-04T02:05:16.271554","parsedMessage":{"timestamp":"2023-03-04 02:05:16.271554","message_type":null,"correlation_id":null,"level":"INFO","message":"connection-log connection from 137.226.113.9:50518 to port 80","ip":"137.226.113.9"},"id":"15367d97-c32b-410a-bf96-dab892534a24","EventProcessedUtcTime":"2023-03-04T02:05:17.3119077Z","PartitionId":0,"EventEnqueuedUtcTime":"2023-03-04T02:05:17.2220000Z","path":"D495D9BB-0F5F-4945-9B2D-F90CAD90E413/2102ac15-bf5e-456c-ab63-90cb836ed7ad/apache-server/137.226.113.9"}
{"customerid":"D495D9BB-0F5F-4945-9B2D-F90CAD90E413","honeyserverid":"2102ac15-bf5e-456c-ab63-90cb836ed7ad","logkind":"honeypot","honeypotid":"8BE585FB-2F2F-4BC6-8848-4165C1C4AA46","honeypotname":"apache-server","time":"Sat Mar  4 02:06:01 UTC 2023","parsedMessage":{"timestamp":"2023-03-04 02:05:16+00:00","message_type":"http-access","correlation_id":null,"level":"WARNING","message":"137.226.113.9 - - \"GET /robots.txt HTTP/1.1\" 404 435 \"-\" \"Mozilla/5.0 zgrab/0.x (compatible; Researchscan/http; +http://researchscan.comsys.rwth-aachen.de)\"","ip":"137.226.113.9"},"id":"3bf6c0a0-3bbe-4242-bd7b-5b55da329724","EventProcessedUtcTime":"2023-03-04T02:06:02.2959496Z","PartitionId":0,"EventEnqueuedUtcTime":"2023-03-04T02:06:02.2280000Z","path":"D495D9BB-0F5F-4945-9B2D-F90CAD90E413/2102ac15-bf5e-456c-ab63-90cb836ed7ad/apache-server/137.226.113.9"}