{"customerid":"D495D9BB-0F5F-4945-9B2D-F90CAD90E413","honeyserverid":"2102ac15-bf5e-456c-ab63-90cb836ed7ad","logkind":"connection","honeypotid":"8BE585FB-2F2F-4BC6-8848-4165C1C4AA46","honeypotname":"apache-server","time":"2023-02-24T09:17:45.678506","parsedMessage":{"timestamp":"2023-02-24 09:17:45.678506","message_type":null,"correlation_id":null,"level":"INFO","message":"connection-log connection from 193.30.244.96:50455 to port 80","ip":"193.30.244.96"},"id":"6ece6cfe-838d-474f-a77a-3856ccd6ef98","EventProcessedUtcTime":"2023-02-24T09:17:46.1407330Z","PartitionId":0,"EventEnqueuedUtcTime":"2023-02-24T09:17:45.9240000Z","path":"D495D9BB-0F5F-4945-9B2D-F90CAD90E413/2102ac15-bf5e-456c-ab63-90cb836ed7ad/apache-server/193.30.244.96"}
{"customerid":"D495D9BB-0F5F-4945-9B2D-F90CAD90E413","honeyserverid":"2102ac15-bf5e-456c-ab63-90cb836ed7ad","logkind":"honeypot","honeypotid":"8BE585FB-2F2F-4BC6-8848-4165C1C4AA46","honeypotname":"apache-server","time":"Fri Feb 24 09:18:02 UTC 2023","parsedMessage":{"timestamp":"2023-02-24 09:17:45+00:00","message_type":"http-access","correlation_id":null,"level":"WARNING","message":"193.30.244.96 - - \"HEAD /.env HTTP/1.1\" 404 196 \"-\" \"-\"","ip":"193.30.244.96"},"id":"aeef779c-6d23-46e3-81aa-85dcfb9921cf","EventProcessedUtcTime":"2023-02-24T09:18:02.5469646Z","PartitionId":0,"EventEnqueuedUtcTime":"2023-02-24T09:18:02.3460000Z","path":"D495D9BB-0F5F-4945-9B2D-F90CAD90E413/2102ac15-bf5e-456c-ab63-90cb836ed7ad/apache-server/193.30.244.96"}