{"customerid":"D495D9BB-0F5F-4945-9B2D-F90CAD90E413","honeyserverid":"2102ac15-bf5e-456c-ab63-90cb836ed7ad","logkind":"connection","honeypotid":"8BE585FB-2F2F-4BC6-8848-4165C1C4AA46","honeypotname":"apache-server","time":"2023-02-26T01:14:11.558588","parsedMessage":{"timestamp":"2023-02-26 01:14:11.558588","message_type":null,"correlation_id":null,"level":"INFO","message":"connection-log connection from 193.35.18.209:57695 to port 80","ip":"193.35.18.209"},"id":"af587c5e-5bb9-43f4-969f-feed3f1a58da","EventProcessedUtcTime":"2023-02-26T01:14:12.0216880Z","PartitionId":0,"EventEnqueuedUtcTime":"2023-02-26T01:14:11.8260000Z","path":"D495D9BB-0F5F-4945-9B2D-F90CAD90E413/2102ac15-bf5e-456c-ab63-90cb836ed7ad/apache-server/193.35.18.209"}
{"customerid":"D495D9BB-0F5F-4945-9B2D-F90CAD90E413","honeyserverid":"2102ac15-bf5e-456c-ab63-90cb836ed7ad","logkind":"connection","honeypotid":"8BE585FB-2F2F-4BC6-8848-4165C1C4AA46","honeypotname":"apache-server","time":"2023-02-26T01:14:11.558588","parsedMessage":{"timestamp":"2023-02-26 01:14:11.558588","message_type":null,"correlation_id":null,"level":"INFO","message":"connection-log connection from 193.35.18.209:57695 to port 80","ip":"193.35.18.209"},"id":"af587c5e-5bb9-43f4-969f-feed3f1a58da","EventProcessedUtcTime":"2023-02-26T01:14:19.2403367Z","PartitionId":0,"EventEnqueuedUtcTime":"2023-02-26T01:14:19.0460000Z","path":"D495D9BB-0F5F-4945-9B2D-F90CAD90E413/2102ac15-bf5e-456c-ab63-90cb836ed7ad/apache-server/193.35.18.209"}