{"customerid":"D495D9BB-0F5F-4945-9B2D-F90CAD90E413","honeyserverid":"2102ac15-bf5e-456c-ab63-90cb836ed7ad","logkind":"connection","honeypotid":"8BE585FB-2F2F-4BC6-8848-4165C1C4AA46","honeypotname":"apache-server","time":"2023-03-07T19:41:37.522907","parsedMessage":{"timestamp":"2023-03-07 19:41:37.522907","message_type":null,"correlation_id":null,"level":"INFO","message":"connection-log connection from 198.235.24.13:64822 to port 80","ip":"198.235.24.13"},"id":"5dcd9420-93a8-4c54-b242-94265b8cf415","EventProcessedUtcTime":"2023-03-07T19:41:38.0208832Z","PartitionId":0,"EventEnqueuedUtcTime":"2023-03-07T19:41:37.8090000Z","path":"D495D9BB-0F5F-4945-9B2D-F90CAD90E413/2102ac15-bf5e-456c-ab63-90cb836ed7ad/apache-server/198.235.24.13"}
{"customerid":"D495D9BB-0F5F-4945-9B2D-F90CAD90E413","honeyserverid":"2102ac15-bf5e-456c-ab63-90cb836ed7ad","logkind":"honeypot","honeypotid":"8BE585FB-2F2F-4BC6-8848-4165C1C4AA46","honeypotname":"apache-server","time":"Tue Mar  7 19:42:01 UTC 2023","parsedMessage":{"timestamp":"2023-03-07 19:41:37+00:00","message_type":"http-access","correlation_id":null,"level":"WARNING","message":"198.235.24.13 - - \"\\x16\\x03\\x01\" 400 0 \"-\" \"-\"","ip":"198.235.24.13"},"id":"ca03acce-a718-4c67-8911-7992dfb7d800","EventProcessedUtcTime":"2023-03-07T19:42:02.3025035Z","PartitionId":0,"EventEnqueuedUtcTime":"2023-03-07T19:42:02.2640000Z","path":"D495D9BB-0F5F-4945-9B2D-F90CAD90E413/2102ac15-bf5e-456c-ab63-90cb836ed7ad/apache-server/198.235.24.13"}