{"customerid":"D495D9BB-0F5F-4945-9B2D-F90CAD90E413","honeyserverid":"2102ac15-bf5e-456c-ab63-90cb836ed7ad","logkind":"connection","honeypotid":"8BE585FB-2F2F-4BC6-8848-4165C1C4AA46","honeypotname":"apache-server","time":"2023-02-27T13:46:58.610890","parsedMessage":{"timestamp":"2023-02-27 13:46:58.610890","message_type":null,"correlation_id":null,"level":"INFO","message":"connection-log connection from 176.120.218.14:1547 to port 80","ip":"176.120.218.14"},"id":"82c6667a-6a28-4c3d-90c3-04b4e9597e8f","EventProcessedUtcTime":"2023-02-27T13:46:59.0790065Z","PartitionId":0,"EventEnqueuedUtcTime":"2023-02-27T13:46:58.8840000Z","path":"D495D9BB-0F5F-4945-9B2D-F90CAD90E413/2102ac15-bf5e-456c-ab63-90cb836ed7ad/apache-server/176.120.218.14"}
{"customerid":"D495D9BB-0F5F-4945-9B2D-F90CAD90E413","honeyserverid":"2102ac15-bf5e-456c-ab63-90cb836ed7ad","logkind":"honeypot","honeypotid":"8BE585FB-2F2F-4BC6-8848-4165C1C4AA46","honeypotname":"apache-server","time":"Mon Feb 27 13:47:01 UTC 2023","parsedMessage":{"timestamp":"2023-02-27 13:46:58+00:00","message_type":"http-access","correlation_id":null,"level":"WARNING","message":"176.120.218.14 - - \"GET / HTTP/1.1\" 200 263 \"-\" \"Mozilla/5.0 (Macintosh; Intel Mac OS X 10_11_6) AppleWebKit/601.7.7 (KHTML, like Gecko) Version/9.1.2 Safari/601.7.7\"","ip":"176.120.218.14"},"id":"e5985444-4370-499c-809b-d26e942ffaa9","EventProcessedUtcTime":"2023-02-27T13:47:02.3602129Z","PartitionId":0,"EventEnqueuedUtcTime":"2023-02-27T13:47:02.1660000Z","path":"D495D9BB-0F5F-4945-9B2D-F90CAD90E413/2102ac15-bf5e-456c-ab63-90cb836ed7ad/apache-server/176.120.218.14"}