{"customerid":"D495D9BB-0F5F-4945-9B2D-F90CAD90E413","honeyserverid":"87422976-5cd1-469f-9125-4b1f29054ed5","logkind":"connection","honeypotid":"8BE585FB-2F2F-4BC6-8848-4165C1C4AA46","honeypotname":"apache-server","time":"2023-04-02T15:33:01.736243","parsedMessage":{"timestamp":"2023-04-02 15:33:01.736243","message_type":null,"correlation_id":null,"level":"INFO","message":"connection-log connection from 179.132.251.105:8711 to port 80","ip":"179.132.251.105"},"id":"b3c5ace7-94e7-4c3f-ba4a-80a38e77daf3","EventProcessedUtcTime":"2023-04-02T15:33:02.3007826Z","PartitionId":0,"EventEnqueuedUtcTime":"2023-04-02T15:33:02.1550000Z","path":"D495D9BB-0F5F-4945-9B2D-F90CAD90E413/87422976-5cd1-469f-9125-4b1f29054ed5/apache-server/179.132.251.105"}