{"customerid":"D495D9BB-0F5F-4945-9B2D-F90CAD90E413","honeyserverid":"2102ac15-bf5e-456c-ab63-90cb836ed7ad","logkind":"connection","honeypotid":"8BE585FB-2F2F-4BC6-8848-4165C1C4AA46","honeypotname":"apache-server","time":"2023-03-04T11:34:56.337423","parsedMessage":{"timestamp":"2023-03-04 11:34:56.337423","message_type":null,"correlation_id":null,"level":"INFO","message":"connection-log connection from 154.89.5.220:38312 to port 80","ip":"154.89.5.220"},"id":"f43e2058-986f-4bd9-a991-9387c42f1599","EventProcessedUtcTime":"2023-03-04T11:34:56.9787401Z","PartitionId":0,"EventEnqueuedUtcTime":"2023-03-04T11:34:56.7730000Z","path":"D495D9BB-0F5F-4945-9B2D-F90CAD90E413/2102ac15-bf5e-456c-ab63-90cb836ed7ad/apache-server/154.89.5.220"}
{"customerid":"D495D9BB-0F5F-4945-9B2D-F90CAD90E413","honeyserverid":"2102ac15-bf5e-456c-ab63-90cb836ed7ad","logkind":"honeypot","honeypotid":"8BE585FB-2F2F-4BC6-8848-4165C1C4AA46","honeypotname":"apache-server","time":"Sat Mar  4 11:35:01 UTC 2023","parsedMessage":{"timestamp":"2023-03-04 11:34:56+00:00","message_type":"http-access","correlation_id":null,"level":"WARNING","message":"154.89.5.220 - - \"GET / HTTP/1.1\" 200 263 \"-\" \"-\"","ip":"154.89.5.220"},"id":"f5a9b6cc-e7c5-41cf-a9e7-06aa8f16797a","EventProcessedUtcTime":"2023-03-04T11:35:01.9006782Z","PartitionId":0,"EventEnqueuedUtcTime":"2023-03-04T11:35:01.6640000Z","path":"D495D9BB-0F5F-4945-9B2D-F90CAD90E413/2102ac15-bf5e-456c-ab63-90cb836ed7ad/apache-server/154.89.5.220"}