{"customerid":"D495D9BB-0F5F-4945-9B2D-F90CAD90E413","honeyserverid":"2102ac15-bf5e-456c-ab63-90cb836ed7ad","logkind":"connection","honeypotid":"8BE585FB-2F2F-4BC6-8848-4165C1C4AA46","honeypotname":"apache-server","time":"2023-02-26T06:50:35.335643","parsedMessage":{"timestamp":"2023-02-26 06:50:35.335643","message_type":null,"correlation_id":null,"level":"INFO","message":"connection-log connection from 104.131.128.22:39419 to port 80","ip":"104.131.128.22"},"id":"8639e4ec-136f-430e-b835-8e9da6aa43e6","EventProcessedUtcTime":"2023-02-26T06:50:35.8408761Z","PartitionId":0,"EventEnqueuedUtcTime":"2023-02-26T06:50:35.6000000Z","path":"D495D9BB-0F5F-4945-9B2D-F90CAD90E413/2102ac15-bf5e-456c-ab63-90cb836ed7ad/apache-server/104.131.128.22"}