{"customerid":"D495D9BB-0F5F-4945-9B2D-F90CAD90E413","honeyserverid":"87422976-5cd1-469f-9125-4b1f29054ed5","logkind":"connection","honeypotid":"8BE585FB-2F2F-4BC6-8848-4165C1C4AA46","honeypotname":"apache-server","time":"2023-04-02T06:32:36.735041","parsedMessage":{"timestamp":"2023-04-02 06:32:36.735041","message_type":null,"correlation_id":null,"level":"INFO","message":"connection-log connection from 104.28.243.187:61929 to port 80","ip":"104.28.243.187"},"id":"bf0a1b3e-59c7-44fd-b658-b0039017476c","EventProcessedUtcTime":"2023-04-02T06:32:37.1160757Z","PartitionId":0,"EventEnqueuedUtcTime":"2023-04-02T06:32:36.9410000Z","path":"D495D9BB-0F5F-4945-9B2D-F90CAD90E413/87422976-5cd1-469f-9125-4b1f29054ed5/apache-server/104.28.243.187"}
{"customerid":"D495D9BB-0F5F-4945-9B2D-F90CAD90E413","honeyserverid":"87422976-5cd1-469f-9125-4b1f29054ed5","logkind":"honeypot","honeypotid":"8BE585FB-2F2F-4BC6-8848-4165C1C4AA46","honeypotname":"apache-server","time":"Sun Apr  2 06:33:01 UTC 2023","parsedMessage":{"timestamp":"2023-04-02 06:32:35+00:00","message_type":"http-access","correlation_id":null,"level":"WARNING","message":"104.28.243.187 - - \"GET /cdn-cgi/trace HTTP/1.1\" 404 462 \"-\" \"Mozilla/5.0\"","ip":"104.28.243.187"},"id":"9c4544d7-1b9d-4b4a-afd9-8df6a6b761c0","EventProcessedUtcTime":"2023-04-02T06:33:01.8352660Z","PartitionId":0,"EventEnqueuedUtcTime":"2023-04-02T06:33:01.7540000Z","path":"D495D9BB-0F5F-4945-9B2D-F90CAD90E413/87422976-5cd1-469f-9125-4b1f29054ed5/apache-server/104.28.243.187"}