{"customerid":"D495D9BB-0F5F-4945-9B2D-F90CAD90E413","honeyserverid":"2102ac15-bf5e-456c-ab63-90cb836ed7ad","logkind":"honeypot","honeypotid":"8BE585FB-2F2F-4BC6-8848-4165C1C4AA46","honeypotname":"apache-server","time":"Tue Mar  7 06:22:01 UTC 2023","parsedMessage":{"timestamp":"2023-03-07 06:21:03+00:00","message_type":"http-access","correlation_id":null,"level":"WARNING","message":"198.199.110.112 - - \"GET /actuator/health HTTP/1.1\" 404 435 \"-\" \"Mozilla/5.0 zgrab/0.x\"","ip":"198.199.110.112"},"id":"5184d8df-2ee1-430c-b655-ba4c1c10fb71","EventProcessedUtcTime":"2023-03-07T06:22:02.5611640Z","PartitionId":0,"EventEnqueuedUtcTime":"2023-03-07T06:22:02.3530000Z","path":"D495D9BB-0F5F-4945-9B2D-F90CAD90E413/2102ac15-bf5e-456c-ab63-90cb836ed7ad/apache-server/198.199.110.112"}