{"customerid":"D495D9BB-0F5F-4945-9B2D-F90CAD90E413","honeyserverid":"2102ac15-bf5e-456c-ab63-90cb836ed7ad","logkind":"connection","honeypotid":"8BE585FB-2F2F-4BC6-8848-4165C1C4AA46","honeypotname":"apache-server","time":"2023-03-07T14:08:11.155753","parsedMessage":{"timestamp":"2023-03-07 14:08:11.155753","message_type":null,"correlation_id":null,"level":"INFO","message":"connection-log connection from 198.199.104.14:35811 to port 80","ip":"198.199.104.14"},"id":"109bd28d-8ccb-4dab-b9dc-b18d32547b5e","EventProcessedUtcTime":"2023-03-07T14:08:11.4856230Z","PartitionId":0,"EventEnqueuedUtcTime":"2023-03-07T14:08:11.2990000Z","path":"D495D9BB-0F5F-4945-9B2D-F90CAD90E413/2102ac15-bf5e-456c-ab63-90cb836ed7ad/apache-server/198.199.104.14"}
{"customerid":"D495D9BB-0F5F-4945-9B2D-F90CAD90E413","honeyserverid":"2102ac15-bf5e-456c-ab63-90cb836ed7ad","logkind":"honeypot","honeypotid":"8BE585FB-2F2F-4BC6-8848-4165C1C4AA46","honeypotname":"apache-server","time":"Tue Mar  7 14:12:02 UTC 2023","parsedMessage":{"timestamp":"2023-03-07 14:11:39+00:00","message_type":"http-access","correlation_id":null,"level":"WARNING","message":"198.199.104.14 - - \"GET /manager/text/list HTTP/1.1\" 404 435 \"-\" \"Mozilla/5.0 zgrab/0.x\"","ip":"198.199.104.14"},"id":"e1a09aad-f615-4176-b3c3-fd0c9e8aaaf2","EventProcessedUtcTime":"2023-03-07T14:12:02.6097101Z","PartitionId":0,"EventEnqueuedUtcTime":"2023-03-07T14:12:02.4410000Z","path":"D495D9BB-0F5F-4945-9B2D-F90CAD90E413/2102ac15-bf5e-456c-ab63-90cb836ed7ad/apache-server/198.199.104.14"}