{"customerid":"D495D9BB-0F5F-4945-9B2D-F90CAD90E413","honeyserverid":"2102ac15-bf5e-456c-ab63-90cb836ed7ad","logkind":"connection","honeypotid":"8BE585FB-2F2F-4BC6-8848-4165C1C4AA46","honeypotname":"apache-server","time":"2023-02-23T05:37:18.111456","parsedMessage":{"timestamp":"2023-02-23 05:37:18.111456","message_type":null,"correlation_id":null,"level":"INFO","message":"connection-log connection from 193.35.18.231:41287 to port 80","ip":"193.35.18.231"},"id":"b95e5ccb-0ba7-4037-ba94-d5051248f2ce","EventProcessedUtcTime":"2023-02-23T05:37:18.5689629Z","PartitionId":0,"EventEnqueuedUtcTime":"2023-02-23T05:37:18.4170000Z","path":"D495D9BB-0F5F-4945-9B2D-F90CAD90E413/2102ac15-bf5e-456c-ab63-90cb836ed7ad/apache-server/193.35.18.231"}