{"customerid":"D495D9BB-0F5F-4945-9B2D-F90CAD90E413","honeyserverid":"87422976-5cd1-469f-9125-4b1f29054ed5","logkind":"connection","honeypotid":"8BE585FB-2F2F-4BC6-8848-4165C1C4AA46","honeypotname":"apache-server","time":"2023-04-03T07:54:56.657370","parsedMessage":{"timestamp":"2023-04-03 07:54:56.657370","message_type":null,"correlation_id":null,"level":"INFO","message":"connection-log connection from 104.131.128.22:38696 to port 80","ip":"104.131.128.22"},"id":"89495300-980b-4163-a79c-6438ae7ff00e","EventProcessedUtcTime":"2023-04-03T07:54:57.0424651Z","PartitionId":0,"EventEnqueuedUtcTime":"2023-04-03T07:54:56.8600000Z","path":"D495D9BB-0F5F-4945-9B2D-F90CAD90E413/87422976-5cd1-469f-9125-4b1f29054ed5/apache-server/104.131.128.22"}
{"customerid":"D495D9BB-0F5F-4945-9B2D-F90CAD90E413","honeyserverid":"87422976-5cd1-469f-9125-4b1f29054ed5","logkind":"honeypot","honeypotid":"8BE585FB-2F2F-4BC6-8848-4165C1C4AA46","honeypotname":"apache-server","time":"Mon Apr  3 07:59:01 UTC 2023","parsedMessage":{"timestamp":"2023-04-03 07:58:56+00:00","message_type":"http-access","correlation_id":null,"level":"WARNING","message":"104.131.128.22 - - \"GET / HTTP/1.1\" 200 17777 \"-\" \"Mozilla/5.0 zgrab/0.x\"","ip":"104.131.128.22"},"id":"2a29808d-d942-4c65-966e-d57f6061248f","EventProcessedUtcTime":"2023-04-03T07:59:01.8454290Z","PartitionId":0,"EventEnqueuedUtcTime":"2023-04-03T07:59:01.6930000Z","path":"D495D9BB-0F5F-4945-9B2D-F90CAD90E413/87422976-5cd1-469f-9125-4b1f29054ed5/apache-server/104.131.128.22"}