{"customerid":"D495D9BB-0F5F-4945-9B2D-F90CAD90E413","honeyserverid":"87422976-5cd1-469f-9125-4b1f29054ed5","logkind":"connection","honeypotid":"8BE585FB-2F2F-4BC6-8848-4165C1C4AA46","honeypotname":"apache-server","time":"2023-04-01T18:59:49.422127","parsedMessage":{"timestamp":"2023-04-01 18:59:49.422127","message_type":null,"correlation_id":null,"level":"INFO","message":"connection-log connection from 192.241.192.14:53961 to port 80","ip":"192.241.192.14"},"id":"0aed3115-55ab-40ff-ac1f-5de1fdc8dfe7","EventProcessedUtcTime":"2023-04-01T18:59:49.8196346Z","PartitionId":0,"EventEnqueuedUtcTime":"2023-04-01T18:59:49.6050000Z","path":"D495D9BB-0F5F-4945-9B2D-F90CAD90E413/87422976-5cd1-469f-9125-4b1f29054ed5/apache-server/192.241.192.14"}
{"customerid":"D495D9BB-0F5F-4945-9B2D-F90CAD90E413","honeyserverid":"87422976-5cd1-469f-9125-4b1f29054ed5","logkind":"connection","honeypotid":"8BE585FB-2F2F-4BC6-8848-4165C1C4AA46","honeypotname":"apache-server","time":"2023-04-01T19:00:01.830662","parsedMessage":{"timestamp":"2023-04-01 19:00:01.830662","message_type":null,"correlation_id":null,"level":"INFO","message":"connection-log connection from 192.241.192.14:53961 to port 80","ip":"192.241.192.14"},"id":"042315c5-b788-4404-9f9e-c197a79e1bd9","EventProcessedUtcTime":"2023-04-01T19:00:08.8508157Z","PartitionId":0,"EventEnqueuedUtcTime":"2023-04-01T19:00:08.6210000Z","path":"D495D9BB-0F5F-4945-9B2D-F90CAD90E413/87422976-5cd1-469f-9125-4b1f29054ed5/apache-server/192.241.192.14"}
{"customerid":"D495D9BB-0F5F-4945-9B2D-F90CAD90E413","honeyserverid":"87422976-5cd1-469f-9125-4b1f29054ed5","logkind":"honeypot","honeypotid":"8BE585FB-2F2F-4BC6-8848-4165C1C4AA46","honeypotname":"apache-server","time":"Sat Apr  1 19:04:01 UTC 2023","parsedMessage":{"timestamp":"2023-04-01 19:04:00+00:00","message_type":"http-access","correlation_id":null,"level":"WARNING","message":"192.241.192.14 - - \"GET /druid/index.html HTTP/1.1\" 404 436 \"-\" \"Mozilla/5.0 zgrab/0.x\"","ip":"192.241.192.14"},"id":"d93678c1-693b-4e14-b7ae-93583df455c7","EventProcessedUtcTime":"2023-04-01T19:04:02.0578939Z","PartitionId":0,"EventEnqueuedUtcTime":"2023-04-01T19:04:01.8420000Z","path":"D495D9BB-0F5F-4945-9B2D-F90CAD90E413/87422976-5cd1-469f-9125-4b1f29054ed5/apache-server/192.241.192.14"}