{"customerid":"D495D9BB-0F5F-4945-9B2D-F90CAD90E413","honeyserverid":"87422976-5cd1-469f-9125-4b1f29054ed5","logkind":"connection","honeypotid":"8BE585FB-2F2F-4BC6-8848-4165C1C4AA46","honeypotname":"apache-server","time":"2023-04-02T07:54:28.677889","parsedMessage":{"timestamp":"2023-04-02 07:54:28.677889","message_type":null,"correlation_id":null,"level":"INFO","message":"connection-log connection from 107.170.241.5:34300 to port 80","ip":"107.170.241.5"},"id":"959540d6-c4c4-4819-9ff2-d2da1c161fc9","EventProcessedUtcTime":"2023-04-02T07:54:29.1577796Z","PartitionId":0,"EventEnqueuedUtcTime":"2023-04-02T07:54:28.9680000Z","path":"D495D9BB-0F5F-4945-9B2D-F90CAD90E413/87422976-5cd1-469f-9125-4b1f29054ed5/apache-server/107.170.241.5"}
{"customerid":"D495D9BB-0F5F-4945-9B2D-F90CAD90E413","honeyserverid":"87422976-5cd1-469f-9125-4b1f29054ed5","logkind":"honeypot","honeypotid":"8BE585FB-2F2F-4BC6-8848-4165C1C4AA46","honeypotname":"apache-server","time":"Sun Apr  2 07:59:01 UTC 2023","parsedMessage":{"timestamp":"2023-04-02 07:58:29+00:00","message_type":"http-access","correlation_id":null,"level":"WARNING","message":"107.170.241.5 - - \"GET / HTTP/1.1\" 200 17777 \"-\" \"Mozilla/5.0 zgrab/0.x\"","ip":"107.170.241.5"},"id":"e4ce84d4-200d-4bc1-b078-6bd1a518bcea","EventProcessedUtcTime":"2023-04-02T07:59:02.8220475Z","PartitionId":0,"EventEnqueuedUtcTime":"2023-04-02T07:59:02.6250000Z","path":"D495D9BB-0F5F-4945-9B2D-F90CAD90E413/87422976-5cd1-469f-9125-4b1f29054ed5/apache-server/107.170.241.5"}