{"customerid":"D495D9BB-0F5F-4945-9B2D-F90CAD90E413","honeyserverid":"87422976-5cd1-469f-9125-4b1f29054ed5","logkind":"connection","honeypotid":"8BE585FB-2F2F-4BC6-8848-4165C1C4AA46","honeypotname":"apache-server","time":"2023-04-01T09:26:11.605034","parsedMessage":{"timestamp":"2023-04-01 09:26:11.605034","message_type":null,"correlation_id":null,"level":"INFO","message":"connection-log connection from 198.199.96.218:38058 to port 80","ip":"198.199.96.218"},"id":"19a5969b-e01c-4d2e-9ce8-931d386ab482","EventProcessedUtcTime":"2023-04-01T09:26:12.0215548Z","PartitionId":0,"EventEnqueuedUtcTime":"2023-04-01T09:26:11.8120000Z","path":"D495D9BB-0F5F-4945-9B2D-F90CAD90E413/87422976-5cd1-469f-9125-4b1f29054ed5/apache-server/198.199.96.218"}
{"customerid":"D495D9BB-0F5F-4945-9B2D-F90CAD90E413","honeyserverid":"87422976-5cd1-469f-9125-4b1f29054ed5","logkind":"honeypot","honeypotid":"8BE585FB-2F2F-4BC6-8848-4165C1C4AA46","honeypotname":"apache-server","time":"Sat Apr  1 09:31:01 UTC 2023","parsedMessage":{"timestamp":"2023-04-01 09:30:20+00:00","message_type":"http-access","correlation_id":null,"level":"WARNING","message":"198.199.96.218 - - \"GET /actuator/health HTTP/1.1\" 404 436 \"-\" \"Mozilla/5.0 zgrab/0.x\"","ip":"198.199.96.218"},"id":"e4f19322-707b-4140-9d94-7465638b837c","EventProcessedUtcTime":"2023-04-01T09:31:01.9361961Z","PartitionId":0,"EventEnqueuedUtcTime":"2023-04-01T09:31:01.7540000Z","path":"D495D9BB-0F5F-4945-9B2D-F90CAD90E413/87422976-5cd1-469f-9125-4b1f29054ed5/apache-server/198.199.96.218"}