{"customerid":"D495D9BB-0F5F-4945-9B2D-F90CAD90E413","honeyserverid":"87422976-5cd1-469f-9125-4b1f29054ed5","logkind":"connection","honeypotid":"8BE585FB-2F2F-4BC6-8848-4165C1C4AA46","honeypotname":"apache-server","time":"2023-03-31T15:03:23.040377","parsedMessage":{"timestamp":"2023-03-31 15:03:23.040377","message_type":null,"correlation_id":null,"level":"INFO","message":"connection-log connection from 172.104.210.105:42928 to port 80","ip":"172.104.210.105"},"id":"13fcf4f9-adb0-4cf4-8ba3-52454a27a59a","EventProcessedUtcTime":"2023-03-31T15:03:23.5371383Z","PartitionId":0,"EventEnqueuedUtcTime":"2023-03-31T15:03:23.3030000Z","path":"D495D9BB-0F5F-4945-9B2D-F90CAD90E413/87422976-5cd1-469f-9125-4b1f29054ed5/apache-server/172.104.210.105"}
{"customerid":"D495D9BB-0F5F-4945-9B2D-F90CAD90E413","honeyserverid":"87422976-5cd1-469f-9125-4b1f29054ed5","logkind":"honeypot","honeypotid":"8BE585FB-2F2F-4BC6-8848-4165C1C4AA46","honeypotname":"apache-server","time":"Fri Mar 31 15:04:01 UTC 2023","parsedMessage":{"timestamp":"2023-03-31 15:03:32+00:00","message_type":"http-access","correlation_id":null,"level":"WARNING","message":"172.104.210.105 - - \"GET / HTTP/1.1\" 200 17777 \"-\" \"Mozilla/5.0 zgrab/0.x\"","ip":"172.104.210.105"},"id":"7ae6a551-8005-48e7-9423-434fa82f1f2c","EventProcessedUtcTime":"2023-03-31T15:04:02.2562309Z","PartitionId":0,"EventEnqueuedUtcTime":"2023-03-31T15:04:02.0710000Z","path":"D495D9BB-0F5F-4945-9B2D-F90CAD90E413/87422976-5cd1-469f-9125-4b1f29054ed5/apache-server/172.104.210.105"}