{"customerid":"D495D9BB-0F5F-4945-9B2D-F90CAD90E413","honeyserverid":"2102ac15-bf5e-456c-ab63-90cb836ed7ad","logkind":"connection","honeypotid":"8BE585FB-2F2F-4BC6-8848-4165C1C4AA46","honeypotname":"apache-server","time":"2023-03-02T12:11:39.652873","parsedMessage":{"timestamp":"2023-03-02 12:11:39.652873","message_type":null,"correlation_id":null,"level":"INFO","message":"connection-log connection from 106.75.138.76:32116 to port 80","ip":"106.75.138.76"},"id":"2770a980-29c4-49d2-813f-619a6427eda2","EventProcessedUtcTime":"2023-03-02T12:11:40.2202852Z","PartitionId":0,"EventEnqueuedUtcTime":"2023-03-02T12:11:39.9850000Z","path":"D495D9BB-0F5F-4945-9B2D-F90CAD90E413/2102ac15-bf5e-456c-ab63-90cb836ed7ad/apache-server/106.75.138.76"}
{"customerid":"D495D9BB-0F5F-4945-9B2D-F90CAD90E413","honeyserverid":"2102ac15-bf5e-456c-ab63-90cb836ed7ad","logkind":"honeypot","honeypotid":"8BE585FB-2F2F-4BC6-8848-4165C1C4AA46","honeypotname":"apache-server","time":"Thu Mar  2 12:12:01 UTC 2023","parsedMessage":{"timestamp":"2023-03-02 12:11:39+00:00","message_type":"http-access","correlation_id":null,"level":"WARNING","message":"106.75.138.76 - - \"GET / HTTP/1.1\" 200 282 \"-\" \"Mozilla/5.0 (Windows NT 6.1) AppleWebKit/537.36 (KHTML, like Gecko) Chrome/49.0.2623.112 Safari/537.36\"","ip":"106.75.138.76"},"id":"fbf22ae8-07fb-42de-8df3-06598e6664a2","EventProcessedUtcTime":"2023-03-02T12:12:02.4233205Z","PartitionId":0,"EventEnqueuedUtcTime":"2023-03-02T12:12:02.1730000Z","path":"D495D9BB-0F5F-4945-9B2D-F90CAD90E413/2102ac15-bf5e-456c-ab63-90cb836ed7ad/apache-server/106.75.138.76"}
{"customerid":"D495D9BB-0F5F-4945-9B2D-F90CAD90E413","honeyserverid":"2102ac15-bf5e-456c-ab63-90cb836ed7ad","logkind":"honeypot","honeypotid":"8BE585FB-2F2F-4BC6-8848-4165C1C4AA46","honeypotname":"apache-server","time":"Thu Mar  2 12:12:02 UTC 2023","parsedMessage":{"timestamp":"2023-03-02 12:11:39+00:00","message_type":"http-access","correlation_id":null,"level":"WARNING","message":"106.75.138.76 - - \"GET /favicon.ico HTTP/1.1\" 404 454 \"-\" \"Mozilla/5.0 (Windows NT 6.1) AppleWebKit/537.36 (KHTML, like Gecko) Chrome/49.0.2623.112 Safari/537.36\"","ip":"106.75.138.76"},"id":"abafe506-0ab5-470c-8583-b64de9ede577","EventProcessedUtcTime":"2023-03-02T12:12:02.6422571Z","PartitionId":0,"EventEnqueuedUtcTime":"2023-03-02T12:12:02.4390000Z","path":"D495D9BB-0F5F-4945-9B2D-F90CAD90E413/2102ac15-bf5e-456c-ab63-90cb836ed7ad/apache-server/106.75.138.76"}