{"customerid":"D495D9BB-0F5F-4945-9B2D-F90CAD90E413","honeyserverid":"87422976-5cd1-469f-9125-4b1f29054ed5","logkind":"connection","honeypotid":"8BE585FB-2F2F-4BC6-8848-4165C1C4AA46","honeypotname":"apache-server","time":"2023-03-31T22:40:47.460459","parsedMessage":{"timestamp":"2023-03-31 22:40:47.460459","message_type":null,"correlation_id":null,"level":"INFO","message":"connection-log connection from 101.32.97.232:51836 to port 80","ip":"101.32.97.232"},"id":"786b9546-a908-4886-ab86-cbfce62aa8b1","EventProcessedUtcTime":"2023-03-31T22:40:47.8777693Z","PartitionId":0,"EventEnqueuedUtcTime":"2023-03-31T22:40:47.6530000Z","path":"D495D9BB-0F5F-4945-9B2D-F90CAD90E413/87422976-5cd1-469f-9125-4b1f29054ed5/apache-server/101.32.97.232"}
{"customerid":"D495D9BB-0F5F-4945-9B2D-F90CAD90E413","honeyserverid":"87422976-5cd1-469f-9125-4b1f29054ed5","logkind":"honeypot","honeypotid":"8BE585FB-2F2F-4BC6-8848-4165C1C4AA46","honeypotname":"apache-server","time":"Fri Mar 31 22:41:01 UTC 2023","parsedMessage":{"timestamp":"2023-03-31 22:40:46+00:00","message_type":"http-access","correlation_id":null,"level":"WARNING","message":"101.32.97.232 - - \"GET / HTTP/1.1\" 200 17777 \"-\" \"'Mozilla/5.0\"","ip":"101.32.97.232"},"id":"67a541c3-fb86-4b08-8bd0-156506e20002","EventProcessedUtcTime":"2023-03-31T22:41:02.8622260Z","PartitionId":0,"EventEnqueuedUtcTime":"2023-03-31T22:41:02.6700000Z","path":"D495D9BB-0F5F-4945-9B2D-F90CAD90E413/87422976-5cd1-469f-9125-4b1f29054ed5/apache-server/101.32.97.232"}