{"customerid":"D495D9BB-0F5F-4945-9B2D-F90CAD90E413","honeyserverid":"2102ac15-bf5e-456c-ab63-90cb836ed7ad","logkind":"connection","honeypotid":"8BE585FB-2F2F-4BC6-8848-4165C1C4AA46","honeypotname":"apache-server","time":"2023-02-27T23:27:54.739479","parsedMessage":{"timestamp":"2023-02-27 23:27:54.739479","message_type":null,"correlation_id":null,"level":"INFO","message":"connection-log connection from 163.204.216.220:9576 to port 80","ip":"163.204.216.220"},"id":"8cec9359-3d79-436b-945d-dcc1a2b4f1d7","EventProcessedUtcTime":"2023-02-27T23:27:55.6991547Z","PartitionId":0,"EventEnqueuedUtcTime":"2023-02-27T23:27:55.5250000Z","path":"D495D9BB-0F5F-4945-9B2D-F90CAD90E413/2102ac15-bf5e-456c-ab63-90cb836ed7ad/apache-server/163.204.216.220"}
{"customerid":"D495D9BB-0F5F-4945-9B2D-F90CAD90E413","honeyserverid":"2102ac15-bf5e-456c-ab63-90cb836ed7ad","logkind":"honeypot","honeypotid":"8BE585FB-2F2F-4BC6-8848-4165C1C4AA46","honeypotname":"apache-server","time":"Mon Feb 27 23:28:02 UTC 2023","parsedMessage":{"timestamp":"2023-02-27 23:27:54+00:00","message_type":"http-access","correlation_id":null,"level":"WARNING","message":"163.204.216.220 - - \"POST /GponForm/diag_Form?images/ HTTP/1.1\" 404 488 \"-\" \"Hello, World\"","ip":"163.204.216.220"},"id":"6cc0c804-9b61-4fd3-b90a-66f3360afe78","EventProcessedUtcTime":"2023-02-27T23:28:02.3709073Z","PartitionId":0,"EventEnqueuedUtcTime":"2023-02-27T23:28:02.2290000Z","path":"D495D9BB-0F5F-4945-9B2D-F90CAD90E413/2102ac15-bf5e-456c-ab63-90cb836ed7ad/apache-server/163.204.216.220"}