{"customerid":"D495D9BB-0F5F-4945-9B2D-F90CAD90E413","honeyserverid":"2102ac15-bf5e-456c-ab63-90cb836ed7ad","logkind":"connection","honeypotid":"8BE585FB-2F2F-4BC6-8848-4165C1C4AA46","honeypotname":"apache-server","time":"2023-02-27T17:02:43.033465","parsedMessage":{"timestamp":"2023-02-27 17:02:43.033465","message_type":null,"correlation_id":null,"level":"INFO","message":"connection-log connection from 150.136.254.151:47488 to port 80","ip":"150.136.254.151"},"id":"2a9954df-c10c-43b8-bfbe-79384c4c7dbf","EventProcessedUtcTime":"2023-02-27T17:02:43.4728291Z","PartitionId":0,"EventEnqueuedUtcTime":"2023-02-27T17:02:43.2600000Z","path":"D495D9BB-0F5F-4945-9B2D-F90CAD90E413/2102ac15-bf5e-456c-ab63-90cb836ed7ad/apache-server/150.136.254.151"}
{"customerid":"D495D9BB-0F5F-4945-9B2D-F90CAD90E413","honeyserverid":"2102ac15-bf5e-456c-ab63-90cb836ed7ad","logkind":"honeypot","honeypotid":"8BE585FB-2F2F-4BC6-8848-4165C1C4AA46","honeypotname":"apache-server","time":"Mon Feb 27 17:03:01 UTC 2023","parsedMessage":{"timestamp":"2023-02-27 17:02:42+00:00","message_type":"http-access","correlation_id":null,"level":"WARNING","message":"150.136.254.151 - - \"GET /.env HTTP/1.1\" 404 491 \"-\" \"Mozilla/5.0 (X11; Linux x86_64) AppleWebKit/537.36 (KHTML, like Gecko) Chrome/81.0.4044.129 Safari/537.36\"","ip":"150.136.254.151"},"id":"9a24daac-4a6d-45fe-8f6a-94c16d2ac765","EventProcessedUtcTime":"2023-02-27T17:03:02.0663880Z","PartitionId":0,"EventEnqueuedUtcTime":"2023-02-27T17:03:01.9200000Z","path":"D495D9BB-0F5F-4945-9B2D-F90CAD90E413/2102ac15-bf5e-456c-ab63-90cb836ed7ad/apache-server/150.136.254.151"}
{"customerid":"D495D9BB-0F5F-4945-9B2D-F90CAD90E413","honeyserverid":"2102ac15-bf5e-456c-ab63-90cb836ed7ad","logkind":"honeypot","honeypotid":"8BE585FB-2F2F-4BC6-8848-4165C1C4AA46","honeypotname":"apache-server","time":"Mon Feb 27 17:03:01 UTC 2023","parsedMessage":{"timestamp":"2023-02-27 17:02:42+00:00","message_type":"http-access","correlation_id":null,"level":"WARNING","message":"150.136.254.151 - - \"POST / HTTP/1.1\" 200 319 \"-\" \"Mozilla/5.0 (X11; Linux x86_64) AppleWebKit/537.36 (KHTML, like Gecko) Chrome/81.0.4044.129 Safari/537.36\"","ip":"150.136.254.151"},"id":"a044df59-9a15-4351-a6e1-d3c9008a1d22","EventProcessedUtcTime":"2023-02-27T17:03:02.3945685Z","PartitionId":0,"EventEnqueuedUtcTime":"2023-02-27T17:03:02.2480000Z","path":"D495D9BB-0F5F-4945-9B2D-F90CAD90E413/2102ac15-bf5e-456c-ab63-90cb836ed7ad/apache-server/150.136.254.151"}