{"customerid":"D495D9BB-0F5F-4945-9B2D-F90CAD90E413","honeyserverid":"2102ac15-bf5e-456c-ab63-90cb836ed7ad","logkind":"connection","honeypotid":"8BE585FB-2F2F-4BC6-8848-4165C1C4AA46","honeypotname":"apache-server","time":"2023-02-28T13:36:08.360584","parsedMessage":{"timestamp":"2023-02-28 13:36:08.360584","message_type":null,"correlation_id":null,"level":"INFO","message":"connection-log connection from 162.142.125.190:42416 to port 80","ip":"162.142.125.190"},"id":"2a656c4f-6957-4639-a508-f5cde529e5d8","EventProcessedUtcTime":"2023-02-28T13:36:08.7218344Z","PartitionId":0,"EventEnqueuedUtcTime":"2023-02-28T13:36:08.6170000Z","path":"D495D9BB-0F5F-4945-9B2D-F90CAD90E413/2102ac15-bf5e-456c-ab63-90cb836ed7ad/apache-server/162.142.125.190"}