{"customerid":"D495D9BB-0F5F-4945-9B2D-F90CAD90E413","honeyserverid":"2102ac15-bf5e-456c-ab63-90cb836ed7ad","logkind":"connection","honeypotid":"8BE585FB-2F2F-4BC6-8848-4165C1C4AA46","honeypotname":"apache-server","time":"2023-03-04T06:27:14.253226","parsedMessage":{"timestamp":"2023-03-04 06:27:14.253226","message_type":null,"correlation_id":null,"level":"INFO","message":"connection-log connection from 140.99.219.26:48402 to port 80","ip":"140.99.219.26"},"id":"c30a71c0-af1a-469e-a05e-9df1e433a3d0","EventProcessedUtcTime":"2023-03-04T06:27:14.6841001Z","PartitionId":0,"EventEnqueuedUtcTime":"2023-03-04T06:27:14.4570000Z","path":"D495D9BB-0F5F-4945-9B2D-F90CAD90E413/2102ac15-bf5e-456c-ab63-90cb836ed7ad/apache-server/140.99.219.26"}