{"customerid":"D495D9BB-0F5F-4945-9B2D-F90CAD90E413","honeyserverid":"87422976-5cd1-469f-9125-4b1f29054ed5","logkind":"connection","honeypotid":"8BE585FB-2F2F-4BC6-8848-4165C1C4AA46","honeypotname":"apache-server","time":"2023-04-01T09:38:34.104923","parsedMessage":{"timestamp":"2023-04-01 09:38:34.104923","message_type":null,"correlation_id":null,"level":"INFO","message":"connection-log connection from 117.173.153.146:15519 to port 80","ip":"117.173.153.146"},"id":"112d5a6f-3e68-4fa9-971c-02e5cfe976e2","EventProcessedUtcTime":"2023-04-01T09:38:34.4746833Z","PartitionId":0,"EventEnqueuedUtcTime":"2023-04-01T09:38:34.2720000Z","path":"D495D9BB-0F5F-4945-9B2D-F90CAD90E413/87422976-5cd1-469f-9125-4b1f29054ed5/apache-server/117.173.153.146"}
{"customerid":"D495D9BB-0F5F-4945-9B2D-F90CAD90E413","honeyserverid":"87422976-5cd1-469f-9125-4b1f29054ed5","logkind":"honeypot","honeypotid":"8BE585FB-2F2F-4BC6-8848-4165C1C4AA46","honeypotname":"apache-server","time":"Sat Apr  1 09:39:01 UTC 2023","parsedMessage":{"timestamp":"2023-04-01 09:38:34+00:00","message_type":"http-access","correlation_id":null,"level":"WARNING","message":"117.173.153.146 - - \"GET / HTTP/1.0\" 200 144024 \"-\" \"-\"","ip":"117.173.153.146"},"id":"22a47024-03df-4e3f-aac6-ba6c48ec09f7","EventProcessedUtcTime":"2023-04-01T09:39:02.1468541Z","PartitionId":0,"EventEnqueuedUtcTime":"2023-04-01T09:39:01.9620000Z","path":"D495D9BB-0F5F-4945-9B2D-F90CAD90E413/87422976-5cd1-469f-9125-4b1f29054ed5/apache-server/117.173.153.146"}