{"customerid":"D495D9BB-0F5F-4945-9B2D-F90CAD90E413","honeyserverid":"2102ac15-bf5e-456c-ab63-90cb836ed7ad","logkind":"connection","honeypotid":"8BE585FB-2F2F-4BC6-8848-4165C1C4AA46","honeypotname":"apache-server","time":"2023-03-05T13:55:14.533258","parsedMessage":{"timestamp":"2023-03-05 13:55:14.533258","message_type":null,"correlation_id":null,"level":"INFO","message":"connection-log connection from 195.178.120.37:56072 to port 80","ip":"195.178.120.37"},"id":"d4b689f4-896e-440a-a2ec-4b240948296a","EventProcessedUtcTime":"2023-03-05T13:55:15.1112265Z","PartitionId":0,"EventEnqueuedUtcTime":"2023-03-05T13:55:14.9420000Z","path":"D495D9BB-0F5F-4945-9B2D-F90CAD90E413/2102ac15-bf5e-456c-ab63-90cb836ed7ad/apache-server/195.178.120.37"}
{"customerid":"D495D9BB-0F5F-4945-9B2D-F90CAD90E413","honeyserverid":"2102ac15-bf5e-456c-ab63-90cb836ed7ad","logkind":"honeypot","honeypotid":"8BE585FB-2F2F-4BC6-8848-4165C1C4AA46","honeypotname":"apache-server","time":"Sun Mar  5 13:56:02 UTC 2023","parsedMessage":{"timestamp":"2023-03-05 13:55:34+00:00","message_type":"http-access","correlation_id":null,"level":"WARNING","message":"195.178.120.37 - - \"-\" 408 0 \"-\" \"-\"","ip":"195.178.120.37"},"id":"d5c1ad98-9cb2-4347-9b83-f1b9444f22ae","EventProcessedUtcTime":"2023-03-05T13:56:02.5796062Z","PartitionId":0,"EventEnqueuedUtcTime":"2023-03-05T13:56:02.3530000Z","path":"D495D9BB-0F5F-4945-9B2D-F90CAD90E413/2102ac15-bf5e-456c-ab63-90cb836ed7ad/apache-server/195.178.120.37"}