{"customerid":"D495D9BB-0F5F-4945-9B2D-F90CAD90E413","honeyserverid":"2102ac15-bf5e-456c-ab63-90cb836ed7ad","logkind":"connection","honeypotid":"8BE585FB-2F2F-4BC6-8848-4165C1C4AA46","honeypotname":"apache-server","time":"2023-02-28T22:14:05.078657","parsedMessage":{"timestamp":"2023-02-28 22:14:05.078657","message_type":null,"correlation_id":null,"level":"INFO","message":"connection-log connection from 195.178.120.37:52226 to port 80","ip":"195.178.120.37"},"id":"55b5676a-becd-46b0-af52-5bce9582121b","EventProcessedUtcTime":"2023-02-28T22:14:05.5347840Z","PartitionId":0,"EventEnqueuedUtcTime":"2023-02-28T22:14:05.3240000Z","path":"D495D9BB-0F5F-4945-9B2D-F90CAD90E413/2102ac15-bf5e-456c-ab63-90cb836ed7ad/apache-server/195.178.120.37"}
{"customerid":"D495D9BB-0F5F-4945-9B2D-F90CAD90E413","honeyserverid":"2102ac15-bf5e-456c-ab63-90cb836ed7ad","logkind":"honeypot","honeypotid":"8BE585FB-2F2F-4BC6-8848-4165C1C4AA46","honeypotname":"apache-server","time":"Tue Feb 28 22:15:02 UTC 2023","parsedMessage":{"timestamp":"2023-02-28 22:14:25+00:00","message_type":"http-access","correlation_id":null,"level":"WARNING","message":"195.178.120.37 - - \"-\" 408 0 \"-\" \"-\"","ip":"195.178.120.37"},"id":"e171f70a-7faa-4133-a360-b4fd4af78003","EventProcessedUtcTime":"2023-02-28T22:15:02.6281653Z","PartitionId":0,"EventEnqueuedUtcTime":"2023-02-28T22:15:02.4570000Z","path":"D495D9BB-0F5F-4945-9B2D-F90CAD90E413/2102ac15-bf5e-456c-ab63-90cb836ed7ad/apache-server/195.178.120.37"}
{"customerid":"D495D9BB-0F5F-4945-9B2D-F90CAD90E413","honeyserverid":"2102ac15-bf5e-456c-ab63-90cb836ed7ad","logkind":"connection","honeypotid":"8BE585FB-2F2F-4BC6-8848-4165C1C4AA46","honeypotname":"apache-server","time":"2023-03-03T08:11:27.133207","parsedMessage":{"timestamp":"2023-03-03 08:11:27.133207","message_type":null,"correlation_id":null,"level":"INFO","message":"connection-log connection from 195.178.120.37:60576 to port 80","ip":"195.178.120.37"},"id":"1afbb77c-4e1b-4458-9b1c-a508f725e2db","EventProcessedUtcTime":"2023-03-03T08:11:27.5427885Z","PartitionId":0,"EventEnqueuedUtcTime":"2023-03-03T08:11:27.3470000Z","path":"D495D9BB-0F5F-4945-9B2D-F90CAD90E413/2102ac15-bf5e-456c-ab63-90cb836ed7ad/apache-server/195.178.120.37"}