{"customerid":"D495D9BB-0F5F-4945-9B2D-F90CAD90E413","honeyserverid":"2102ac15-bf5e-456c-ab63-90cb836ed7ad","logkind":"connection","honeypotid":"8BE585FB-2F2F-4BC6-8848-4165C1C4AA46","honeypotname":"apache-server","time":"2023-03-06T20:47:03.578602","parsedMessage":{"timestamp":"2023-03-06 20:47:03.578602","message_type":null,"correlation_id":null,"level":"INFO","message":"connection-log connection from 185.180.143.8:49706 to port 80","ip":"185.180.143.8"},"id":"c00a91fc-8217-4d5f-87a2-f55fcdbc10f5","EventProcessedUtcTime":"2023-03-06T20:47:04.5348168Z","PartitionId":0,"EventEnqueuedUtcTime":"2023-03-06T20:47:04.4580000Z","path":"D495D9BB-0F5F-4945-9B2D-F90CAD90E413/2102ac15-bf5e-456c-ab63-90cb836ed7ad/apache-server/185.180.143.8"}
{"customerid":"D495D9BB-0F5F-4945-9B2D-F90CAD90E413","honeyserverid":"2102ac15-bf5e-456c-ab63-90cb836ed7ad","logkind":"honeypot","honeypotid":"8BE585FB-2F2F-4BC6-8848-4165C1C4AA46","honeypotname":"apache-server","time":"Mon Mar  6 20:48:02 UTC 2023","parsedMessage":{"timestamp":"2023-03-06 20:47:03+00:00","message_type":"http-access","correlation_id":null,"level":"WARNING","message":"185.180.143.8 - - \"GET / HTTP/1.1\" 200 263 \"-\" \"Mozilla/5.0 (Windows NT 10.0; Win64; x64) AppleWebKit/537.36 (KHTML, like Gecko) Chrome/60.0.3112.113 Safari/537.36\"","ip":"185.180.143.8"},"id":"dc7dabcb-04e3-4160-b5f2-2685560224f7","EventProcessedUtcTime":"2023-03-06T20:48:02.8315696Z","PartitionId":0,"EventEnqueuedUtcTime":"2023-03-06T20:48:02.7970000Z","path":"D495D9BB-0F5F-4945-9B2D-F90CAD90E413/2102ac15-bf5e-456c-ab63-90cb836ed7ad/apache-server/185.180.143.8"}