{"customerid":"D495D9BB-0F5F-4945-9B2D-F90CAD90E413","honeyserverid":"2102ac15-bf5e-456c-ab63-90cb836ed7ad","logkind":"connection","honeypotid":"8BE585FB-2F2F-4BC6-8848-4165C1C4AA46","honeypotname":"apache-server","time":"2023-03-05T19:52:03.898697","parsedMessage":{"timestamp":"2023-03-05 19:52:03.898697","message_type":null,"correlation_id":null,"level":"INFO","message":"connection-log connection from 198.235.24.35:63076 to port 80","ip":"198.235.24.35"},"id":"fad8b8cd-49df-4c61-a537-795782a36047","EventProcessedUtcTime":"2023-03-05T19:52:04.2613091Z","PartitionId":0,"EventEnqueuedUtcTime":"2023-03-05T19:52:04.1450000Z","path":"D495D9BB-0F5F-4945-9B2D-F90CAD90E413/2102ac15-bf5e-456c-ab63-90cb836ed7ad/apache-server/198.235.24.35"}
{"customerid":"D495D9BB-0F5F-4945-9B2D-F90CAD90E413","honeyserverid":"2102ac15-bf5e-456c-ab63-90cb836ed7ad","logkind":"honeypot","honeypotid":"8BE585FB-2F2F-4BC6-8848-4165C1C4AA46","honeypotname":"apache-server","time":"Sun Mar  5 19:53:02 UTC 2023","parsedMessage":{"timestamp":"2023-03-05 19:52:03+00:00","message_type":"http-access","correlation_id":null,"level":"WARNING","message":"198.235.24.35 - - \"\\x16\\x03\\x01\" 400 0 \"-\" \"-\"","ip":"198.235.24.35"},"id":"759e32fb-dbb1-4525-b476-36149b1f3db4","EventProcessedUtcTime":"2023-03-05T19:53:02.5569514Z","PartitionId":0,"EventEnqueuedUtcTime":"2023-03-05T19:53:02.3860000Z","path":"D495D9BB-0F5F-4945-9B2D-F90CAD90E413/2102ac15-bf5e-456c-ab63-90cb836ed7ad/apache-server/198.235.24.35"}