{"customerid":"D495D9BB-0F5F-4945-9B2D-F90CAD90E413","honeyserverid":"2102ac15-bf5e-456c-ab63-90cb836ed7ad","logkind":"connection","honeypotid":"8BE585FB-2F2F-4BC6-8848-4165C1C4AA46","honeypotname":"apache-server","time":"2023-02-23T03:57:09.865043","parsedMessage":{"timestamp":"2023-02-23 03:57:09.865043","message_type":null,"correlation_id":null,"level":"INFO","message":"connection-log connection from 198.235.24.35:56685 to port 80","ip":"198.235.24.35"},"id":"f2c5a7bb-3cf8-4413-8118-194627cf616f","EventProcessedUtcTime":"2023-02-23T03:57:10.2049983Z","PartitionId":0,"EventEnqueuedUtcTime":"2023-02-23T03:57:10.0620000Z","path":"D495D9BB-0F5F-4945-9B2D-F90CAD90E413/2102ac15-bf5e-456c-ab63-90cb836ed7ad/apache-server/198.235.24.35"}
{"customerid":"D495D9BB-0F5F-4945-9B2D-F90CAD90E413","honeyserverid":"2102ac15-bf5e-456c-ab63-90cb836ed7ad","logkind":"honeypot","honeypotid":"8BE585FB-2F2F-4BC6-8848-4165C1C4AA46","honeypotname":"apache-server","time":"Thu Feb 23 03:58:01 UTC 2023","parsedMessage":{"timestamp":"2023-02-23 03:57:50+00:00","message_type":"http-access","correlation_id":null,"level":"WARNING","message":"198.235.24.35 - - \"GET / HTTP/1.1\" 200 263 \"-\" \"Expanse, a Palo Alto Networks company, searches across the global IPv4 space multiple times per day to identify customers&#39; presences on the Internet. If you would like to be excluded from our scans, please send IP addresses/domains to: scaninfo@paloaltonetworks.com\"","ip":"198.235.24.35"},"id":"60370abd-f9ea-418c-a35e-b7c806f84001","EventProcessedUtcTime":"2023-02-23T03:58:01.7677842Z","PartitionId":0,"EventEnqueuedUtcTime":"2023-02-23T03:58:01.5680000Z","path":"D495D9BB-0F5F-4945-9B2D-F90CAD90E413/2102ac15-bf5e-456c-ab63-90cb836ed7ad/apache-server/198.235.24.35"}