{"customerid":"D495D9BB-0F5F-4945-9B2D-F90CAD90E413","honeyserverid":"2102ac15-bf5e-456c-ab63-90cb836ed7ad","logkind":"connection","honeypotid":"8BE585FB-2F2F-4BC6-8848-4165C1C4AA46","honeypotname":"apache-server","time":"2023-03-05T00:20:13.781845","parsedMessage":{"timestamp":"2023-03-05 00:20:13.781845","message_type":null,"correlation_id":null,"level":"INFO","message":"connection-log connection from 172.174.144.208:42342 to port 80","ip":"172.174.144.208"},"id":"a916a1e1-7ca7-4041-82ba-4c6a2ebdf36b","EventProcessedUtcTime":"2023-03-05T00:20:15.0732486Z","PartitionId":0,"EventEnqueuedUtcTime":"2023-03-05T00:20:14.8890000Z","path":"D495D9BB-0F5F-4945-9B2D-F90CAD90E413/2102ac15-bf5e-456c-ab63-90cb836ed7ad/apache-server/172.174.144.208"}
{"customerid":"D495D9BB-0F5F-4945-9B2D-F90CAD90E413","honeyserverid":"2102ac15-bf5e-456c-ab63-90cb836ed7ad","logkind":"honeypot","honeypotid":"8BE585FB-2F2F-4BC6-8848-4165C1C4AA46","honeypotname":"apache-server","time":"Sun Mar  5 00:22:02 UTC 2023","parsedMessage":{"timestamp":"2023-03-05 00:21:12+00:00","message_type":"http-access","correlation_id":null,"level":"WARNING","message":"172.174.144.208 - - \"GET / HTTP/1.0\" 200 282 \"-\" \"-\"","ip":"172.174.144.208"},"id":"a88c2530-30b5-454c-9277-be95972ad168","EventProcessedUtcTime":"2023-03-05T00:22:02.4953753Z","PartitionId":0,"EventEnqueuedUtcTime":"2023-03-05T00:22:02.4680000Z","path":"D495D9BB-0F5F-4945-9B2D-F90CAD90E413/2102ac15-bf5e-456c-ab63-90cb836ed7ad/apache-server/172.174.144.208"}