{"customerid":"D495D9BB-0F5F-4945-9B2D-F90CAD90E413","honeyserverid":"87422976-5cd1-469f-9125-4b1f29054ed5","logkind":"honeypot","honeypotid":"8BE585FB-2F2F-4BC6-8848-4165C1C4AA46","honeypotname":"apache-server","time":"Sun Apr  2 23:24:01 UTC 2023","parsedMessage":{"timestamp":"2023-04-02 23:23:39+00:00","message_type":"http-access","correlation_id":null,"level":"WARNING","message":"20.199.17.56 - - \"GET /.env HTTP/1.1\" 404 492 \"-\" \"Mozilla/5.0 (Linux; U; Android 4.4.2; en-US; HM NOTE 1W Build/KOT49H) AppleWebKit/534.30 (KHTML, like Gecko) Version/4.0 UCBrowser/11.0.5.850 U3/0.8.0 Mobile Safari/534.30\"","ip":"20.199.17.56"},"id":"ff0a637b-3114-4318-bc6d-384fdf4c3c40","EventProcessedUtcTime":"2023-04-02T23:24:02.1968266Z","PartitionId":0,"EventEnqueuedUtcTime":"2023-04-02T23:24:02.1640000Z","path":"D495D9BB-0F5F-4945-9B2D-F90CAD90E413/87422976-5cd1-469f-9125-4b1f29054ed5/apache-server/20.199.17.56"}
{"customerid":"D495D9BB-0F5F-4945-9B2D-F90CAD90E413","honeyserverid":"87422976-5cd1-469f-9125-4b1f29054ed5","logkind":"honeypot","honeypotid":"8BE585FB-2F2F-4BC6-8848-4165C1C4AA46","honeypotname":"apache-server","time":"Sun Apr  2 23:24:02 UTC 2023","parsedMessage":{"timestamp":"2023-04-02 23:23:39+00:00","message_type":"http-access","correlation_id":null,"level":"WARNING","message":"20.199.17.56 - - \"POST / HTTP/1.1\" 200 17833 \"-\" \"Mozilla/5.0 (Linux; U; Android 4.4.2; en-US; HM NOTE 1W Build/KOT49H) AppleWebKit/534.30 (KHTML, like Gecko) Version/4.0 UCBrowser/11.0.5.850 U3/0.8.0 Mobile Safari/534.30\"","ip":"20.199.17.56"},"id":"66350ad7-1a98-41a5-a13a-484598ed13a2","EventProcessedUtcTime":"2023-04-02T23:24:02.6340095Z","PartitionId":0,"EventEnqueuedUtcTime":"2023-04-02T23:24:02.4450000Z","path":"D495D9BB-0F5F-4945-9B2D-F90CAD90E413/87422976-5cd1-469f-9125-4b1f29054ed5/apache-server/20.199.17.56"}