{"customerid":"D495D9BB-0F5F-4945-9B2D-F90CAD90E413","honeyserverid":"2102ac15-bf5e-456c-ab63-90cb836ed7ad","logkind":"connection","honeypotid":"8BE585FB-2F2F-4BC6-8848-4165C1C4AA46","honeypotname":"apache-server","time":"2023-02-25T13:22:57.621542","parsedMessage":{"timestamp":"2023-02-25 13:22:57.621542","message_type":null,"correlation_id":null,"level":"INFO","message":"connection-log connection from 162.142.125.160:5189 to port 80","ip":"162.142.125.160"},"id":"8bae1a6f-ff90-400d-9216-09690a21081c","EventProcessedUtcTime":"2023-02-25T13:22:57.9456566Z","PartitionId":0,"EventEnqueuedUtcTime":"2023-02-25T13:22:57.8520000Z","path":"D495D9BB-0F5F-4945-9B2D-F90CAD90E413/2102ac15-bf5e-456c-ab63-90cb836ed7ad/apache-server/162.142.125.160"}
{"customerid":"D495D9BB-0F5F-4945-9B2D-F90CAD90E413","honeyserverid":"2102ac15-bf5e-456c-ab63-90cb836ed7ad","logkind":"connection","honeypotid":"8BE585FB-2F2F-4BC6-8848-4165C1C4AA46","honeypotname":"apache-server","time":"2023-02-26T02:46:40.931135","parsedMessage":{"timestamp":"2023-02-26 02:46:40.931135","message_type":null,"correlation_id":null,"level":"INFO","message":"connection-log connection from 162.142.125.160:5189 to port 80","ip":"162.142.125.160"},"id":"6165143a-f241-4aa8-89fa-0207849d5019","EventProcessedUtcTime":"2023-02-26T02:46:41.3073460Z","PartitionId":0,"EventEnqueuedUtcTime":"2023-02-26T02:46:41.1650000Z","path":"D495D9BB-0F5F-4945-9B2D-F90CAD90E413/2102ac15-bf5e-456c-ab63-90cb836ed7ad/apache-server/162.142.125.160"}
{"customerid":"D495D9BB-0F5F-4945-9B2D-F90CAD90E413","honeyserverid":"2102ac15-bf5e-456c-ab63-90cb836ed7ad","logkind":"connection","honeypotid":"8BE585FB-2F2F-4BC6-8848-4165C1C4AA46","honeypotname":"apache-server","time":"2023-02-26T02:46:40.931135","parsedMessage":{"timestamp":"2023-02-26 02:46:40.931135","message_type":null,"correlation_id":null,"level":"INFO","message":"connection-log connection from 162.142.125.160:5189 to port 80","ip":"162.142.125.160"},"id":"6165143a-f241-4aa8-89fa-0207849d5019","EventProcessedUtcTime":"2023-02-26T02:46:48.6353261Z","PartitionId":0,"EventEnqueuedUtcTime":"2023-02-26T02:46:48.4160000Z","path":"D495D9BB-0F5F-4945-9B2D-F90CAD90E413/2102ac15-bf5e-456c-ab63-90cb836ed7ad/apache-server/162.142.125.160"}