{"customerid":"D495D9BB-0F5F-4945-9B2D-F90CAD90E413","honeyserverid":"2102ac15-bf5e-456c-ab63-90cb836ed7ad","logkind":"connection","honeypotid":"8BE585FB-2F2F-4BC6-8848-4165C1C4AA46","honeypotname":"apache-server","time":"2023-03-05T16:45:58.834731","parsedMessage":{"timestamp":"2023-03-05 16:45:58.834731","message_type":null,"correlation_id":null,"level":"INFO","message":"connection-log connection from 162.142.125.160:5189 to port 80","ip":"162.142.125.160"},"id":"180789df-cf2d-439b-9a07-9b153283f8e6","EventProcessedUtcTime":"2023-03-05T16:45:59.1483721Z","PartitionId":0,"EventEnqueuedUtcTime":"2023-03-05T16:45:59.1090000Z","path":"D495D9BB-0F5F-4945-9B2D-F90CAD90E413/2102ac15-bf5e-456c-ab63-90cb836ed7ad/apache-server/162.142.125.160"}