{"customerid":"D495D9BB-0F5F-4945-9B2D-F90CAD90E413","honeyserverid":"87422976-5cd1-469f-9125-4b1f29054ed5","logkind":"connection","honeypotid":"8BE585FB-2F2F-4BC6-8848-4165C1C4AA46","honeypotname":"apache-server","time":"2023-04-02T06:16:19.384112","parsedMessage":{"timestamp":"2023-04-02 06:16:19.384112","message_type":null,"correlation_id":null,"level":"INFO","message":"connection-log connection from 162.142.125.160:5189 to port 80","ip":"162.142.125.160"},"id":"a002f084-b062-4c7e-9085-a60f62f02595","EventProcessedUtcTime":"2023-04-02T06:16:19.7579490Z","PartitionId":0,"EventEnqueuedUtcTime":"2023-04-02T06:16:19.5820000Z","path":"D495D9BB-0F5F-4945-9B2D-F90CAD90E413/87422976-5cd1-469f-9125-4b1f29054ed5/apache-server/162.142.125.160"}
{"customerid":"D495D9BB-0F5F-4945-9B2D-F90CAD90E413","honeyserverid":"87422976-5cd1-469f-9125-4b1f29054ed5","logkind":"connection","honeypotid":"8BE585FB-2F2F-4BC6-8848-4165C1C4AA46","honeypotname":"apache-server","time":"2023-04-03T08:17:13.913557","parsedMessage":{"timestamp":"2023-04-03 08:17:13.913557","message_type":null,"correlation_id":null,"level":"INFO","message":"connection-log connection from 162.142.125.160:5189 to port 80","ip":"162.142.125.160"},"id":"b6118fe8-50cc-45a8-8b38-2354163d8c10","EventProcessedUtcTime":"2023-04-03T08:17:14.4583425Z","PartitionId":0,"EventEnqueuedUtcTime":"2023-04-03T08:17:14.2960000Z","path":"D495D9BB-0F5F-4945-9B2D-F90CAD90E413/87422976-5cd1-469f-9125-4b1f29054ed5/apache-server/162.142.125.160"}