{"customerid":"D495D9BB-0F5F-4945-9B2D-F90CAD90E413","honeyserverid":"2102ac15-bf5e-456c-ab63-90cb836ed7ad","logkind":"connection","honeypotid":"8BE585FB-2F2F-4BC6-8848-4165C1C4AA46","honeypotname":"apache-server","time":"2023-02-26T14:57:42.603031","parsedMessage":{"timestamp":"2023-02-26 14:57:42.603031","message_type":null,"correlation_id":null,"level":"INFO","message":"connection-log connection from 110.142.106.241:58751 to port 80","ip":"110.142.106.241"},"id":"cd91baae-ee95-49e9-be76-c2cb21c6a765","EventProcessedUtcTime":"2023-02-26T14:57:43.0750254Z","PartitionId":0,"EventEnqueuedUtcTime":"2023-02-26T14:57:42.8790000Z","path":"D495D9BB-0F5F-4945-9B2D-F90CAD90E413/2102ac15-bf5e-456c-ab63-90cb836ed7ad/apache-server/110.142.106.241"}
{"customerid":"D495D9BB-0F5F-4945-9B2D-F90CAD90E413","honeyserverid":"2102ac15-bf5e-456c-ab63-90cb836ed7ad","logkind":"honeypot","honeypotid":"8BE585FB-2F2F-4BC6-8848-4165C1C4AA46","honeypotname":"apache-server","time":"Sun Feb 26 14:58:02 UTC 2023","parsedMessage":{"timestamp":"2023-02-26 14:57:42+00:00","message_type":"http-access","correlation_id":null,"level":"WARNING","message":"110.142.106.241 - - \"GET / HTTP/1.1\" 200 263 \"-\" \"-\"","ip":"110.142.106.241"},"id":"cf59ee38-7b27-49a6-b7b6-d0b25117f970","EventProcessedUtcTime":"2023-02-26T14:58:02.4514292Z","PartitionId":0,"EventEnqueuedUtcTime":"2023-02-26T14:58:02.3970000Z","path":"D495D9BB-0F5F-4945-9B2D-F90CAD90E413/2102ac15-bf5e-456c-ab63-90cb836ed7ad/apache-server/110.142.106.241"}