{"customerid":"D495D9BB-0F5F-4945-9B2D-F90CAD90E413","honeyserverid":"2102ac15-bf5e-456c-ab63-90cb836ed7ad","logkind":"connection","honeypotid":"8BE585FB-2F2F-4BC6-8848-4165C1C4AA46","honeypotname":"apache-server","time":"2023-03-04T01:58:38.605455","parsedMessage":{"timestamp":"2023-03-04 01:58:38.605455","message_type":null,"correlation_id":null,"level":"INFO","message":"connection-log connection from 107.170.239.28:35271 to port 80","ip":"107.170.239.28"},"id":"d7c96c05-01c2-4c5b-8e6b-816e7522f6ce","EventProcessedUtcTime":"2023-03-04T01:58:39.0526259Z","PartitionId":0,"EventEnqueuedUtcTime":"2023-03-04T01:58:38.9000000Z","path":"D495D9BB-0F5F-4945-9B2D-F90CAD90E413/2102ac15-bf5e-456c-ab63-90cb836ed7ad/apache-server/107.170.239.28"}
{"customerid":"D495D9BB-0F5F-4945-9B2D-F90CAD90E413","honeyserverid":"2102ac15-bf5e-456c-ab63-90cb836ed7ad","logkind":"connection","honeypotid":"8BE585FB-2F2F-4BC6-8848-4165C1C4AA46","honeypotname":"apache-server","time":"2023-03-04T02:01:51.640520","parsedMessage":{"timestamp":"2023-03-04 02:01:51.640520","message_type":null,"correlation_id":null,"level":"INFO","message":"connection-log connection from 107.170.239.28:47158 to port 80","ip":"107.170.239.28"},"id":"8137aafb-f06a-484b-aecd-7c813525fee3","EventProcessedUtcTime":"2023-03-04T02:01:52.1060952Z","PartitionId":0,"EventEnqueuedUtcTime":"2023-03-04T02:01:51.9230000Z","path":"D495D9BB-0F5F-4945-9B2D-F90CAD90E413/2102ac15-bf5e-456c-ab63-90cb836ed7ad/apache-server/107.170.239.28"}
{"customerid":"D495D9BB-0F5F-4945-9B2D-F90CAD90E413","honeyserverid":"2102ac15-bf5e-456c-ab63-90cb836ed7ad","logkind":"honeypot","honeypotid":"8BE585FB-2F2F-4BC6-8848-4165C1C4AA46","honeypotname":"apache-server","time":"Sat Mar  4 02:02:01 UTC 2023","parsedMessage":{"timestamp":"2023-03-04 02:01:50+00:00","message_type":"http-access","correlation_id":null,"level":"WARNING","message":"107.170.239.28 - - \"GET / HTTP/1.1\" 200 263 \"-\" \"Mozilla/5.0 zgrab/0.x\"","ip":"107.170.239.28"},"id":"49b65b39-531b-4b1a-aab2-5508c8f07b73","EventProcessedUtcTime":"2023-03-04T02:02:01.9501259Z","PartitionId":0,"EventEnqueuedUtcTime":"2023-03-04T02:02:01.8770000Z","path":"D495D9BB-0F5F-4945-9B2D-F90CAD90E413/2102ac15-bf5e-456c-ab63-90cb836ed7ad/apache-server/107.170.239.28"}