{"customerid":"D495D9BB-0F5F-4945-9B2D-F90CAD90E413","honeyserverid":"2102ac15-bf5e-456c-ab63-90cb836ed7ad","logkind":"honeypot","honeypotid":"8BE585FB-2F2F-4BC6-8848-4165C1C4AA46","honeypotname":"apache-server","time":"Wed Mar  8 20:25:02 UTC 2023","parsedMessage":{"timestamp":"2023-03-08 20:24:32+00:00","message_type":"http-access","correlation_id":null,"level":"WARNING","message":"136.228.128.214 - - \"GET / HTTP/1.1\" 200 263 \"-\" \"Mozilla/5.0 (Windows NT 10.0; WOW64) AppleWebKit/537.36 (KHTML, like Gecko) Chrome/51.0.2704.103 Safari/537.36\"","ip":"136.228.128.214"},"id":"46d46e9c-7d6f-44f9-b8a2-c21eb85a9a12","EventProcessedUtcTime":"2023-03-08T20:25:02.4831733Z","PartitionId":0,"EventEnqueuedUtcTime":"2023-03-08T20:25:02.2640000Z","path":"D495D9BB-0F5F-4945-9B2D-F90CAD90E413/2102ac15-bf5e-456c-ab63-90cb836ed7ad/apache-server/136.228.128.214"}