{"customerid":"D495D9BB-0F5F-4945-9B2D-F90CAD90E413","honeyserverid":"2102ac15-bf5e-456c-ab63-90cb836ed7ad","logkind":"connection","honeypotid":"8BE585FB-2F2F-4BC6-8848-4165C1C4AA46","honeypotname":"apache-server","time":"2023-03-08T16:46:44.625358","parsedMessage":{"timestamp":"2023-03-08 16:46:44.625358","message_type":null,"correlation_id":null,"level":"INFO","message":"connection-log connection from 172.104.11.34:30860 to port 80","ip":"172.104.11.34"},"id":"99ec084f-1e6c-442f-9022-e8e69ab9f031","EventProcessedUtcTime":"2023-03-08T16:46:45.0609006Z","PartitionId":0,"EventEnqueuedUtcTime":"2023-03-08T16:46:44.8920000Z","path":"D495D9BB-0F5F-4945-9B2D-F90CAD90E413/2102ac15-bf5e-456c-ab63-90cb836ed7ad/apache-server/172.104.11.34"}
{"customerid":"D495D9BB-0F5F-4945-9B2D-F90CAD90E413","honeyserverid":"2102ac15-bf5e-456c-ab63-90cb836ed7ad","logkind":"honeypot","honeypotid":"8BE585FB-2F2F-4BC6-8848-4165C1C4AA46","honeypotname":"apache-server","time":"Wed Mar  8 16:47:01 UTC 2023","parsedMessage":{"timestamp":"2023-03-08 16:46:43+00:00","message_type":"http-access","correlation_id":null,"level":"WARNING","message":"172.104.11.34 - - \"\\x16\\x03\\x01\" 400 0 \"-\" \"-\"","ip":"172.104.11.34"},"id":"cbb1bfaa-395a-426b-b1a4-fefad3a827ce","EventProcessedUtcTime":"2023-03-08T16:47:02.0140430Z","PartitionId":0,"EventEnqueuedUtcTime":"2023-03-08T16:47:01.8470000Z","path":"D495D9BB-0F5F-4945-9B2D-F90CAD90E413/2102ac15-bf5e-456c-ab63-90cb836ed7ad/apache-server/172.104.11.34"}