{"customerid":"D495D9BB-0F5F-4945-9B2D-F90CAD90E413","honeyserverid":"2102ac15-bf5e-456c-ab63-90cb836ed7ad","logkind":"connection","honeypotid":"8BE585FB-2F2F-4BC6-8848-4165C1C4AA46","honeypotname":"apache-server","time":"2023-02-22T15:25:08.348832","parsedMessage":{"timestamp":"2023-02-22 15:25:08.348832","message_type":null,"correlation_id":null,"level":"INFO","message":"connection-log connection from 172.104.11.34:63096 to port 80","ip":"172.104.11.34"},"id":"748dbb90-8508-43f0-a7ce-5120d808a9f1","EventProcessedUtcTime":"2023-02-22T15:25:08.8575633Z","PartitionId":0,"EventEnqueuedUtcTime":"2023-02-22T15:25:08.6700000Z","path":"D495D9BB-0F5F-4945-9B2D-F90CAD90E413/2102ac15-bf5e-456c-ab63-90cb836ed7ad/apache-server/172.104.11.34"}
{"customerid":"D495D9BB-0F5F-4945-9B2D-F90CAD90E413","honeyserverid":"2102ac15-bf5e-456c-ab63-90cb836ed7ad","logkind":"honeypot","honeypotid":"8BE585FB-2F2F-4BC6-8848-4165C1C4AA46","honeypotname":"apache-server","time":"Wed Feb 22 15:26:02 UTC 2023","parsedMessage":{"timestamp":"2023-02-22 15:25:08+00:00","message_type":"http-access","correlation_id":null,"level":"WARNING","message":"172.104.11.34 - - \"GET / HTTP/1.1\" 200 263 \"-\" \"Mozilla/5.0 (Macintosh; Intel Mac OS X 13_1) AppleWebKit/537.36 (KHTML, like Gecko) Chrome/108.0.0.0 Safari/537.36\"","ip":"172.104.11.34"},"id":"f4f5037e-0d68-46ac-af16-1c31604f53fb","EventProcessedUtcTime":"2023-02-22T15:26:02.4508792Z","PartitionId":0,"EventEnqueuedUtcTime":"2023-02-22T15:26:02.2540000Z","path":"D495D9BB-0F5F-4945-9B2D-F90CAD90E413/2102ac15-bf5e-456c-ab63-90cb836ed7ad/apache-server/172.104.11.34"}