{"customerid":"D495D9BB-0F5F-4945-9B2D-F90CAD90E413","honeyserverid":"2102ac15-bf5e-456c-ab63-90cb836ed7ad","logkind":"connection","honeypotid":"8BE585FB-2F2F-4BC6-8848-4165C1C4AA46","honeypotname":"apache-server","time":"2023-02-26T17:08:55.057266","parsedMessage":{"timestamp":"2023-02-26 17:08:55.057266","message_type":null,"correlation_id":null,"level":"INFO","message":"connection-log connection from 120.211.145.96:26354 to port 80","ip":"120.211.145.96"},"id":"0508b192-942a-4ce7-81d4-5d66b6c2f4a7","EventProcessedUtcTime":"2023-02-26T17:08:55.5036945Z","PartitionId":0,"EventEnqueuedUtcTime":"2023-02-26T17:08:55.2850000Z","path":"D495D9BB-0F5F-4945-9B2D-F90CAD90E413/2102ac15-bf5e-456c-ab63-90cb836ed7ad/apache-server/120.211.145.96"}
{"customerid":"D495D9BB-0F5F-4945-9B2D-F90CAD90E413","honeyserverid":"2102ac15-bf5e-456c-ab63-90cb836ed7ad","logkind":"honeypot","honeypotid":"8BE585FB-2F2F-4BC6-8848-4165C1C4AA46","honeypotname":"apache-server","time":"Sun Feb 26 17:09:02 UTC 2023","parsedMessage":{"timestamp":"2023-02-26 17:08:54+00:00","message_type":"http-access","correlation_id":null,"level":"WARNING","message":"120.211.145.96 - - \"GET / HTTP/1.0\" 200 282 \"-\" \"-\"","ip":"120.211.145.96"},"id":"367109d4-e2e5-4a9d-bb3d-24b1793257b1","EventProcessedUtcTime":"2023-02-26T17:09:02.5041565Z","PartitionId":0,"EventEnqueuedUtcTime":"2023-02-26T17:09:02.4590000Z","path":"D495D9BB-0F5F-4945-9B2D-F90CAD90E413/2102ac15-bf5e-456c-ab63-90cb836ed7ad/apache-server/120.211.145.96"}