{"customerid":"D495D9BB-0F5F-4945-9B2D-F90CAD90E413","honeyserverid":"2102ac15-bf5e-456c-ab63-90cb836ed7ad","logkind":"connection","honeypotid":"8BE585FB-2F2F-4BC6-8848-4165C1C4AA46","honeypotname":"apache-server","time":"2023-03-01T05:01:27.386359","parsedMessage":{"timestamp":"2023-03-01 05:01:27.386359","message_type":null,"correlation_id":null,"level":"INFO","message":"connection-log connection from 156.210.41.79:8945 to port 80","ip":"156.210.41.79"},"id":"1c238098-8ba1-423e-b6b3-b785bde854bd","EventProcessedUtcTime":"2023-03-01T05:01:27.8843364Z","PartitionId":0,"EventEnqueuedUtcTime":"2023-03-01T05:01:27.7210000Z","path":"D495D9BB-0F5F-4945-9B2D-F90CAD90E413/2102ac15-bf5e-456c-ab63-90cb836ed7ad/apache-server/156.210.41.79"}
{"customerid":"D495D9BB-0F5F-4945-9B2D-F90CAD90E413","honeyserverid":"2102ac15-bf5e-456c-ab63-90cb836ed7ad","logkind":"honeypot","honeypotid":"8BE585FB-2F2F-4BC6-8848-4165C1C4AA46","honeypotname":"apache-server","time":"Wed Mar  1 05:02:01 UTC 2023","parsedMessage":{"timestamp":"2023-03-01 05:01:27+00:00","message_type":"http-access","correlation_id":null,"level":"WARNING","message":"156.210.41.79 - - \"GET / HTTP/1.1\" 200 263 \"-\" \"Mozilla/5.0 (Macintosh; Intel Mac OS X 10_11_6) AppleWebKit/601.7.7 (KHTML, like Gecko) Version/9.1.2 Safari/601.7.7\"","ip":"156.210.41.79"},"id":"0549035d-4d80-444d-81d1-ef2837491bdf","EventProcessedUtcTime":"2023-03-01T05:02:02.4463958Z","PartitionId":0,"EventEnqueuedUtcTime":"2023-03-01T05:02:02.2420000Z","path":"D495D9BB-0F5F-4945-9B2D-F90CAD90E413/2102ac15-bf5e-456c-ab63-90cb836ed7ad/apache-server/156.210.41.79"}