{"customerid":"D495D9BB-0F5F-4945-9B2D-F90CAD90E413","honeyserverid":"2102ac15-bf5e-456c-ab63-90cb836ed7ad","logkind":"connection","honeypotid":"8BE585FB-2F2F-4BC6-8848-4165C1C4AA46","honeypotname":"apache-server","time":"2023-03-08T08:24:22.289599","parsedMessage":{"timestamp":"2023-03-08 08:24:22.289599","message_type":null,"correlation_id":null,"level":"INFO","message":"connection-log connection from 107.170.192.22:39727 to port 80","ip":"107.170.192.22"},"id":"f240ec14-8106-46aa-9df7-d59c540b6a4b","EventProcessedUtcTime":"2023-03-08T08:24:22.7236194Z","PartitionId":0,"EventEnqueuedUtcTime":"2023-03-08T08:24:22.5910000Z","path":"D495D9BB-0F5F-4945-9B2D-F90CAD90E413/2102ac15-bf5e-456c-ab63-90cb836ed7ad/apache-server/107.170.192.22"}
{"customerid":"D495D9BB-0F5F-4945-9B2D-F90CAD90E413","honeyserverid":"2102ac15-bf5e-456c-ab63-90cb836ed7ad","logkind":"honeypot","honeypotid":"8BE585FB-2F2F-4BC6-8848-4165C1C4AA46","honeypotname":"apache-server","time":"Wed Mar  8 08:28:01 UTC 2023","parsedMessage":{"timestamp":"2023-03-08 08:27:11+00:00","message_type":"http-access","correlation_id":null,"level":"WARNING","message":"107.170.192.22 - - \"GET /druid/index.html HTTP/1.1\" 404 435 \"-\" \"Mozilla/5.0 zgrab/0.x\"","ip":"107.170.192.22"},"id":"4e0e37fd-9b85-42e8-9c33-14337a6d9a87","EventProcessedUtcTime":"2023-03-08T08:28:01.7388579Z","PartitionId":0,"EventEnqueuedUtcTime":"2023-03-08T08:28:01.5250000Z","path":"D495D9BB-0F5F-4945-9B2D-F90CAD90E413/2102ac15-bf5e-456c-ab63-90cb836ed7ad/apache-server/107.170.192.22"}