{"customerid":"D495D9BB-0F5F-4945-9B2D-F90CAD90E413","honeyserverid":"2102ac15-bf5e-456c-ab63-90cb836ed7ad","logkind":"connection","honeypotid":"8BE585FB-2F2F-4BC6-8848-4165C1C4AA46","honeypotname":"apache-server","time":"2023-02-23T14:40:16.113850","parsedMessage":{"timestamp":"2023-02-23 14:40:16.113850","message_type":null,"correlation_id":null,"level":"INFO","message":"connection-log connection from 128.14.134.134:41022 to port 80","ip":"128.14.134.134"},"id":"8f92ae89-8ec4-4c05-ae6e-cdc23afd39b7","EventProcessedUtcTime":"2023-02-23T14:40:16.5405853Z","PartitionId":0,"EventEnqueuedUtcTime":"2023-02-23T14:40:16.5050000Z","path":"D495D9BB-0F5F-4945-9B2D-F90CAD90E413/2102ac15-bf5e-456c-ab63-90cb836ed7ad/apache-server/128.14.134.134"}
{"customerid":"D495D9BB-0F5F-4945-9B2D-F90CAD90E413","honeyserverid":"2102ac15-bf5e-456c-ab63-90cb836ed7ad","logkind":"honeypot","honeypotid":"8BE585FB-2F2F-4BC6-8848-4165C1C4AA46","honeypotname":"apache-server","time":"Thu Feb 23 14:41:01 UTC 2023","parsedMessage":{"timestamp":"2023-02-23 14:40:16+00:00","message_type":"http-access","correlation_id":null,"level":"WARNING","message":"128.14.134.134 - - \"GET / HTTP/1.1\" 200 263 \"-\" \"Mozilla/5.0 (Windows NT 10.0; Win64; x64) AppleWebKit/537.36 (KHTML, like Gecko) Chrome/60.0.3112.113 Safari/537.36\"","ip":"128.14.134.134"},"id":"68cd7d8c-3da1-4fec-9e07-1659f2f3d030","EventProcessedUtcTime":"2023-02-23T14:41:01.7120583Z","PartitionId":0,"EventEnqueuedUtcTime":"2023-02-23T14:41:01.5230000Z","path":"D495D9BB-0F5F-4945-9B2D-F90CAD90E413/2102ac15-bf5e-456c-ab63-90cb836ed7ad/apache-server/128.14.134.134"}