{"customerid":"D495D9BB-0F5F-4945-9B2D-F90CAD90E413","honeyserverid":"2102ac15-bf5e-456c-ab63-90cb836ed7ad","logkind":"connection","honeypotid":"8BE585FB-2F2F-4BC6-8848-4165C1C4AA46","honeypotname":"apache-server","time":"2023-02-23T13:16:24.168961","parsedMessage":{"timestamp":"2023-02-23 13:16:24.168961","message_type":null,"correlation_id":null,"level":"INFO","message":"connection-log connection from 190.12.101.79:61398 to port 80","ip":"190.12.101.79"},"id":"d497b77e-d220-47d9-a7f3-2460f38172b3","EventProcessedUtcTime":"2023-02-23T13:16:24.5168375Z","PartitionId":0,"EventEnqueuedUtcTime":"2023-02-23T13:16:24.3710000Z","path":"D495D9BB-0F5F-4945-9B2D-F90CAD90E413/2102ac15-bf5e-456c-ab63-90cb836ed7ad/apache-server/190.12.101.79"}