{"customerid":"D495D9BB-0F5F-4945-9B2D-F90CAD90E413","honeyserverid":"87422976-5cd1-469f-9125-4b1f29054ed5","logkind":"honeypot","honeypotid":"8BE585FB-2F2F-4BC6-8848-4165C1C4AA46","honeypotname":"apache-server","time":"Fri Mar 31 16:57:01 UTC 2023","parsedMessage":{"timestamp":"2023-03-31 16:56:38+00:00","message_type":"http-access","correlation_id":null,"level":"WARNING","message":"128.199.77.96 - - \"GET / HTTP/1.0\" 200 78192 \"-\" \"Mozilla/5.0 (X11; Linux x86_64; rv:98.0) Gecko/20100101 Firefox/98.0\"","ip":"128.199.77.96"},"id":"4fbd7245-28a8-44ee-a9dd-ca88d4324cdd","EventProcessedUtcTime":"2023-03-31T16:57:02.1781064Z","PartitionId":0,"EventEnqueuedUtcTime":"2023-03-31T16:57:02.0630000Z","path":"D495D9BB-0F5F-4945-9B2D-F90CAD90E413/87422976-5cd1-469f-9125-4b1f29054ed5/apache-server/128.199.77.96"}