{"customerid":"D495D9BB-0F5F-4945-9B2D-F90CAD90E413","honeyserverid":"2102ac15-bf5e-456c-ab63-90cb836ed7ad","logkind":"connection","honeypotid":"8BE585FB-2F2F-4BC6-8848-4165C1C4AA46","honeypotname":"apache-server","time":"2023-02-24T19:25:47.103056","parsedMessage":{"timestamp":"2023-02-24 19:25:47.103056","message_type":null,"correlation_id":null,"level":"INFO","message":"connection-log connection from 205.210.31.9:65064 to port 80","ip":"205.210.31.9"},"id":"8fff72a5-9333-42c5-8ee6-8ff3813c83cf","EventProcessedUtcTime":"2023-02-24T19:25:47.5558907Z","PartitionId":0,"EventEnqueuedUtcTime":"2023-02-24T19:25:47.3120000Z","path":"D495D9BB-0F5F-4945-9B2D-F90CAD90E413/2102ac15-bf5e-456c-ab63-90cb836ed7ad/apache-server/205.210.31.9"}
{"customerid":"D495D9BB-0F5F-4945-9B2D-F90CAD90E413","honeyserverid":"2102ac15-bf5e-456c-ab63-90cb836ed7ad","logkind":"honeypot","honeypotid":"8BE585FB-2F2F-4BC6-8848-4165C1C4AA46","honeypotname":"apache-server","time":"Fri Feb 24 19:26:01 UTC 2023","parsedMessage":{"timestamp":"2023-02-24 19:25:46+00:00","message_type":"http-access","correlation_id":null,"level":"WARNING","message":"205.210.31.9 - - \"\\x16\\x03\\x01\" 400 0 \"-\" \"-\"","ip":"205.210.31.9"},"id":"f073d2df-a10e-47bd-aa22-70d8be9498f8","EventProcessedUtcTime":"2023-02-24T19:26:01.9003915Z","PartitionId":0,"EventEnqueuedUtcTime":"2023-02-24T19:26:01.7970000Z","path":"D495D9BB-0F5F-4945-9B2D-F90CAD90E413/2102ac15-bf5e-456c-ab63-90cb836ed7ad/apache-server/205.210.31.9"}