{"customerid":"D495D9BB-0F5F-4945-9B2D-F90CAD90E413","honeyserverid":"2102ac15-bf5e-456c-ab63-90cb836ed7ad","logkind":"connection","honeypotid":"8BE585FB-2F2F-4BC6-8848-4165C1C4AA46","honeypotname":"apache-server","time":"2023-02-26T01:14:53.132854","parsedMessage":{"timestamp":"2023-02-26 01:14:53.132854","message_type":null,"correlation_id":null,"level":"INFO","message":"connection-log connection from 162.243.147.17:50110 to port 80","ip":"162.243.147.17"},"id":"c5daf0fe-d809-4cb3-81c2-5b695a05775c","EventProcessedUtcTime":"2023-02-26T01:14:53.4746113Z","PartitionId":0,"EventEnqueuedUtcTime":"2023-02-26T01:14:53.3320000Z","path":"D495D9BB-0F5F-4945-9B2D-F90CAD90E413/2102ac15-bf5e-456c-ab63-90cb836ed7ad/apache-server/162.243.147.17"}
{"customerid":"D495D9BB-0F5F-4945-9B2D-F90CAD90E413","honeyserverid":"2102ac15-bf5e-456c-ab63-90cb836ed7ad","logkind":"honeypot","honeypotid":"8BE585FB-2F2F-4BC6-8848-4165C1C4AA46","honeypotname":"apache-server","time":"Sun Feb 26 01:18:01 UTC 2023","parsedMessage":{"timestamp":"2023-02-26 01:17:35+00:00","message_type":"http-access","correlation_id":null,"level":"WARNING","message":"162.243.147.17 - - \"GET /portal/redlion HTTP/1.1\" 404 435 \"-\" \"Mozilla/5.0 zgrab/0.x\"","ip":"162.243.147.17"},"id":"71e6d750-ee19-4e54-bbd6-a94d3a669252","EventProcessedUtcTime":"2023-02-26T01:18:02.0382396Z","PartitionId":0,"EventEnqueuedUtcTime":"2023-02-26T01:18:01.8550000Z","path":"D495D9BB-0F5F-4945-9B2D-F90CAD90E413/2102ac15-bf5e-456c-ab63-90cb836ed7ad/apache-server/162.243.147.17"}