{"customerid":"D495D9BB-0F5F-4945-9B2D-F90CAD90E413","honeyserverid":"2102ac15-bf5e-456c-ab63-90cb836ed7ad","logkind":"honeypot","honeypotid":"8BE585FB-2F2F-4BC6-8848-4165C1C4AA46","honeypotname":"apache-server","time":"Fri Feb 24 11:43:02 UTC 2023","parsedMessage":{"timestamp":"2023-02-24 11:42:47+00:00","message_type":"http-access","correlation_id":null,"level":"WARNING","message":"178.79.157.21 - - \"GET / HTTP/1.1\" 200 263 \"-\" \"Mozilla/5.0 (Windows NT 6.1; WOW64; rv:8.0) Gecko/20100101 Firefox/8.0\"","ip":"178.79.157.21"},"id":"284015a1-8160-43cd-9992-d77d4f79d7f3","EventProcessedUtcTime":"2023-02-24T11:43:02.8364049Z","PartitionId":0,"EventEnqueuedUtcTime":"2023-02-24T11:43:02.6810000Z","path":"D495D9BB-0F5F-4945-9B2D-F90CAD90E413/2102ac15-bf5e-456c-ab63-90cb836ed7ad/apache-server/178.79.157.21"}