{"customerid":"D495D9BB-0F5F-4945-9B2D-F90CAD90E413","honeyserverid":"87422976-5cd1-469f-9125-4b1f29054ed5","logkind":"connection","honeypotid":"8BE585FB-2F2F-4BC6-8848-4165C1C4AA46","honeypotname":"apache-server","time":"2023-03-31T16:05:59.874516","parsedMessage":{"timestamp":"2023-03-31 16:05:59.874516","message_type":null,"correlation_id":null,"level":"INFO","message":"connection-log connection from 104.214.109.87:53019 to port 80","ip":"104.214.109.87"},"id":"30590e2c-3e26-446d-a564-3ad7f73e1ce1","EventProcessedUtcTime":"2023-03-31T16:06:00.1503528Z","PartitionId":0,"EventEnqueuedUtcTime":"2023-03-31T16:06:00.0050000Z","path":"D495D9BB-0F5F-4945-9B2D-F90CAD90E413/87422976-5cd1-469f-9125-4b1f29054ed5/apache-server/104.214.109.87"}