{"customerid":"D495D9BB-0F5F-4945-9B2D-F90CAD90E413","honeyserverid":"2102ac15-bf5e-456c-ab63-90cb836ed7ad","logkind":"connection","honeypotid":"8BE585FB-2F2F-4BC6-8848-4165C1C4AA46","honeypotname":"apache-server","time":"2023-02-26T03:02:26.890699","parsedMessage":{"timestamp":"2023-02-26 03:02:26.890699","message_type":null,"correlation_id":null,"level":"INFO","message":"connection-log connection from 198.235.24.135:55322 to port 80","ip":"198.235.24.135"},"id":"377060e6-90de-4052-8ceb-05f983561b8a","EventProcessedUtcTime":"2023-02-26T03:02:27.3367068Z","PartitionId":0,"EventEnqueuedUtcTime":"2023-02-26T03:02:27.1930000Z","path":"D495D9BB-0F5F-4945-9B2D-F90CAD90E413/2102ac15-bf5e-456c-ab63-90cb836ed7ad/apache-server/198.235.24.135"}
{"customerid":"D495D9BB-0F5F-4945-9B2D-F90CAD90E413","honeyserverid":"2102ac15-bf5e-456c-ab63-90cb836ed7ad","logkind":"honeypot","honeypotid":"8BE585FB-2F2F-4BC6-8848-4165C1C4AA46","honeypotname":"apache-server","time":"Sun Feb 26 03:03:01 UTC 2023","parsedMessage":{"timestamp":"2023-02-26 03:02:28+00:00","message_type":"http-access","correlation_id":null,"level":"WARNING","message":"198.235.24.135 - - \"GET / HTTP/1.0\" 200 282 \"-\" \"Expanse, a Palo Alto Networks company, searches across the global IPv4 space multiple times per day to identify customers&#39; presences on the Internet. If you would like to be excluded from our scans, please send IP addresses/domains to: scaninfo@paloaltonetworks.com\"","ip":"198.235.24.135"},"id":"69d49fa7-8e9e-49f4-8290-9fca426376f3","EventProcessedUtcTime":"2023-02-26T03:03:02.4461194Z","PartitionId":0,"EventEnqueuedUtcTime":"2023-02-26T03:03:02.2450000Z","path":"D495D9BB-0F5F-4945-9B2D-F90CAD90E413/2102ac15-bf5e-456c-ab63-90cb836ed7ad/apache-server/198.235.24.135"}
{"customerid":"D495D9BB-0F5F-4945-9B2D-F90CAD90E413","honeyserverid":"2102ac15-bf5e-456c-ab63-90cb836ed7ad","logkind":"honeypot","honeypotid":"8BE585FB-2F2F-4BC6-8848-4165C1C4AA46","honeypotname":"apache-server","time":"Thu Mar  2 02:51:01 UTC 2023","parsedMessage":{"timestamp":"2023-03-02 02:50:13+00:00","message_type":"http-access","correlation_id":null,"level":"WARNING","message":"198.235.24.135 - - \"GET / HTTP/1.1\" 200 263 \"-\" \"Expanse, a Palo Alto Networks company, searches across the global IPv4 space multiple times per day to identify customers&#39; presences on the Internet. If you would like to be excluded from our scans, please send IP addresses/domains to: scaninfo@paloaltonetworks.com\"","ip":"198.235.24.135"},"id":"c5e3b223-d607-4ab8-89d3-50bbefbb843c","EventProcessedUtcTime":"2023-03-02T02:51:02.0640772Z","PartitionId":0,"EventEnqueuedUtcTime":"2023-03-02T02:51:01.8480000Z","path":"D495D9BB-0F5F-4945-9B2D-F90CAD90E413/2102ac15-bf5e-456c-ab63-90cb836ed7ad/apache-server/198.235.24.135"}