{"customerid":"D495D9BB-0F5F-4945-9B2D-F90CAD90E413","honeyserverid":"2102ac15-bf5e-456c-ab63-90cb836ed7ad","logkind":"connection","honeypotid":"8BE585FB-2F2F-4BC6-8848-4165C1C4AA46","honeypotname":"apache-server","time":"2023-02-28T09:43:16.096634","parsedMessage":{"timestamp":"2023-02-28 09:43:16.096634","message_type":null,"correlation_id":null,"level":"INFO","message":"connection-log connection from 185.180.143.72:30439 to port 80","ip":"185.180.143.72"},"id":"d396f0d6-8407-4f22-a3b8-6d0156e5a37a","EventProcessedUtcTime":"2023-02-28T09:43:16.5328632Z","PartitionId":0,"EventEnqueuedUtcTime":"2023-02-28T09:43:16.3980000Z","path":"D495D9BB-0F5F-4945-9B2D-F90CAD90E413/2102ac15-bf5e-456c-ab63-90cb836ed7ad/apache-server/185.180.143.72"}
{"customerid":"D495D9BB-0F5F-4945-9B2D-F90CAD90E413","honeyserverid":"2102ac15-bf5e-456c-ab63-90cb836ed7ad","logkind":"honeypot","honeypotid":"8BE585FB-2F2F-4BC6-8848-4165C1C4AA46","honeypotname":"apache-server","time":"Tue Feb 28 09:45:01 UTC 2023","parsedMessage":{"timestamp":"2023-02-28 09:44:08+00:00","message_type":"http-access","correlation_id":null,"level":"WARNING","message":"185.180.143.72 - - \"GET / HTTP/1.1\" 200 263 \"-\" \"Mozilla/5.0 (Windows NT 10.0; Win64; x64) AppleWebKit/537.36 (KHTML, like Gecko) Chrome/60.0.3112.113 Safari/537.36\"","ip":"185.180.143.72"},"id":"120aeffc-cf0f-4779-9a40-dd7769036eb5","EventProcessedUtcTime":"2023-02-28T09:45:02.6419080Z","PartitionId":0,"EventEnqueuedUtcTime":"2023-02-28T09:45:02.3990000Z","path":"D495D9BB-0F5F-4945-9B2D-F90CAD90E413/2102ac15-bf5e-456c-ab63-90cb836ed7ad/apache-server/185.180.143.72"}