{"customerid":"D495D9BB-0F5F-4945-9B2D-F90CAD90E413","honeyserverid":"2102ac15-bf5e-456c-ab63-90cb836ed7ad","logkind":"connection","honeypotid":"8BE585FB-2F2F-4BC6-8848-4165C1C4AA46","honeypotname":"apache-server","time":"2023-02-26T22:51:17.050124","parsedMessage":{"timestamp":"2023-02-26 22:51:17.050124","message_type":null,"correlation_id":null,"level":"INFO","message":"connection-log connection from 103.149.192.126:51229 to port 80","ip":"103.149.192.126"},"id":"03a2d642-bbc4-4a56-9fc2-c60773210151","EventProcessedUtcTime":"2023-02-26T22:51:17.4751625Z","PartitionId":0,"EventEnqueuedUtcTime":"2023-02-26T22:51:17.2780000Z","path":"D495D9BB-0F5F-4945-9B2D-F90CAD90E413/2102ac15-bf5e-456c-ab63-90cb836ed7ad/apache-server/103.149.192.126"}