{"customerid":"D495D9BB-0F5F-4945-9B2D-F90CAD90E413","honeyserverid":"2102ac15-bf5e-456c-ab63-90cb836ed7ad","logkind":"honeypot","honeypotid":"8BE585FB-2F2F-4BC6-8848-4165C1C4AA46","honeypotname":"apache-server","time":"Sun Feb 26 02:08:01 UTC 2023","parsedMessage":{"timestamp":"2023-02-26 02:07:39+00:00","message_type":"http-access","correlation_id":null,"level":"WARNING","message":"193.35.18.117 - - \"GET /.env HTTP/1.1\" 404 491 \"-\" \"Mozilla/5.0 (Macintosh; U; Intel Mac OS X 10_6_8; en-us) AppleWebKit/534.50 (KHTML, like Gecko) Version/5.1 Safari/534.50\"","ip":"193.35.18.117"},"id":"98e10ded-3f1d-4ad5-8b64-7ebd6efd8f59","EventProcessedUtcTime":"2023-02-26T02:08:01.8322277Z","PartitionId":0,"EventEnqueuedUtcTime":"2023-02-26T02:08:01.7740000Z","path":"D495D9BB-0F5F-4945-9B2D-F90CAD90E413/2102ac15-bf5e-456c-ab63-90cb836ed7ad/apache-server/193.35.18.117"}