{"customerid":"D495D9BB-0F5F-4945-9B2D-F90CAD90E413","honeyserverid":"87422976-5cd1-469f-9125-4b1f29054ed5","logkind":"connection","honeypotid":"8BE585FB-2F2F-4BC6-8848-4165C1C4AA46","honeypotname":"apache-server","time":"2023-04-01T13:02:39.147419","parsedMessage":{"timestamp":"2023-04-01 13:02:39.147419","message_type":null,"correlation_id":null,"level":"INFO","message":"connection-log connection from 103.149.192.116:42455 to port 80","ip":"103.149.192.116"},"id":"de501ec5-a191-43a6-aa13-09c22631fc35","EventProcessedUtcTime":"2023-04-01T13:02:39.6488458Z","PartitionId":0,"EventEnqueuedUtcTime":"2023-04-01T13:02:39.4710000Z","path":"D495D9BB-0F5F-4945-9B2D-F90CAD90E413/87422976-5cd1-469f-9125-4b1f29054ed5/apache-server/103.149.192.116"}
{"customerid":"D495D9BB-0F5F-4945-9B2D-F90CAD90E413","honeyserverid":"87422976-5cd1-469f-9125-4b1f29054ed5","logkind":"honeypot","honeypotid":"8BE585FB-2F2F-4BC6-8848-4165C1C4AA46","honeypotname":"apache-server","time":"Sat Apr  1 13:03:02 UTC 2023","parsedMessage":{"timestamp":"2023-04-01 13:02:38+00:00","message_type":"http-access","correlation_id":null,"level":"WARNING","message":"103.149.192.116 - - \"GET / HTTP/1.1\" 200 17777 \"-\" \"Mozilla/5.0 (Windows NT 10.0; Win64; x64) AppleWebKit/537.36 (KHTML, like Gecko) Chrome/79.0.3945.130 Safari/537.36\"","ip":"103.149.192.116"},"id":"a9d423b1-0bbb-4f13-8af2-67dcfc5fd37d","EventProcessedUtcTime":"2023-04-01T13:03:03.2727909Z","PartitionId":0,"EventEnqueuedUtcTime":"2023-04-01T13:03:03.0190000Z","path":"D495D9BB-0F5F-4945-9B2D-F90CAD90E413/87422976-5cd1-469f-9125-4b1f29054ed5/apache-server/103.149.192.116"}