{"customerid":"D495D9BB-0F5F-4945-9B2D-F90CAD90E413","honeyserverid":"2102ac15-bf5e-456c-ab63-90cb836ed7ad","logkind":"connection","honeypotid":"8BE585FB-2F2F-4BC6-8848-4165C1C4AA46","honeypotname":"apache-server","time":"2023-02-24T11:52:24.211811","parsedMessage":{"timestamp":"2023-02-24 11:52:24.211811","message_type":null,"correlation_id":null,"level":"INFO","message":"connection-log connection from 139.59.37.187:51572 to port 80","ip":"139.59.37.187"},"id":"9c01aa59-df4c-4d94-b840-4949cf2adcd8","EventProcessedUtcTime":"2023-02-24T11:52:24.6841713Z","PartitionId":0,"EventEnqueuedUtcTime":"2023-02-24T11:52:24.4680000Z","path":"D495D9BB-0F5F-4945-9B2D-F90CAD90E413/2102ac15-bf5e-456c-ab63-90cb836ed7ad/apache-server/139.59.37.187"}
{"customerid":"D495D9BB-0F5F-4945-9B2D-F90CAD90E413","honeyserverid":"2102ac15-bf5e-456c-ab63-90cb836ed7ad","logkind":"honeypot","honeypotid":"8BE585FB-2F2F-4BC6-8848-4165C1C4AA46","honeypotname":"apache-server","time":"Fri Feb 24 11:53:01 UTC 2023","parsedMessage":{"timestamp":"2023-02-24 11:52:23+00:00","message_type":"http-access","correlation_id":null,"level":"WARNING","message":"139.59.37.187 - - \"GET /aaa9 HTTP/1.1\" 404 435 \"-\" \"Mozilla/5.0 zgrab/0.x\"","ip":"139.59.37.187"},"id":"6b3a8df0-2d69-45d1-92db-ede1e252c7dc","EventProcessedUtcTime":"2023-02-24T11:53:01.9031277Z","PartitionId":0,"EventEnqueuedUtcTime":"2023-02-24T11:53:01.7500000Z","path":"D495D9BB-0F5F-4945-9B2D-F90CAD90E413/2102ac15-bf5e-456c-ab63-90cb836ed7ad/apache-server/139.59.37.187"}
{"customerid":"D495D9BB-0F5F-4945-9B2D-F90CAD90E413","honeyserverid":"2102ac15-bf5e-456c-ab63-90cb836ed7ad","logkind":"honeypot","honeypotid":"8BE585FB-2F2F-4BC6-8848-4165C1C4AA46","honeypotname":"apache-server","time":"Fri Feb 24 11:53:01 UTC 2023","parsedMessage":{"timestamp":"2023-02-24 11:52:24+00:00","message_type":"http-access","correlation_id":null,"level":"WARNING","message":"139.59.37.187 - - \"GET /aab8 HTTP/1.1\" 404 435 \"-\" \"Mozilla/5.0 zgrab/0.x\"","ip":"139.59.37.187"},"id":"de131b29-1e2d-42af-9057-991329a3781a","EventProcessedUtcTime":"2023-02-24T11:53:02.4499984Z","PartitionId":0,"EventEnqueuedUtcTime":"2023-02-24T11:53:02.2030000Z","path":"D495D9BB-0F5F-4945-9B2D-F90CAD90E413/2102ac15-bf5e-456c-ab63-90cb836ed7ad/apache-server/139.59.37.187"}