{"customerid":"D495D9BB-0F5F-4945-9B2D-F90CAD90E413","honeyserverid":"2102ac15-bf5e-456c-ab63-90cb836ed7ad","logkind":"connection","honeypotid":"8BE585FB-2F2F-4BC6-8848-4165C1C4AA46","honeypotname":"apache-server","time":"2023-03-05T01:03:55.106424","parsedMessage":{"timestamp":"2023-03-05 01:03:55.106424","message_type":null,"correlation_id":null,"level":"INFO","message":"connection-log connection from 175.31.254.85:34831 to port 80","ip":"175.31.254.85"},"id":"ba0b1dba-e979-4a81-839d-54290daac7fc","EventProcessedUtcTime":"2023-03-05T01:03:55.7461202Z","PartitionId":0,"EventEnqueuedUtcTime":"2023-03-05T01:03:55.5100000Z","path":"D495D9BB-0F5F-4945-9B2D-F90CAD90E413/2102ac15-bf5e-456c-ab63-90cb836ed7ad/apache-server/175.31.254.85"}
{"customerid":"D495D9BB-0F5F-4945-9B2D-F90CAD90E413","honeyserverid":"2102ac15-bf5e-456c-ab63-90cb836ed7ad","logkind":"honeypot","honeypotid":"8BE585FB-2F2F-4BC6-8848-4165C1C4AA46","honeypotname":"apache-server","time":"Sun Mar  5 01:04:01 UTC 2023","parsedMessage":{"timestamp":"2023-03-05 01:03:54+00:00","message_type":"http-access","correlation_id":null,"level":"WARNING","message":"175.31.254.85 - - \"GET / HTTP/1.1\" 200 263 \"-\" \"Hello World\"","ip":"175.31.254.85"},"id":"7d74862c-6762-40bd-8a3a-637bfe5662a1","EventProcessedUtcTime":"2023-03-05T01:04:01.9805182Z","PartitionId":0,"EventEnqueuedUtcTime":"2023-03-05T01:04:01.7600000Z","path":"D495D9BB-0F5F-4945-9B2D-F90CAD90E413/2102ac15-bf5e-456c-ab63-90cb836ed7ad/apache-server/175.31.254.85"}
{"customerid":"D495D9BB-0F5F-4945-9B2D-F90CAD90E413","honeyserverid":"2102ac15-bf5e-456c-ab63-90cb836ed7ad","logkind":"honeypot","honeypotid":"8BE585FB-2F2F-4BC6-8848-4165C1C4AA46","honeypotname":"apache-server","time":"Sun Mar  5 01:04:01 UTC 2023","parsedMessage":{"timestamp":"2023-03-05 01:03:55+00:00","message_type":"http-access","correlation_id":null,"level":"WARNING","message":"175.31.254.85 - - \"GET / HTTP/1.1\" 200 263 \"-\" \"Mozilla/5.0 (Macintosh; Intel Mac OS X 10_11_6) AppleWebKit/601.7.7 (KHTML, like Gecko) Version/9.1.2 Safari/601.7.7\"","ip":"175.31.254.85"},"id":"d353d8a5-c359-4628-8f4b-2e6bf6481efe","EventProcessedUtcTime":"2023-03-05T01:04:01.9807570Z","PartitionId":0,"EventEnqueuedUtcTime":"2023-03-05T01:04:01.9470000Z","path":"D495D9BB-0F5F-4945-9B2D-F90CAD90E413/2102ac15-bf5e-456c-ab63-90cb836ed7ad/apache-server/175.31.254.85"}