{"customerid":"D495D9BB-0F5F-4945-9B2D-F90CAD90E413","honeyserverid":"2102ac15-bf5e-456c-ab63-90cb836ed7ad","logkind":"connection","honeypotid":"8BE585FB-2F2F-4BC6-8848-4165C1C4AA46","honeypotname":"apache-server","time":"2023-03-07T21:08:41.178638","parsedMessage":{"timestamp":"2023-03-07 21:08:41.178638","message_type":null,"correlation_id":null,"level":"INFO","message":"connection-log connection from 198.235.24.129:54537 to port 80","ip":"198.235.24.129"},"id":"dadbb75e-ee1d-4019-bb13-7aca64a4e2ab","EventProcessedUtcTime":"2023-03-07T21:08:41.4946643Z","PartitionId":0,"EventEnqueuedUtcTime":"2023-03-07T21:08:41.3460000Z","path":"D495D9BB-0F5F-4945-9B2D-F90CAD90E413/2102ac15-bf5e-456c-ab63-90cb836ed7ad/apache-server/198.235.24.129"}
{"customerid":"D495D9BB-0F5F-4945-9B2D-F90CAD90E413","honeyserverid":"2102ac15-bf5e-456c-ab63-90cb836ed7ad","logkind":"honeypot","honeypotid":"8BE585FB-2F2F-4BC6-8848-4165C1C4AA46","honeypotname":"apache-server","time":"Tue Mar  7 21:09:01 UTC 2023","parsedMessage":{"timestamp":"2023-03-07 21:08:42+00:00","message_type":"http-access","correlation_id":null,"level":"WARNING","message":"198.235.24.129 - - \"GET / HTTP/1.0\" 200 282 \"-\" \"Expanse, a Palo Alto Networks company, searches across the global IPv4 space multiple times per day to identify customers&#39; presences on the Internet. If you would like to be excluded from our scans, please send IP addresses/domains to: scaninfo@paloaltonetworks.com\"","ip":"198.235.24.129"},"id":"736240c1-7c3e-4f0d-958f-041ad1debcee","EventProcessedUtcTime":"2023-03-07T21:09:02.2766306Z","PartitionId":0,"EventEnqueuedUtcTime":"2023-03-07T21:09:02.2390000Z","path":"D495D9BB-0F5F-4945-9B2D-F90CAD90E413/2102ac15-bf5e-456c-ab63-90cb836ed7ad/apache-server/198.235.24.129"}