{"customerid":"D495D9BB-0F5F-4945-9B2D-F90CAD90E413","honeyserverid":"87422976-5cd1-469f-9125-4b1f29054ed5","logkind":"connection","honeypotid":"8BE585FB-2F2F-4BC6-8848-4165C1C4AA46","honeypotname":"apache-server","time":"2023-04-02T11:04:46.828798","parsedMessage":{"timestamp":"2023-04-02 11:04:46.828798","message_type":null,"correlation_id":null,"level":"INFO","message":"connection-log connection from 172.104.11.46:44334 to port 80","ip":"172.104.11.46"},"id":"5371c705-5b4b-45ae-a5ea-c050339d34f1","EventProcessedUtcTime":"2023-04-02T11:04:47.3022526Z","PartitionId":0,"EventEnqueuedUtcTime":"2023-04-02T11:04:47.1070000Z","path":"D495D9BB-0F5F-4945-9B2D-F90CAD90E413/87422976-5cd1-469f-9125-4b1f29054ed5/apache-server/172.104.11.46"}
{"customerid":"D495D9BB-0F5F-4945-9B2D-F90CAD90E413","honeyserverid":"87422976-5cd1-469f-9125-4b1f29054ed5","logkind":"honeypot","honeypotid":"8BE585FB-2F2F-4BC6-8848-4165C1C4AA46","honeypotname":"apache-server","time":"Sun Apr  2 11:05:01 UTC 2023","parsedMessage":{"timestamp":"2023-04-02 11:04:46+00:00","message_type":"http-access","correlation_id":null,"level":"WARNING","message":"172.104.11.46 - - \"\\x16\\x03\\x01\" 400 0 \"-\" \"-\"","ip":"172.104.11.46"},"id":"f49de495-e586-4c46-b454-41ed97779914","EventProcessedUtcTime":"2023-04-02T11:05:02.6151570Z","PartitionId":0,"EventEnqueuedUtcTime":"2023-04-02T11:05:02.5620000Z","path":"D495D9BB-0F5F-4945-9B2D-F90CAD90E413/87422976-5cd1-469f-9125-4b1f29054ed5/apache-server/172.104.11.46"}