{"customerid":"D495D9BB-0F5F-4945-9B2D-F90CAD90E413","honeyserverid":"2102ac15-bf5e-456c-ab63-90cb836ed7ad","logkind":"connection","honeypotid":"8BE585FB-2F2F-4BC6-8848-4165C1C4AA46","honeypotname":"apache-server","time":"2023-03-07T04:51:32.571294","parsedMessage":{"timestamp":"2023-03-07 04:51:32.571294","message_type":null,"correlation_id":null,"level":"INFO","message":"connection-log connection from 172.104.11.46:10860 to port 80","ip":"172.104.11.46"},"id":"bc8c6f3b-bdb6-4b57-a0a3-6a518e8d8c16","EventProcessedUtcTime":"2023-03-07T04:51:33.0985581Z","PartitionId":0,"EventEnqueuedUtcTime":"2023-03-07T04:51:32.8820000Z","path":"D495D9BB-0F5F-4945-9B2D-F90CAD90E413/2102ac15-bf5e-456c-ab63-90cb836ed7ad/apache-server/172.104.11.46"}
{"customerid":"D495D9BB-0F5F-4945-9B2D-F90CAD90E413","honeyserverid":"2102ac15-bf5e-456c-ab63-90cb836ed7ad","logkind":"honeypot","honeypotid":"8BE585FB-2F2F-4BC6-8848-4165C1C4AA46","honeypotname":"apache-server","time":"Tue Mar  7 04:52:01 UTC 2023","parsedMessage":{"timestamp":"2023-03-07 04:51:32+00:00","message_type":"http-access","correlation_id":null,"level":"WARNING","message":"172.104.11.46 - - \"\\x16\\x03\\x01\" 400 0 \"-\" \"-\"","ip":"172.104.11.46"},"id":"f5db2574-2cb9-4476-b463-744118a48b55","EventProcessedUtcTime":"2023-03-07T04:52:01.8641277Z","PartitionId":0,"EventEnqueuedUtcTime":"2023-03-07T04:52:01.7130000Z","path":"D495D9BB-0F5F-4945-9B2D-F90CAD90E413/2102ac15-bf5e-456c-ab63-90cb836ed7ad/apache-server/172.104.11.46"}