{"customerid":"D495D9BB-0F5F-4945-9B2D-F90CAD90E413","honeyserverid":"2102ac15-bf5e-456c-ab63-90cb836ed7ad","logkind":"connection","honeypotid":"8BE585FB-2F2F-4BC6-8848-4165C1C4AA46","honeypotname":"apache-server","time":"2023-03-09T06:11:31.324090","parsedMessage":{"timestamp":"2023-03-09 06:11:31.324090","message_type":null,"correlation_id":null,"level":"INFO","message":"connection-log connection from 185.225.74.55:57868 to port 80","ip":"185.225.74.55"},"id":"e2ee1f9e-b8e8-40c4-b512-289f8882d403","EventProcessedUtcTime":"2023-03-09T06:11:31.8235517Z","PartitionId":0,"EventEnqueuedUtcTime":"2023-03-09T06:11:31.5990000Z","path":"D495D9BB-0F5F-4945-9B2D-F90CAD90E413/2102ac15-bf5e-456c-ab63-90cb836ed7ad/apache-server/185.225.74.55"}
{"customerid":"D495D9BB-0F5F-4945-9B2D-F90CAD90E413","honeyserverid":"2102ac15-bf5e-456c-ab63-90cb836ed7ad","logkind":"honeypot","honeypotid":"8BE585FB-2F2F-4BC6-8848-4165C1C4AA46","honeypotname":"apache-server","time":"Thu Mar  9 06:12:01 UTC 2023","parsedMessage":{"timestamp":"2023-03-09 06:11:31+00:00","message_type":"http-access","correlation_id":null,"level":"WARNING","message":"185.225.74.55 - - \"POST /cgi-bin/.%%%%32%%65/.%%%%32%%65/.%%%%32%%65/.%%%%32%%65/.%%%%32%%65/bin/sh HTTP/1.1\" 400 486 \"-\" \"-\"","ip":"185.225.74.55"},"id":"57b55e9f-5530-4cad-966f-dfae60652fde","EventProcessedUtcTime":"2023-03-09T06:12:01.9026677Z","PartitionId":0,"EventEnqueuedUtcTime":"2023-03-09T06:12:01.8360000Z","path":"D495D9BB-0F5F-4945-9B2D-F90CAD90E413/2102ac15-bf5e-456c-ab63-90cb836ed7ad/apache-server/185.225.74.55"}