{"customerid":"D495D9BB-0F5F-4945-9B2D-F90CAD90E413","honeyserverid":"2102ac15-bf5e-456c-ab63-90cb836ed7ad","logkind":"connection","honeypotid":"8BE585FB-2F2F-4BC6-8848-4165C1C4AA46","honeypotname":"apache-server","time":"2023-03-05T03:55:31.302676","parsedMessage":{"timestamp":"2023-03-05 03:55:31.302676","message_type":null,"correlation_id":null,"level":"INFO","message":"connection-log connection from 185.225.74.55:34368 to port 80","ip":"185.225.74.55"},"id":"bc285c53-f062-41f4-8c03-acaf351c35df","EventProcessedUtcTime":"2023-03-05T03:55:31.6167439Z","PartitionId":0,"EventEnqueuedUtcTime":"2023-03-05T03:55:31.4950000Z","path":"D495D9BB-0F5F-4945-9B2D-F90CAD90E413/2102ac15-bf5e-456c-ab63-90cb836ed7ad/apache-server/185.225.74.55"}
{"customerid":"D495D9BB-0F5F-4945-9B2D-F90CAD90E413","honeyserverid":"2102ac15-bf5e-456c-ab63-90cb836ed7ad","logkind":"honeypot","honeypotid":"8BE585FB-2F2F-4BC6-8848-4165C1C4AA46","honeypotname":"apache-server","time":"Sun Mar  5 03:56:01 UTC 2023","parsedMessage":{"timestamp":"2023-03-05 03:55:31+00:00","message_type":"http-access","correlation_id":null,"level":"WARNING","message":"185.225.74.55 - - \"POST /cgi-bin/.%%%%32%%65/.%%%%32%%65/.%%%%32%%65/.%%%%32%%65/.%%%%32%%65/bin/sh HTTP/1.1\" 400 486 \"-\" \"-\"","ip":"185.225.74.55"},"id":"59494a12-2e8e-4ac4-941f-4994eb85d3b0","EventProcessedUtcTime":"2023-03-05T03:56:01.5855267Z","PartitionId":0,"EventEnqueuedUtcTime":"2023-03-05T03:56:01.5580000Z","path":"D495D9BB-0F5F-4945-9B2D-F90CAD90E413/2102ac15-bf5e-456c-ab63-90cb836ed7ad/apache-server/185.225.74.55"}
{"customerid":"D495D9BB-0F5F-4945-9B2D-F90CAD90E413","honeyserverid":"2102ac15-bf5e-456c-ab63-90cb836ed7ad","logkind":"connection","honeypotid":"8BE585FB-2F2F-4BC6-8848-4165C1C4AA46","honeypotname":"apache-server","time":"2023-03-06T08:06:43.866161","parsedMessage":{"timestamp":"2023-03-06 08:06:43.866161","message_type":null,"correlation_id":null,"level":"INFO","message":"connection-log connection from 185.225.74.55:54032 to port 80","ip":"185.225.74.55"},"id":"6d94c40b-377a-48df-a4e7-fe1991016ce2","EventProcessedUtcTime":"2023-03-06T08:06:44.8091916Z","PartitionId":0,"EventEnqueuedUtcTime":"2023-03-06T08:06:44.6510000Z","path":"D495D9BB-0F5F-4945-9B2D-F90CAD90E413/2102ac15-bf5e-456c-ab63-90cb836ed7ad/apache-server/185.225.74.55"}