{"customerid":"D495D9BB-0F5F-4945-9B2D-F90CAD90E413","honeyserverid":"2102ac15-bf5e-456c-ab63-90cb836ed7ad","logkind":"connection","honeypotid":"8BE585FB-2F2F-4BC6-8848-4165C1C4AA46","honeypotname":"apache-server","time":"2023-02-23T07:52:12.902949","parsedMessage":{"timestamp":"2023-02-23 07:52:12.902949","message_type":null,"correlation_id":null,"level":"INFO","message":"connection-log connection from 193.169.245.119:46576 to port 80","ip":"193.169.245.119"},"id":"97b4f287-79de-4519-ab42-f2f9b71c9748","EventProcessedUtcTime":"2023-02-23T07:52:13.2744870Z","PartitionId":0,"EventEnqueuedUtcTime":"2023-02-23T07:52:13.1930000Z","path":"D495D9BB-0F5F-4945-9B2D-F90CAD90E413/2102ac15-bf5e-456c-ab63-90cb836ed7ad/apache-server/193.169.245.119"}
{"customerid":"D495D9BB-0F5F-4945-9B2D-F90CAD90E413","honeyserverid":"2102ac15-bf5e-456c-ab63-90cb836ed7ad","logkind":"honeypot","honeypotid":"8BE585FB-2F2F-4BC6-8848-4165C1C4AA46","honeypotname":"apache-server","time":"Thu Feb 23 07:53:01 UTC 2023","parsedMessage":{"timestamp":"2023-02-23 07:52:12+00:00","message_type":"http-access","correlation_id":null,"level":"WARNING","message":"193.169.245.119 - - \"GET /.git/config HTTP/1.1\" 404 454 \"-\" \"Mozilla/5.0 (Macintosh; U; Intel Mac OS X 10_6_5; en-US) AppleWebKit/534.13 (KHTML, like Gecko) Chrome/9.0.597.15 Safari/534.13\"","ip":"193.169.245.119"},"id":"25b96c63-153f-4f70-a8e8-7cdef4fc445c","EventProcessedUtcTime":"2023-02-23T07:53:02.1965437Z","PartitionId":0,"EventEnqueuedUtcTime":"2023-02-23T07:53:02.0700000Z","path":"D495D9BB-0F5F-4945-9B2D-F90CAD90E413/2102ac15-bf5e-456c-ab63-90cb836ed7ad/apache-server/193.169.245.119"}