{"customerid":"D495D9BB-0F5F-4945-9B2D-F90CAD90E413","honeyserverid":"2102ac15-bf5e-456c-ab63-90cb836ed7ad","logkind":"connection","honeypotid":"8BE585FB-2F2F-4BC6-8848-4165C1C4AA46","honeypotname":"apache-server","time":"2023-03-05T03:31:22.190674","parsedMessage":{"timestamp":"2023-03-05 03:31:22.190674","message_type":null,"correlation_id":null,"level":"INFO","message":"connection-log connection from 200.53.28.4:60266 to port 80","ip":"200.53.28.4"},"id":"233cc65b-f396-46c7-9483-dc438fff3320","EventProcessedUtcTime":"2023-03-05T03:31:22.6035810Z","PartitionId":0,"EventEnqueuedUtcTime":"2023-03-05T03:31:22.4430000Z","path":"D495D9BB-0F5F-4945-9B2D-F90CAD90E413/2102ac15-bf5e-456c-ab63-90cb836ed7ad/apache-server/200.53.28.4"}
{"customerid":"D495D9BB-0F5F-4945-9B2D-F90CAD90E413","honeyserverid":"2102ac15-bf5e-456c-ab63-90cb836ed7ad","logkind":"honeypot","honeypotid":"8BE585FB-2F2F-4BC6-8848-4165C1C4AA46","honeypotname":"apache-server","time":"Sun Mar  5 03:32:01 UTC 2023","parsedMessage":{"timestamp":"2023-03-05 03:31:22+00:00","message_type":"http-access","correlation_id":null,"level":"WARNING","message":"200.53.28.4 - - \"GET / HTTP/1.1\" 200 263 \"-\" \"Mozilla/5.0 (Windows NT 10.0; WOW64) AppleWebKit/537.36 (KHTML, like Gecko) Chrome/51.0.2704.103 Safari/537.36\"","ip":"200.53.28.4"},"id":"4d462c9e-e5d9-465b-a9bd-48ecfd65d1e7","EventProcessedUtcTime":"2023-03-05T03:32:02.0879347Z","PartitionId":0,"EventEnqueuedUtcTime":"2023-03-05T03:32:01.9470000Z","path":"D495D9BB-0F5F-4945-9B2D-F90CAD90E413/2102ac15-bf5e-456c-ab63-90cb836ed7ad/apache-server/200.53.28.4"}