{"customerid":"D495D9BB-0F5F-4945-9B2D-F90CAD90E413","honeyserverid":"2102ac15-bf5e-456c-ab63-90cb836ed7ad","logkind":"connection","honeypotid":"8BE585FB-2F2F-4BC6-8848-4165C1C4AA46","honeypotname":"apache-server","time":"2023-03-01T18:14:25.950510","parsedMessage":{"timestamp":"2023-03-01 18:14:25.950510","message_type":null,"correlation_id":null,"level":"INFO","message":"connection-log connection from 165.227.112.28:20000 to port 80","ip":"165.227.112.28"},"id":"79cd7872-f8e4-44b7-9e72-2a9401437672","EventProcessedUtcTime":"2023-03-01T18:14:26.3215242Z","PartitionId":0,"EventEnqueuedUtcTime":"2023-03-01T18:14:26.1910000Z","path":"D495D9BB-0F5F-4945-9B2D-F90CAD90E413/2102ac15-bf5e-456c-ab63-90cb836ed7ad/apache-server/165.227.112.28"}
{"customerid":"D495D9BB-0F5F-4945-9B2D-F90CAD90E413","honeyserverid":"2102ac15-bf5e-456c-ab63-90cb836ed7ad","logkind":"honeypot","honeypotid":"8BE585FB-2F2F-4BC6-8848-4165C1C4AA46","honeypotname":"apache-server","time":"Wed Mar  1 18:15:01 UTC 2023","parsedMessage":{"timestamp":"2023-03-01 18:14:27+00:00","message_type":"http-access","correlation_id":null,"level":"WARNING","message":"165.227.112.28 - - \"GET / HTTP/1.0\" 200 282 \"-\" \"Mozilla/5.0 (X11; Linux x86_64; rv:73.0) Gecko/20100101 Firefox/73.0\"","ip":"165.227.112.28"},"id":"13fcfa6c-66a8-45b5-b725-5f71bf8409d3","EventProcessedUtcTime":"2023-03-01T18:15:02.1954502Z","PartitionId":0,"EventEnqueuedUtcTime":"2023-03-01T18:15:02.0520000Z","path":"D495D9BB-0F5F-4945-9B2D-F90CAD90E413/2102ac15-bf5e-456c-ab63-90cb836ed7ad/apache-server/165.227.112.28"}
{"customerid":"D495D9BB-0F5F-4945-9B2D-F90CAD90E413","honeyserverid":"2102ac15-bf5e-456c-ab63-90cb836ed7ad","logkind":"honeypot","honeypotid":"8BE585FB-2F2F-4BC6-8848-4165C1C4AA46","honeypotname":"apache-server","time":"Wed Mar  1 18:50:01 UTC 2023","parsedMessage":{"timestamp":"2023-03-01 18:49:25+00:00","message_type":"http-access","correlation_id":null,"level":"WARNING","message":"165.227.112.28 - - \"GET / HTTP/1.1\" 200 319 \"-\" \"Mozilla/5.0 (X11; Linux x86_64; rv:73.0) Gecko/20100101 Firefox/73.0\"","ip":"165.227.112.28"},"id":"1137ea56-b65d-466d-a36d-492282e90c5f","EventProcessedUtcTime":"2023-03-01T18:50:04.4406585Z","PartitionId":0,"EventEnqueuedUtcTime":"2023-03-01T18:50:04.2820000Z","path":"D495D9BB-0F5F-4945-9B2D-F90CAD90E413/2102ac15-bf5e-456c-ab63-90cb836ed7ad/apache-server/165.227.112.28"}