{"customerid":"D495D9BB-0F5F-4945-9B2D-F90CAD90E413","honeyserverid":"87422976-5cd1-469f-9125-4b1f29054ed5","logkind":"connection","honeypotid":"8BE585FB-2F2F-4BC6-8848-4165C1C4AA46","honeypotname":"apache-server","time":"2023-04-02T23:05:26.532458","parsedMessage":{"timestamp":"2023-04-02 23:05:26.532458","message_type":null,"correlation_id":null,"level":"INFO","message":"connection-log connection from 198.235.24.146:56261 to port 80","ip":"198.235.24.146"},"id":"42ab6dac-9f81-4cbc-a322-027710b6b410","EventProcessedUtcTime":"2023-04-02T23:05:27.2878703Z","PartitionId":0,"EventEnqueuedUtcTime":"2023-04-02T23:05:27.0820000Z","path":"D495D9BB-0F5F-4945-9B2D-F90CAD90E413/87422976-5cd1-469f-9125-4b1f29054ed5/apache-server/198.235.24.146"}
{"customerid":"D495D9BB-0F5F-4945-9B2D-F90CAD90E413","honeyserverid":"87422976-5cd1-469f-9125-4b1f29054ed5","logkind":"honeypot","honeypotid":"8BE585FB-2F2F-4BC6-8848-4165C1C4AA46","honeypotname":"apache-server","time":"Sun Apr  2 23:06:01 UTC 2023","parsedMessage":{"timestamp":"2023-04-02 23:05:28+00:00","message_type":"http-access","correlation_id":null,"level":"WARNING","message":"198.235.24.146 - - \"GET / HTTP/1.0\" 200 165872 \"-\" \"Expanse, a Palo Alto Networks company, searches across the global IPv4 space multiple times per day to identify customers&#39; presences on the Internet. If you would like to be excluded from our scans, please send IP addresses/domains to: scaninfo@paloaltonetworks.com\"","ip":"198.235.24.146"},"id":"a564aee6-5c0e-46af-ab18-655083cd02ac","EventProcessedUtcTime":"2023-04-02T23:06:02.0701658Z","PartitionId":0,"EventEnqueuedUtcTime":"2023-04-02T23:06:02.0220000Z","path":"D495D9BB-0F5F-4945-9B2D-F90CAD90E413/87422976-5cd1-469f-9125-4b1f29054ed5/apache-server/198.235.24.146"}