{"customerid":"D495D9BB-0F5F-4945-9B2D-F90CAD90E413","honeyserverid":"2102ac15-bf5e-456c-ab63-90cb836ed7ad","logkind":"connection","honeypotid":"8BE585FB-2F2F-4BC6-8848-4165C1C4AA46","honeypotname":"apache-server","time":"2023-02-25T10:12:38.042881","parsedMessage":{"timestamp":"2023-02-25 10:12:38.042881","message_type":null,"correlation_id":null,"level":"INFO","message":"connection-log connection from 117.247.23.39:51415 to port 80","ip":"117.247.23.39"},"id":"9639f304-aa50-44e3-8d0b-dc8e4ab2ebcc","EventProcessedUtcTime":"2023-02-25T10:12:38.5272911Z","PartitionId":0,"EventEnqueuedUtcTime":"2023-02-25T10:12:38.3560000Z","path":"D495D9BB-0F5F-4945-9B2D-F90CAD90E413/2102ac15-bf5e-456c-ab63-90cb836ed7ad/apache-server/117.247.23.39"}
{"customerid":"D495D9BB-0F5F-4945-9B2D-F90CAD90E413","honeyserverid":"2102ac15-bf5e-456c-ab63-90cb836ed7ad","logkind":"honeypot","honeypotid":"8BE585FB-2F2F-4BC6-8848-4165C1C4AA46","honeypotname":"apache-server","time":"Sat Feb 25 10:13:02 UTC 2023","parsedMessage":{"timestamp":"2023-02-25 10:12:41+00:00","message_type":"http-access","correlation_id":null,"level":"WARNING","message":"117.247.23.39 - - \"GET /boaform/admin/formLogin?username=adminisp&psd=adminisp HTTP/1.0\" 404 452 \"-\" \"-\"","ip":"117.247.23.39"},"id":"fc390bfe-97f1-4c7d-b1f9-1879059dbb72","EventProcessedUtcTime":"2023-02-25T10:13:02.5895379Z","PartitionId":0,"EventEnqueuedUtcTime":"2023-02-25T10:13:02.3730000Z","path":"D495D9BB-0F5F-4945-9B2D-F90CAD90E413/2102ac15-bf5e-456c-ab63-90cb836ed7ad/apache-server/117.247.23.39"}