{"customerid":"D495D9BB-0F5F-4945-9B2D-F90CAD90E413","honeyserverid":"87422976-5cd1-469f-9125-4b1f29054ed5","logkind":"connection","honeypotid":"8BE585FB-2F2F-4BC6-8848-4165C1C4AA46","honeypotname":"apache-server","time":"2023-04-02T12:52:23.298285","parsedMessage":{"timestamp":"2023-04-02 12:52:23.298285","message_type":null,"correlation_id":null,"level":"INFO","message":"connection-log connection from 192.155.90.220:48532 to port 80","ip":"192.155.90.220"},"id":"3215ff2e-fbac-46dd-bbdb-8195fdc738aa","EventProcessedUtcTime":"2023-04-02T12:52:23.7177579Z","PartitionId":0,"EventEnqueuedUtcTime":"2023-04-02T12:52:23.5130000Z","path":"D495D9BB-0F5F-4945-9B2D-F90CAD90E413/87422976-5cd1-469f-9125-4b1f29054ed5/apache-server/192.155.90.220"}
{"customerid":"D495D9BB-0F5F-4945-9B2D-F90CAD90E413","honeyserverid":"87422976-5cd1-469f-9125-4b1f29054ed5","logkind":"honeypot","honeypotid":"8BE585FB-2F2F-4BC6-8848-4165C1C4AA46","honeypotname":"apache-server","time":"Sun Apr  2 12:53:01 UTC 2023","parsedMessage":{"timestamp":"2023-04-02 12:52:22+00:00","message_type":"http-access","correlation_id":null,"level":"WARNING","message":"192.155.90.220 - - \"\\x16\\x03\\x01\" 400 0 \"-\" \"-\"","ip":"192.155.90.220"},"id":"423db0cf-c0d9-4383-9790-ede326804ad4","EventProcessedUtcTime":"2023-04-02T12:53:02.3273503Z","PartitionId":0,"EventEnqueuedUtcTime":"2023-04-02T12:53:02.1870000Z","path":"D495D9BB-0F5F-4945-9B2D-F90CAD90E413/87422976-5cd1-469f-9125-4b1f29054ed5/apache-server/192.155.90.220"}