{"customerid":"D495D9BB-0F5F-4945-9B2D-F90CAD90E413","honeyserverid":"2102ac15-bf5e-456c-ab63-90cb836ed7ad","logkind":"connection","honeypotid":"8BE585FB-2F2F-4BC6-8848-4165C1C4AA46","honeypotname":"apache-server","time":"2023-03-03T13:13:20.784975","parsedMessage":{"timestamp":"2023-03-03 13:13:20.784975","message_type":null,"correlation_id":null,"level":"INFO","message":"connection-log connection from 192.155.90.220:34120 to port 80","ip":"192.155.90.220"},"id":"623489b6-71a6-4535-b706-4878fa334d84","EventProcessedUtcTime":"2023-03-03T13:13:21.2458416Z","PartitionId":0,"EventEnqueuedUtcTime":"2023-03-03T13:13:21.0690000Z","path":"D495D9BB-0F5F-4945-9B2D-F90CAD90E413/2102ac15-bf5e-456c-ab63-90cb836ed7ad/apache-server/192.155.90.220"}
{"customerid":"D495D9BB-0F5F-4945-9B2D-F90CAD90E413","honeyserverid":"2102ac15-bf5e-456c-ab63-90cb836ed7ad","logkind":"honeypot","honeypotid":"8BE585FB-2F2F-4BC6-8848-4165C1C4AA46","honeypotname":"apache-server","time":"Fri Mar  3 13:14:01 UTC 2023","parsedMessage":{"timestamp":"2023-03-03 13:13:21+00:00","message_type":"http-access","correlation_id":null,"level":"WARNING","message":"192.155.90.220 - - \"\\x16\\x03\\x01\" 400 0 \"-\" \"-\"","ip":"192.155.90.220"},"id":"2544f51c-5f00-4ab3-9647-7011894711d5","EventProcessedUtcTime":"2023-03-03T13:14:01.9343747Z","PartitionId":0,"EventEnqueuedUtcTime":"2023-03-03T13:14:01.8860000Z","path":"D495D9BB-0F5F-4945-9B2D-F90CAD90E413/2102ac15-bf5e-456c-ab63-90cb836ed7ad/apache-server/192.155.90.220"}
{"customerid":"D495D9BB-0F5F-4945-9B2D-F90CAD90E413","honeyserverid":"2102ac15-bf5e-456c-ab63-90cb836ed7ad","logkind":"connection","honeypotid":"8BE585FB-2F2F-4BC6-8848-4165C1C4AA46","honeypotname":"apache-server","time":"2023-03-04T08:59:04.599783","parsedMessage":{"timestamp":"2023-03-04 08:59:04.599783","message_type":null,"correlation_id":null,"level":"INFO","message":"connection-log connection from 192.155.90.220:35762 to port 80","ip":"192.155.90.220"},"id":"5318c0fe-4320-4ff8-893a-31f55dd2b5e1","EventProcessedUtcTime":"2023-03-04T08:59:05.1431687Z","PartitionId":0,"EventEnqueuedUtcTime":"2023-03-04T08:59:04.8950000Z","path":"D495D9BB-0F5F-4945-9B2D-F90CAD90E413/2102ac15-bf5e-456c-ab63-90cb836ed7ad/apache-server/192.155.90.220"}