{"customerid":"D495D9BB-0F5F-4945-9B2D-F90CAD90E413","honeyserverid":"2102ac15-bf5e-456c-ab63-90cb836ed7ad","logkind":"connection","honeypotid":"8BE585FB-2F2F-4BC6-8848-4165C1C4AA46","honeypotname":"apache-server","time":"2023-02-25T01:00:36.870193","parsedMessage":{"timestamp":"2023-02-25 01:00:36.870193","message_type":null,"correlation_id":null,"level":"INFO","message":"connection-log connection from 192.155.90.220:40192 to port 80","ip":"192.155.90.220"},"id":"7661ba59-ec93-4386-ad8f-e5bdb60635ef","EventProcessedUtcTime":"2023-02-25T01:00:37.2901249Z","PartitionId":0,"EventEnqueuedUtcTime":"2023-02-25T01:00:37.0610000Z","path":"D495D9BB-0F5F-4945-9B2D-F90CAD90E413/2102ac15-bf5e-456c-ab63-90cb836ed7ad/apache-server/192.155.90.220"}