{"customerid":"D495D9BB-0F5F-4945-9B2D-F90CAD90E413","honeyserverid":"2102ac15-bf5e-456c-ab63-90cb836ed7ad","logkind":"connection","honeypotid":"8BE585FB-2F2F-4BC6-8848-4165C1C4AA46","honeypotname":"apache-server","time":"2023-02-23T08:52:18.099325","parsedMessage":{"timestamp":"2023-02-23 08:52:18.099325","message_type":null,"correlation_id":null,"level":"INFO","message":"connection-log connection from 192.155.90.220:38984 to port 80","ip":"192.155.90.220"},"id":"bf0ef840-9f12-4eda-9422-bfd83515f2aa","EventProcessedUtcTime":"2023-02-23T08:52:18.5183995Z","PartitionId":0,"EventEnqueuedUtcTime":"2023-02-23T08:52:18.3710000Z","path":"D495D9BB-0F5F-4945-9B2D-F90CAD90E413/2102ac15-bf5e-456c-ab63-90cb836ed7ad/apache-server/192.155.90.220"}
{"customerid":"D495D9BB-0F5F-4945-9B2D-F90CAD90E413","honeyserverid":"2102ac15-bf5e-456c-ab63-90cb836ed7ad","logkind":"honeypot","honeypotid":"8BE585FB-2F2F-4BC6-8848-4165C1C4AA46","honeypotname":"apache-server","time":"Thu Feb 23 08:53:01 UTC 2023","parsedMessage":{"timestamp":"2023-02-23 08:52:17+00:00","message_type":"http-access","correlation_id":null,"level":"WARNING","message":"192.155.90.220 - - \"\\x16\\x03\\x01\" 400 0 \"-\" \"-\"","ip":"192.155.90.220"},"id":"1e423a7f-9e8a-4a00-89f2-6ac42485e63e","EventProcessedUtcTime":"2023-02-23T08:53:01.8311023Z","PartitionId":0,"EventEnqueuedUtcTime":"2023-02-23T08:53:01.7020000Z","path":"D495D9BB-0F5F-4945-9B2D-F90CAD90E413/2102ac15-bf5e-456c-ab63-90cb836ed7ad/apache-server/192.155.90.220"}