{"customerid":"D495D9BB-0F5F-4945-9B2D-F90CAD90E413","honeyserverid":"87422976-5cd1-469f-9125-4b1f29054ed5","logkind":"connection","honeypotid":"8BE585FB-2F2F-4BC6-8848-4165C1C4AA46","honeypotname":"apache-server","time":"2023-04-01T09:29:09.166823","parsedMessage":{"timestamp":"2023-04-01 09:29:09.166823","message_type":null,"correlation_id":null,"level":"INFO","message":"connection-log connection from 107.170.236.11:41615 to port 80","ip":"107.170.236.11"},"id":"5ca4933e-7873-4891-a444-f322a8d7ce27","EventProcessedUtcTime":"2023-04-01T09:29:09.5733692Z","PartitionId":0,"EventEnqueuedUtcTime":"2023-04-01T09:29:09.3880000Z","path":"D495D9BB-0F5F-4945-9B2D-F90CAD90E413/87422976-5cd1-469f-9125-4b1f29054ed5/apache-server/107.170.236.11"}
{"customerid":"D495D9BB-0F5F-4945-9B2D-F90CAD90E413","honeyserverid":"87422976-5cd1-469f-9125-4b1f29054ed5","logkind":"connection","honeypotid":"8BE585FB-2F2F-4BC6-8848-4165C1C4AA46","honeypotname":"apache-server","time":"2023-04-01T09:30:01.543745","parsedMessage":{"timestamp":"2023-04-01 09:30:01.543745","message_type":null,"correlation_id":null,"level":"INFO","message":"connection-log connection from 107.170.236.11:41615 to port 80","ip":"107.170.236.11"},"id":"ec4c3b85-a5a5-4bc8-8dec-a9b44c9c96be","EventProcessedUtcTime":"2023-04-01T09:30:06.4642977Z","PartitionId":0,"EventEnqueuedUtcTime":"2023-04-01T09:30:06.2970000Z","path":"D495D9BB-0F5F-4945-9B2D-F90CAD90E413/87422976-5cd1-469f-9125-4b1f29054ed5/apache-server/107.170.236.11"}