{"customerid":"D495D9BB-0F5F-4945-9B2D-F90CAD90E413","honeyserverid":"2102ac15-bf5e-456c-ab63-90cb836ed7ad","logkind":"connection","honeypotid":"8BE585FB-2F2F-4BC6-8848-4165C1C4AA46","honeypotname":"apache-server","time":"2023-02-28T03:51:03.601042","parsedMessage":{"timestamp":"2023-02-28 03:51:03.601042","message_type":null,"correlation_id":null,"level":"INFO","message":"connection-log connection from 162.243.130.23:57004 to port 80","ip":"162.243.130.23"},"id":"e8a7a2c4-1e27-4335-ac06-8653668e51d0","EventProcessedUtcTime":"2023-02-28T03:51:03.9558643Z","PartitionId":0,"EventEnqueuedUtcTime":"2023-02-28T03:51:03.7620000Z","path":"D495D9BB-0F5F-4945-9B2D-F90CAD90E413/2102ac15-bf5e-456c-ab63-90cb836ed7ad/apache-server/162.243.130.23"}
{"customerid":"D495D9BB-0F5F-4945-9B2D-F90CAD90E413","honeyserverid":"2102ac15-bf5e-456c-ab63-90cb836ed7ad","logkind":"honeypot","honeypotid":"8BE585FB-2F2F-4BC6-8848-4165C1C4AA46","honeypotname":"apache-server","time":"Tue Feb 28 03:53:01 UTC 2023","parsedMessage":{"timestamp":"2023-02-28 03:52:35+00:00","message_type":"http-access","correlation_id":null,"level":"WARNING","message":"162.243.130.23 - - \"GET /ReportServer HTTP/1.1\" 404 435 \"-\" \"Mozilla/5.0 zgrab/0.x\"","ip":"162.243.130.23"},"id":"f480ebca-807d-40cf-bb4c-fa8056f73b07","EventProcessedUtcTime":"2023-02-28T03:53:02.1908594Z","PartitionId":0,"EventEnqueuedUtcTime":"2023-02-28T03:53:02.0980000Z","path":"D495D9BB-0F5F-4945-9B2D-F90CAD90E413/2102ac15-bf5e-456c-ab63-90cb836ed7ad/apache-server/162.243.130.23"}