{"customerid":"D495D9BB-0F5F-4945-9B2D-F90CAD90E413","honeyserverid":"2102ac15-bf5e-456c-ab63-90cb836ed7ad","logkind":"honeypot","honeypotid":"8BE585FB-2F2F-4BC6-8848-4165C1C4AA46","honeypotname":"apache-server","time":"Wed Mar  8 17:46:01 UTC 2023","parsedMessage":{"timestamp":"2023-03-08 17:45:59+00:00","message_type":"http-access","correlation_id":null,"level":"WARNING","message":"151.235.3.195 - - \"GET / HTTP/1.1\" 200 263 \"-\" \"Mozilla/5.0 (Windows NT 6.1; WOW64) AppleWebKit/537.36 (KHTML, like Gecko) Chrome/52.0.2743.116 Safari/537.36\"","ip":"151.235.3.195"},"id":"ed38e0c4-a0f8-4251-a6c2-a7a59e583786","EventProcessedUtcTime":"2023-03-08T17:46:02.2372750Z","PartitionId":0,"EventEnqueuedUtcTime":"2023-03-08T17:46:02.0780000Z","path":"D495D9BB-0F5F-4945-9B2D-F90CAD90E413/2102ac15-bf5e-456c-ab63-90cb836ed7ad/apache-server/151.235.3.195"}