{"customerid":"D495D9BB-0F5F-4945-9B2D-F90CAD90E413","honeyserverid":"2102ac15-bf5e-456c-ab63-90cb836ed7ad","logkind":"connection","honeypotid":"8BE585FB-2F2F-4BC6-8848-4165C1C4AA46","honeypotname":"apache-server","time":"2023-03-07T01:12:13.787613","parsedMessage":{"timestamp":"2023-03-07 01:12:13.787613","message_type":null,"correlation_id":null,"level":"INFO","message":"connection-log connection from 20.62.192.233:58433 to port 80","ip":"20.62.192.233"},"id":"c4b27342-daec-4628-9657-3c7d4f159180","EventProcessedUtcTime":"2023-03-07T01:12:14.3641806Z","PartitionId":0,"EventEnqueuedUtcTime":"2023-03-07T01:12:14.1440000Z","path":"D495D9BB-0F5F-4945-9B2D-F90CAD90E413/2102ac15-bf5e-456c-ab63-90cb836ed7ad/apache-server/20.62.192.233"}
{"customerid":"D495D9BB-0F5F-4945-9B2D-F90CAD90E413","honeyserverid":"2102ac15-bf5e-456c-ab63-90cb836ed7ad","logkind":"honeypot","honeypotid":"8BE585FB-2F2F-4BC6-8848-4165C1C4AA46","honeypotname":"apache-server","time":"Tue Mar  7 01:14:01 UTC 2023","parsedMessage":{"timestamp":"2023-03-07 01:13:59+00:00","message_type":"http-access","correlation_id":null,"level":"WARNING","message":"20.62.192.233 - - \"GET / HTTP/1.0\" 200 282 \"-\" \"-\"","ip":"20.62.192.233"},"id":"358790b1-6919-4c11-becb-5eea6b49859c","EventProcessedUtcTime":"2023-03-07T01:14:02.2392634Z","PartitionId":0,"EventEnqueuedUtcTime":"2023-03-07T01:14:02.1760000Z","path":"D495D9BB-0F5F-4945-9B2D-F90CAD90E413/2102ac15-bf5e-456c-ab63-90cb836ed7ad/apache-server/20.62.192.233"}