{"customerid":"D495D9BB-0F5F-4945-9B2D-F90CAD90E413","honeyserverid":"2102ac15-bf5e-456c-ab63-90cb836ed7ad","logkind":"connection","honeypotid":"8BE585FB-2F2F-4BC6-8848-4165C1C4AA46","honeypotname":"apache-server","time":"2023-02-28T01:38:03.118636","parsedMessage":{"timestamp":"2023-02-28 01:38:03.118636","message_type":null,"correlation_id":null,"level":"INFO","message":"connection-log connection from 104.210.157.77:35969 to port 80","ip":"104.210.157.77"},"id":"e9c78963-b145-42e9-a675-e03e8b881cd4","EventProcessedUtcTime":"2023-02-28T01:38:03.4864639Z","PartitionId":0,"EventEnqueuedUtcTime":"2023-02-28T01:38:03.3220000Z","path":"D495D9BB-0F5F-4945-9B2D-F90CAD90E413/2102ac15-bf5e-456c-ab63-90cb836ed7ad/apache-server/104.210.157.77"}
{"customerid":"D495D9BB-0F5F-4945-9B2D-F90CAD90E413","honeyserverid":"2102ac15-bf5e-456c-ab63-90cb836ed7ad","logkind":"connection","honeypotid":"8BE585FB-2F2F-4BC6-8848-4165C1C4AA46","honeypotname":"apache-server","time":"2023-02-28T01:40:01.931456","parsedMessage":{"timestamp":"2023-02-28 01:40:01.931456","message_type":null,"correlation_id":null,"level":"INFO","message":"connection-log connection from 104.210.157.77:54974 to port 80","ip":"104.210.157.77"},"id":"c364e7d0-384e-4368-94d8-0ad3f2a09e85","EventProcessedUtcTime":"2023-02-28T01:40:03.5981031Z","PartitionId":0,"EventEnqueuedUtcTime":"2023-02-28T01:40:03.4480000Z","path":"D495D9BB-0F5F-4945-9B2D-F90CAD90E413/2102ac15-bf5e-456c-ab63-90cb836ed7ad/apache-server/104.210.157.77"}