{"customerid":"D495D9BB-0F5F-4945-9B2D-F90CAD90E413","honeyserverid":"87422976-5cd1-469f-9125-4b1f29054ed5","logkind":"connection","honeypotid":"8BE585FB-2F2F-4BC6-8848-4165C1C4AA46","honeypotname":"apache-server","time":"2023-04-02T13:19:36.797174","parsedMessage":{"timestamp":"2023-04-02 13:19:36.797174","message_type":null,"correlation_id":null,"level":"INFO","message":"connection-log connection from 113.131.185.3:6639 to port 80","ip":"113.131.185.3"},"id":"a39c2902-a41c-413e-ac44-56fc5ee4bf98","EventProcessedUtcTime":"2023-04-02T13:19:37.1343707Z","PartitionId":0,"EventEnqueuedUtcTime":"2023-04-02T13:19:37.0650000Z","path":"D495D9BB-0F5F-4945-9B2D-F90CAD90E413/87422976-5cd1-469f-9125-4b1f29054ed5/apache-server/113.131.185.3"}
{"customerid":"D495D9BB-0F5F-4945-9B2D-F90CAD90E413","honeyserverid":"87422976-5cd1-469f-9125-4b1f29054ed5","logkind":"honeypot","honeypotid":"8BE585FB-2F2F-4BC6-8848-4165C1C4AA46","honeypotname":"apache-server","time":"Sun Apr  2 13:20:02 UTC 2023","parsedMessage":{"timestamp":"2023-04-02 13:19:37+00:00","message_type":"http-access","correlation_id":null,"level":"WARNING","message":"113.131.185.3 - - \"GET / HTTP/1.1\" 400 0 \"-\" \"-\"","ip":"113.131.185.3"},"id":"cb787f46-94c9-4c8f-a25c-f0a32003ff0c","EventProcessedUtcTime":"2023-04-02T13:20:04.8058649Z","PartitionId":0,"EventEnqueuedUtcTime":"2023-04-02T13:20:04.7100000Z","path":"D495D9BB-0F5F-4945-9B2D-F90CAD90E413/87422976-5cd1-469f-9125-4b1f29054ed5/apache-server/113.131.185.3"}