{"customerid":"D495D9BB-0F5F-4945-9B2D-F90CAD90E413","honeyserverid":"2102ac15-bf5e-456c-ab63-90cb836ed7ad","logkind":"connection","honeypotid":"8BE585FB-2F2F-4BC6-8848-4165C1C4AA46","honeypotname":"apache-server","time":"2023-03-03T11:40:57.923745","parsedMessage":{"timestamp":"2023-03-03 11:40:57.923745","message_type":null,"correlation_id":null,"level":"INFO","message":"connection-log connection from 142.4.218.114:59577 to port 80","ip":"142.4.218.114"},"id":"eb6699d6-37a6-4d9c-921c-d04f24c8a910","EventProcessedUtcTime":"2023-03-03T11:40:58.3407332Z","PartitionId":0,"EventEnqueuedUtcTime":"2023-03-03T11:40:58.1320000Z","path":"D495D9BB-0F5F-4945-9B2D-F90CAD90E413/2102ac15-bf5e-456c-ab63-90cb836ed7ad/apache-server/142.4.218.114"}
{"customerid":"D495D9BB-0F5F-4945-9B2D-F90CAD90E413","honeyserverid":"2102ac15-bf5e-456c-ab63-90cb836ed7ad","logkind":"honeypot","honeypotid":"8BE585FB-2F2F-4BC6-8848-4165C1C4AA46","honeypotname":"apache-server","time":"Fri Mar  3 11:41:01 UTC 2023","parsedMessage":{"timestamp":"2023-03-03 11:40:58+00:00","message_type":"http-access","correlation_id":null,"level":"WARNING","message":"142.4.218.114 - - \"GET / HTTP/1.1\" 200 282 \"-\" \"Mozilla/5.0 (X11; Ubuntu; Linux x86_64; rv:58.0) Gecko/20100101 Firefox/58.0\"","ip":"142.4.218.114"},"id":"da8652ed-97ed-456b-ab21-2fc99eb0c1cd","EventProcessedUtcTime":"2023-03-03T11:41:02.2781920Z","PartitionId":0,"EventEnqueuedUtcTime":"2023-03-03T11:41:02.0850000Z","path":"D495D9BB-0F5F-4945-9B2D-F90CAD90E413/2102ac15-bf5e-456c-ab63-90cb836ed7ad/apache-server/142.4.218.114"}