{"customerid":"D495D9BB-0F5F-4945-9B2D-F90CAD90E413","honeyserverid":"87422976-5cd1-469f-9125-4b1f29054ed5","logkind":"connection","honeypotid":"8BE585FB-2F2F-4BC6-8848-4165C1C4AA46","honeypotname":"apache-server","time":"2023-04-02T11:51:15.812166","parsedMessage":{"timestamp":"2023-04-02 11:51:15.812166","message_type":null,"correlation_id":null,"level":"INFO","message":"connection-log connection from 183.136.225.32:45468 to port 80","ip":"183.136.225.32"},"id":"8dd7f4cc-407e-4bca-ac46-e308c97e22b4","EventProcessedUtcTime":"2023-04-02T11:51:16.1426232Z","PartitionId":0,"EventEnqueuedUtcTime":"2023-04-02T11:51:16.0090000Z","path":"D495D9BB-0F5F-4945-9B2D-F90CAD90E413/87422976-5cd1-469f-9125-4b1f29054ed5/apache-server/183.136.225.32"}
{"customerid":"D495D9BB-0F5F-4945-9B2D-F90CAD90E413","honeyserverid":"87422976-5cd1-469f-9125-4b1f29054ed5","logkind":"connection","honeypotid":"8BE585FB-2F2F-4BC6-8848-4165C1C4AA46","honeypotname":"apache-server","time":"2023-04-03T02:35:01.329685","parsedMessage":{"timestamp":"2023-04-03 02:35:01.329685","message_type":null,"correlation_id":null,"level":"INFO","message":"connection-log connection from 183.136.225.32:33465 to port 80","ip":"183.136.225.32"},"id":"16f76720-073a-4422-90c4-6f454526b865","EventProcessedUtcTime":"2023-04-03T02:35:02.0710099Z","PartitionId":0,"EventEnqueuedUtcTime":"2023-04-03T02:35:01.8680000Z","path":"D495D9BB-0F5F-4945-9B2D-F90CAD90E413/87422976-5cd1-469f-9125-4b1f29054ed5/apache-server/183.136.225.32"}