{"customerid":"D495D9BB-0F5F-4945-9B2D-F90CAD90E413","honeyserverid":"87422976-5cd1-469f-9125-4b1f29054ed5","logkind":"connection","honeypotid":"8BE585FB-2F2F-4BC6-8848-4165C1C4AA46","honeypotname":"apache-server","time":"2023-04-01T12:24:07.916760","parsedMessage":{"timestamp":"2023-04-01 12:24:07.916760","message_type":null,"correlation_id":null,"level":"INFO","message":"connection-log connection from 137.184.58.102:60220 to port 80","ip":"137.184.58.102"},"id":"096faab4-47e9-40a0-8cdc-1199b739fab4","EventProcessedUtcTime":"2023-04-01T12:24:08.2701999Z","PartitionId":0,"EventEnqueuedUtcTime":"2023-04-01T12:24:08.1270000Z","path":"D495D9BB-0F5F-4945-9B2D-F90CAD90E413/87422976-5cd1-469f-9125-4b1f29054ed5/apache-server/137.184.58.102"}