{"customerid":"D495D9BB-0F5F-4945-9B2D-F90CAD90E413","honeyserverid":"87422976-5cd1-469f-9125-4b1f29054ed5","logkind":"connection","honeypotid":"8BE585FB-2F2F-4BC6-8848-4165C1C4AA46","honeypotname":"apache-server","time":"2023-03-31T14:39:57.191793","parsedMessage":{"timestamp":"2023-03-31 14:39:57.191793","message_type":null,"correlation_id":null,"level":"INFO","message":"connection-log connection from 162.221.192.30:37504 to port 80","ip":"162.221.192.30"},"id":"07e8e938-12ce-46d3-ba1c-c9303bab614c","EventProcessedUtcTime":"2023-03-31T14:39:57.6144481Z","PartitionId":0,"EventEnqueuedUtcTime":"2023-03-31T14:39:57.4170000Z","path":"D495D9BB-0F5F-4945-9B2D-F90CAD90E413/87422976-5cd1-469f-9125-4b1f29054ed5/apache-server/162.221.192.30"}