{"customerid":"D495D9BB-0F5F-4945-9B2D-F90CAD90E413","honeyserverid":"2102ac15-bf5e-456c-ab63-90cb836ed7ad","logkind":"honeypot","honeypotid":"8BE585FB-2F2F-4BC6-8848-4165C1C4AA46","honeypotname":"apache-server","time":"Fri Feb 24 09:46:01 UTC 2023","parsedMessage":{"timestamp":"2023-02-24 09:45:34+00:00","message_type":"http-access","correlation_id":null,"level":"WARNING","message":"20.203.179.186 - - \"GET /.git/config HTTP/1.1\" 404 491 \"-\" \"Mozilla/5.0 (X11; Linux x86_64) AppleWebKit/537.36 (KHTML, like Gecko) Chrome/81.0.4044.129 Safari/537.36\"","ip":"20.203.179.186"},"id":"a5686ede-3630-421d-98c6-658037f87aa7","EventProcessedUtcTime":"2023-02-24T09:46:02.1678884Z","PartitionId":0,"EventEnqueuedUtcTime":"2023-02-24T09:46:02.0130000Z","path":"D495D9BB-0F5F-4945-9B2D-F90CAD90E413/2102ac15-bf5e-456c-ab63-90cb836ed7ad/apache-server/20.203.179.186"}