{"customerid":"D495D9BB-0F5F-4945-9B2D-F90CAD90E413","honeyserverid":"87422976-5cd1-469f-9125-4b1f29054ed5","logkind":"honeypot","honeypotid":"8BE585FB-2F2F-4BC6-8848-4165C1C4AA46","honeypotname":"apache-server","time":"Mon Apr  3 06:51:01 UTC 2023","parsedMessage":{"timestamp":"2023-04-03 06:50:32+00:00","message_type":"http-access","correlation_id":null,"level":"WARNING","message":"172.104.242.173 - - \"GET /0bef HTTP/1.0\" 404 452 \"-\" \"-\"","ip":"172.104.242.173"},"id":"f023b524-f22f-44cc-a589-b251b27922ef","EventProcessedUtcTime":"2023-04-03T06:51:01.8294442Z","PartitionId":0,"EventEnqueuedUtcTime":"2023-04-03T06:51:01.6470000Z","path":"D495D9BB-0F5F-4945-9B2D-F90CAD90E413/87422976-5cd1-469f-9125-4b1f29054ed5/apache-server/172.104.242.173"}