{"customerid":"D495D9BB-0F5F-4945-9B2D-F90CAD90E413","honeyserverid":"2102ac15-bf5e-456c-ab63-90cb836ed7ad","logkind":"connection","honeypotid":"8BE585FB-2F2F-4BC6-8848-4165C1C4AA46","honeypotname":"apache-server","time":"2023-03-01T05:31:00.125083","parsedMessage":{"timestamp":"2023-03-01 05:31:00.125083","message_type":null,"correlation_id":null,"level":"INFO","message":"connection-log connection from 172.104.242.173:53289 to port 80","ip":"172.104.242.173"},"id":"52f23157-8489-4a9a-be93-8b03830394b8","EventProcessedUtcTime":"2023-03-01T05:31:00.3865782Z","PartitionId":0,"EventEnqueuedUtcTime":"2023-03-01T05:31:00.3410000Z","path":"D495D9BB-0F5F-4945-9B2D-F90CAD90E413/2102ac15-bf5e-456c-ab63-90cb836ed7ad/apache-server/172.104.242.173"}