{"customerid":"D495D9BB-0F5F-4945-9B2D-F90CAD90E413","honeyserverid":"2102ac15-bf5e-456c-ab63-90cb836ed7ad","logkind":"honeypot","honeypotid":"8BE585FB-2F2F-4BC6-8848-4165C1C4AA46","honeypotname":"apache-server","time":"Thu Feb 23 12:24:01 UTC 2023","parsedMessage":{"timestamp":"2023-02-23 12:23:12+00:00","message_type":"http-access","correlation_id":null,"level":"WARNING","message":"2.101.157.30 - - \"GET / HTTP/1.1\" 200 263 \"-\" \"Mozilla/5.0 (Windows NT 10.0; WOW64) AppleWebKit/537.36 (KHTML, like Gecko) Chrome/51.0.2704.103 Safari/537.36\"","ip":"2.101.157.30"},"id":"f8669277-ca5d-4f63-a644-35279dfbb9c9","EventProcessedUtcTime":"2023-02-23T12:24:01.6186066Z","PartitionId":0,"EventEnqueuedUtcTime":"2023-02-23T12:24:01.5650000Z","path":"D495D9BB-0F5F-4945-9B2D-F90CAD90E413/2102ac15-bf5e-456c-ab63-90cb836ed7ad/apache-server/2.101.157.30"}