{"customerid":"D495D9BB-0F5F-4945-9B2D-F90CAD90E413","honeyserverid":"2102ac15-bf5e-456c-ab63-90cb836ed7ad","logkind":"connection","honeypotid":"8BE585FB-2F2F-4BC6-8848-4165C1C4AA46","honeypotname":"apache-server","time":"2023-02-25T02:47:19.125551","parsedMessage":{"timestamp":"2023-02-25 02:47:19.125551","message_type":null,"correlation_id":null,"level":"INFO","message":"connection-log connection from 170.187.163.133:47491 to port 80","ip":"170.187.163.133"},"id":"80ab2f29-e87b-4ea8-846c-e9734a7829fb","EventProcessedUtcTime":"2023-02-25T02:47:19.6632832Z","PartitionId":0,"EventEnqueuedUtcTime":"2023-02-25T02:47:19.4900000Z","path":"D495D9BB-0F5F-4945-9B2D-F90CAD90E413/2102ac15-bf5e-456c-ab63-90cb836ed7ad/apache-server/170.187.163.133"}