{"customerid":"D495D9BB-0F5F-4945-9B2D-F90CAD90E413","honeyserverid":"2102ac15-bf5e-456c-ab63-90cb836ed7ad","logkind":"connection","honeypotid":"8BE585FB-2F2F-4BC6-8848-4165C1C4AA46","honeypotname":"apache-server","time":"2023-03-09T07:20:53.660396","parsedMessage":{"timestamp":"2023-03-09 07:20:53.660396","message_type":null,"correlation_id":null,"level":"INFO","message":"connection-log connection from 198.199.119.35:58280 to port 80","ip":"198.199.119.35"},"id":"f3e54453-36a3-4a89-940c-af83e3155808","EventProcessedUtcTime":"2023-03-09T07:20:54.1272107Z","PartitionId":0,"EventEnqueuedUtcTime":"2023-03-09T07:20:53.9220000Z","path":"D495D9BB-0F5F-4945-9B2D-F90CAD90E413/2102ac15-bf5e-456c-ab63-90cb836ed7ad/apache-server/198.199.119.35"}