{"customerid":"D495D9BB-0F5F-4945-9B2D-F90CAD90E413","honeyserverid":"2102ac15-bf5e-456c-ab63-90cb836ed7ad","logkind":"honeypot","honeypotid":"8BE585FB-2F2F-4BC6-8848-4165C1C4AA46","honeypotname":"apache-server","time":"Sun Mar  5 01:07:01 UTC 2023","parsedMessage":{"timestamp":"2023-03-05 01:06:31+00:00","message_type":"http-access","correlation_id":null,"level":"WARNING","message":"154.89.5.111 - - \"GET / HTTP/1.1\" 200 263 \"-\" \"-\"","ip":"154.89.5.111"},"id":"ff8a9ba9-3de2-46e2-aa0c-5cfd3bf5a6dd","EventProcessedUtcTime":"2023-03-05T01:07:02.1396828Z","PartitionId":0,"EventEnqueuedUtcTime":"2023-03-05T01:07:01.9820000Z","path":"D495D9BB-0F5F-4945-9B2D-F90CAD90E413/2102ac15-bf5e-456c-ab63-90cb836ed7ad/apache-server/154.89.5.111"}