{"customerid":"D495D9BB-0F5F-4945-9B2D-F90CAD90E413","honeyserverid":"2102ac15-bf5e-456c-ab63-90cb836ed7ad","logkind":"connection","honeypotid":"8BE585FB-2F2F-4BC6-8848-4165C1C4AA46","honeypotname":"apache-server","time":"2023-02-26T15:51:01.805132","parsedMessage":{"timestamp":"2023-02-26 15:51:01.805132","message_type":null,"correlation_id":null,"level":"INFO","message":"connection-log connection from 162.243.139.7:34467 to port 80","ip":"162.243.139.7"},"id":"3a0751df-b801-4d25-87d8-b351fff91fc6","EventProcessedUtcTime":"2023-02-26T15:51:02.2058086Z","PartitionId":0,"EventEnqueuedUtcTime":"2023-02-26T15:51:01.9920000Z","path":"D495D9BB-0F5F-4945-9B2D-F90CAD90E413/2102ac15-bf5e-456c-ab63-90cb836ed7ad/apache-server/162.243.139.7"}
{"customerid":"D495D9BB-0F5F-4945-9B2D-F90CAD90E413","honeyserverid":"2102ac15-bf5e-456c-ab63-90cb836ed7ad","logkind":"honeypot","honeypotid":"8BE585FB-2F2F-4BC6-8848-4165C1C4AA46","honeypotname":"apache-server","time":"Sun Feb 26 15:56:01 UTC 2023","parsedMessage":{"timestamp":"2023-02-26 15:55:46+00:00","message_type":"http-access","correlation_id":null,"level":"WARNING","message":"162.243.139.7 - - \"MGLNDD_51.11.162.74_80\\n\" 400 0 \"-\" \"-\"","ip":"162.243.139.7"},"id":"db517a55-af6c-4441-9a8a-57eed7e002eb","EventProcessedUtcTime":"2023-02-26T15:56:02.2207556Z","PartitionId":0,"EventEnqueuedUtcTime":"2023-02-26T15:56:02.1010000Z","path":"D495D9BB-0F5F-4945-9B2D-F90CAD90E413/2102ac15-bf5e-456c-ab63-90cb836ed7ad/apache-server/162.243.139.7"}