{"customerid":"D495D9BB-0F5F-4945-9B2D-F90CAD90E413","honeyserverid":"87422976-5cd1-469f-9125-4b1f29054ed5","logkind":"connection","honeypotid":"8BE585FB-2F2F-4BC6-8848-4165C1C4AA46","honeypotname":"apache-server","time":"2023-04-01T08:54:08.399066","parsedMessage":{"timestamp":"2023-04-01 08:54:08.399066","message_type":null,"correlation_id":null,"level":"INFO","message":"connection-log connection from 170.187.165.219:35708 to port 80","ip":"170.187.165.219"},"id":"1a5c81b6-9809-450f-9683-0cf1f43ea171","EventProcessedUtcTime":"2023-04-01T08:54:08.8973270Z","PartitionId":0,"EventEnqueuedUtcTime":"2023-04-01T08:54:08.7750000Z","path":"D495D9BB-0F5F-4945-9B2D-F90CAD90E413/87422976-5cd1-469f-9125-4b1f29054ed5/apache-server/170.187.165.219"}