{"customerid":"D495D9BB-0F5F-4945-9B2D-F90CAD90E413","honeyserverid":"2102ac15-bf5e-456c-ab63-90cb836ed7ad","logkind":"connection","honeypotid":"8BE585FB-2F2F-4BC6-8848-4165C1C4AA46","honeypotname":"apache-server","time":"2023-03-01T02:50:17.714385","parsedMessage":{"timestamp":"2023-03-01 02:50:17.714385","message_type":null,"correlation_id":null,"level":"INFO","message":"connection-log connection from 205.210.31.175:51026 to port 80","ip":"205.210.31.175"},"id":"a695e31c-3226-4054-95e5-6a8c50443786","EventProcessedUtcTime":"2023-03-01T02:50:18.1119980Z","PartitionId":0,"EventEnqueuedUtcTime":"2023-03-01T02:50:18.0190000Z","path":"D495D9BB-0F5F-4945-9B2D-F90CAD90E413/2102ac15-bf5e-456c-ab63-90cb836ed7ad/apache-server/205.210.31.175"}
{"customerid":"D495D9BB-0F5F-4945-9B2D-F90CAD90E413","honeyserverid":"2102ac15-bf5e-456c-ab63-90cb836ed7ad","logkind":"honeypot","honeypotid":"8BE585FB-2F2F-4BC6-8848-4165C1C4AA46","honeypotname":"apache-server","time":"Wed Mar  1 02:51:02 UTC 2023","parsedMessage":{"timestamp":"2023-03-01 02:50:19+00:00","message_type":"http-access","correlation_id":null,"level":"WARNING","message":"205.210.31.175 - - \"GET / HTTP/1.0\" 200 282 \"-\" \"Expanse, a Palo Alto Networks company, searches across the global IPv4 space multiple times per day to identify customers&#39; presences on the Internet. If you would like to be excluded from our scans, please send IP addresses/domains to: scaninfo@paloaltonetworks.com\"","ip":"205.210.31.175"},"id":"23011990-8532-4e52-bf9a-f6fa41618748","EventProcessedUtcTime":"2023-03-01T02:51:02.5185182Z","PartitionId":0,"EventEnqueuedUtcTime":"2023-03-01T02:51:02.2800000Z","path":"D495D9BB-0F5F-4945-9B2D-F90CAD90E413/2102ac15-bf5e-456c-ab63-90cb836ed7ad/apache-server/205.210.31.175"}