{"customerid":"D495D9BB-0F5F-4945-9B2D-F90CAD90E413","honeyserverid":"2102ac15-bf5e-456c-ab63-90cb836ed7ad","logkind":"connection","honeypotid":"8BE585FB-2F2F-4BC6-8848-4165C1C4AA46","honeypotname":"apache-server","time":"2023-03-01T07:35:50.291852","parsedMessage":{"timestamp":"2023-03-01 07:35:50.291852","message_type":null,"correlation_id":null,"level":"INFO","message":"connection-log connection from 189.143.107.219:33041 to port 80","ip":"189.143.107.219"},"id":"fdbb8d34-cf9b-48c0-acd0-7f7eed27665a","EventProcessedUtcTime":"2023-03-01T07:35:50.6243995Z","PartitionId":0,"EventEnqueuedUtcTime":"2023-03-01T07:35:50.5790000Z","path":"D495D9BB-0F5F-4945-9B2D-F90CAD90E413/2102ac15-bf5e-456c-ab63-90cb836ed7ad/apache-server/189.143.107.219"}
{"customerid":"D495D9BB-0F5F-4945-9B2D-F90CAD90E413","honeyserverid":"2102ac15-bf5e-456c-ab63-90cb836ed7ad","logkind":"honeypot","honeypotid":"8BE585FB-2F2F-4BC6-8848-4165C1C4AA46","honeypotname":"apache-server","time":"Wed Mar  1 07:36:01 UTC 2023","parsedMessage":{"timestamp":"2023-03-01 07:35:50+00:00","message_type":"http-access","correlation_id":null,"level":"WARNING","message":"189.143.107.219 - - \"GET / HTTP/1.1\" 200 263 \"-\" \"Mozilla/5.0 (Windows NT 10.0; WOW64) AppleWebKit/537.36 (KHTML, like Gecko) Chrome/51.0.2704.103 Safari/537.36\"","ip":"189.143.107.219"},"id":"3bed7c3d-e26f-4501-8945-978c6368ec36","EventProcessedUtcTime":"2023-03-01T07:36:01.9982339Z","PartitionId":0,"EventEnqueuedUtcTime":"2023-03-01T07:36:01.7980000Z","path":"D495D9BB-0F5F-4945-9B2D-F90CAD90E413/2102ac15-bf5e-456c-ab63-90cb836ed7ad/apache-server/189.143.107.219"}