{"customerid":"D495D9BB-0F5F-4945-9B2D-F90CAD90E413","honeyserverid":"2102ac15-bf5e-456c-ab63-90cb836ed7ad","logkind":"connection","honeypotid":"8BE585FB-2F2F-4BC6-8848-4165C1C4AA46","honeypotname":"apache-server","time":"2023-03-06T05:06:04.379536","parsedMessage":{"timestamp":"2023-03-06 05:06:04.379536","message_type":null,"correlation_id":null,"level":"INFO","message":"connection-log connection from 118.27.122.248:25248 to port 80","ip":"118.27.122.248"},"id":"11f39e06-4ab8-4ec4-80ea-035b7371bfe0","EventProcessedUtcTime":"2023-03-06T05:06:04.8746035Z","PartitionId":0,"EventEnqueuedUtcTime":"2023-03-06T05:06:04.6480000Z","path":"D495D9BB-0F5F-4945-9B2D-F90CAD90E413/2102ac15-bf5e-456c-ab63-90cb836ed7ad/apache-server/118.27.122.248"}
{"customerid":"D495D9BB-0F5F-4945-9B2D-F90CAD90E413","honeyserverid":"2102ac15-bf5e-456c-ab63-90cb836ed7ad","logkind":"honeypot","honeypotid":"8BE585FB-2F2F-4BC6-8848-4165C1C4AA46","honeypotname":"apache-server","time":"Mon Mar  6 05:08:01 UTC 2023","parsedMessage":{"timestamp":"2023-03-06 05:07:04+00:00","message_type":"http-access","correlation_id":null,"level":"WARNING","message":"118.27.122.248 - - \"GET / HTTP/1.1\" 200 263 \"-\" \"Mozilla/5.0 (Windows NT 10.0; WOW64; rv:56.0) Gecko/20100101 Firefox/56.0\"","ip":"118.27.122.248"},"id":"096a4436-9eac-4d0f-af62-548bddb6ce90","EventProcessedUtcTime":"2023-03-06T05:08:02.5617722Z","PartitionId":0,"EventEnqueuedUtcTime":"2023-03-06T05:08:02.0860000Z","path":"D495D9BB-0F5F-4945-9B2D-F90CAD90E413/2102ac15-bf5e-456c-ab63-90cb836ed7ad/apache-server/118.27.122.248"}