{"customerid":"D495D9BB-0F5F-4945-9B2D-F90CAD90E413","honeyserverid":"2102ac15-bf5e-456c-ab63-90cb836ed7ad","logkind":"connection","honeypotid":"8BE585FB-2F2F-4BC6-8848-4165C1C4AA46","honeypotname":"apache-server","time":"2023-03-09T07:02:06.039028","parsedMessage":{"timestamp":"2023-03-09 07:02:06.039028","message_type":null,"correlation_id":null,"level":"INFO","message":"connection-log connection from 172.104.11.51:51652 to port 80","ip":"172.104.11.51"},"id":"dbf6362f-2059-4187-a232-887b3e287be6","EventProcessedUtcTime":"2023-03-09T07:02:06.5026459Z","PartitionId":0,"EventEnqueuedUtcTime":"2023-03-09T07:02:06.2920000Z","path":"D495D9BB-0F5F-4945-9B2D-F90CAD90E413/2102ac15-bf5e-456c-ab63-90cb836ed7ad/apache-server/172.104.11.51"}
{"customerid":"D495D9BB-0F5F-4945-9B2D-F90CAD90E413","honeyserverid":"2102ac15-bf5e-456c-ab63-90cb836ed7ad","logkind":"honeypot","honeypotid":"8BE585FB-2F2F-4BC6-8848-4165C1C4AA46","honeypotname":"apache-server","time":"Thu Mar  9 07:03:01 UTC 2023","parsedMessage":{"timestamp":"2023-03-09 07:02:05+00:00","message_type":"http-access","correlation_id":null,"level":"WARNING","message":"172.104.11.51 - - \"\\x16\\x03\\x01\" 400 0 \"-\" \"-\"","ip":"172.104.11.51"},"id":"6f5a1a37-b601-4917-b838-5017d5f0fc3d","EventProcessedUtcTime":"2023-03-09T07:03:02.0656354Z","PartitionId":0,"EventEnqueuedUtcTime":"2023-03-09T07:03:01.9090000Z","path":"D495D9BB-0F5F-4945-9B2D-F90CAD90E413/2102ac15-bf5e-456c-ab63-90cb836ed7ad/apache-server/172.104.11.51"}