{"customerid":"D495D9BB-0F5F-4945-9B2D-F90CAD90E413","honeyserverid":"87422976-5cd1-469f-9125-4b1f29054ed5","logkind":"connection","honeypotid":"8BE585FB-2F2F-4BC6-8848-4165C1C4AA46","honeypotname":"apache-server","time":"2023-04-01T16:52:28.277315","parsedMessage":{"timestamp":"2023-04-01 16:52:28.277315","message_type":null,"correlation_id":null,"level":"INFO","message":"connection-log connection from 172.104.11.51:15098 to port 80","ip":"172.104.11.51"},"id":"6efbb97d-aa48-42ff-b616-45122261bcb6","EventProcessedUtcTime":"2023-04-01T16:52:28.6561555Z","PartitionId":0,"EventEnqueuedUtcTime":"2023-04-01T16:52:28.4610000Z","path":"D495D9BB-0F5F-4945-9B2D-F90CAD90E413/87422976-5cd1-469f-9125-4b1f29054ed5/apache-server/172.104.11.51"}
{"customerid":"D495D9BB-0F5F-4945-9B2D-F90CAD90E413","honeyserverid":"87422976-5cd1-469f-9125-4b1f29054ed5","logkind":"honeypot","honeypotid":"8BE585FB-2F2F-4BC6-8848-4165C1C4AA46","honeypotname":"apache-server","time":"Sat Apr  1 16:53:01 UTC 2023","parsedMessage":{"timestamp":"2023-04-01 16:52:27+00:00","message_type":"http-access","correlation_id":null,"level":"WARNING","message":"172.104.11.51 - - \"\\x16\\x03\\x01\" 400 0 \"-\" \"-\"","ip":"172.104.11.51"},"id":"e8a83caf-e0bb-4cf3-aedf-cb8ee2481512","EventProcessedUtcTime":"2023-04-01T16:53:02.0158774Z","PartitionId":0,"EventEnqueuedUtcTime":"2023-04-01T16:53:01.8690000Z","path":"D495D9BB-0F5F-4945-9B2D-F90CAD90E413/87422976-5cd1-469f-9125-4b1f29054ed5/apache-server/172.104.11.51"}