{"customerid":"D495D9BB-0F5F-4945-9B2D-F90CAD90E413","honeyserverid":"2102ac15-bf5e-456c-ab63-90cb836ed7ad","logkind":"connection","honeypotid":"8BE585FB-2F2F-4BC6-8848-4165C1C4AA46","honeypotname":"apache-server","time":"2023-02-23T16:51:59.352097","parsedMessage":{"timestamp":"2023-02-23 16:51:59.352097","message_type":null,"correlation_id":null,"level":"INFO","message":"connection-log connection from 172.104.11.51:8256 to port 80","ip":"172.104.11.51"},"id":"71b51ee5-7bf5-44a4-8c12-6582aeb235e0","EventProcessedUtcTime":"2023-02-23T16:51:59.9879757Z","PartitionId":0,"EventEnqueuedUtcTime":"2023-02-23T16:51:59.7610000Z","path":"D495D9BB-0F5F-4945-9B2D-F90CAD90E413/2102ac15-bf5e-456c-ab63-90cb836ed7ad/apache-server/172.104.11.51"}
{"customerid":"D495D9BB-0F5F-4945-9B2D-F90CAD90E413","honeyserverid":"2102ac15-bf5e-456c-ab63-90cb836ed7ad","logkind":"honeypot","honeypotid":"8BE585FB-2F2F-4BC6-8848-4165C1C4AA46","honeypotname":"apache-server","time":"Thu Feb 23 16:52:01 UTC 2023","parsedMessage":{"timestamp":"2023-02-23 16:51:58+00:00","message_type":"http-access","correlation_id":null,"level":"WARNING","message":"172.104.11.51 - - \"\\x16\\x03\\x01\" 400 0 \"-\" \"-\"","ip":"172.104.11.51"},"id":"f0e82967-d384-43a1-b051-d020d8766631","EventProcessedUtcTime":"2023-02-23T16:52:01.7379900Z","PartitionId":0,"EventEnqueuedUtcTime":"2023-02-23T16:52:01.5890000Z","path":"D495D9BB-0F5F-4945-9B2D-F90CAD90E413/2102ac15-bf5e-456c-ab63-90cb836ed7ad/apache-server/172.104.11.51"}