{"customerid":"D495D9BB-0F5F-4945-9B2D-F90CAD90E413","honeyserverid":"2102ac15-bf5e-456c-ab63-90cb836ed7ad","logkind":"connection","honeypotid":"8BE585FB-2F2F-4BC6-8848-4165C1C4AA46","honeypotname":"apache-server","time":"2023-02-24T06:46:22.750309","parsedMessage":{"timestamp":"2023-02-24 06:46:22.750309","message_type":null,"correlation_id":null,"level":"INFO","message":"connection-log connection from 198.199.101.225:53404 to port 80","ip":"198.199.101.225"},"id":"ae370f3f-51c8-4140-ae84-9849bba884e4","EventProcessedUtcTime":"2023-02-24T06:46:23.1243618Z","PartitionId":0,"EventEnqueuedUtcTime":"2023-02-24T06:46:22.9680000Z","path":"D495D9BB-0F5F-4945-9B2D-F90CAD90E413/2102ac15-bf5e-456c-ab63-90cb836ed7ad/apache-server/198.199.101.225"}
{"customerid":"D495D9BB-0F5F-4945-9B2D-F90CAD90E413","honeyserverid":"2102ac15-bf5e-456c-ab63-90cb836ed7ad","logkind":"honeypot","honeypotid":"8BE585FB-2F2F-4BC6-8848-4165C1C4AA46","honeypotname":"apache-server","time":"Fri Feb 24 06:50:02 UTC 2023","parsedMessage":{"timestamp":"2023-02-24 06:49:51+00:00","message_type":"http-access","correlation_id":null,"level":"WARNING","message":"198.199.101.225 - - \"GET / HTTP/1.1\" 200 263 \"-\" \"Mozilla/5.0 zgrab/0.x\"","ip":"198.199.101.225"},"id":"1ef0076f-0599-48a1-9098-b776bdda2d6a","EventProcessedUtcTime":"2023-02-24T06:50:03.6304000Z","PartitionId":0,"EventEnqueuedUtcTime":"2023-02-24T06:50:03.5840000Z","path":"D495D9BB-0F5F-4945-9B2D-F90CAD90E413/2102ac15-bf5e-456c-ab63-90cb836ed7ad/apache-server/198.199.101.225"}