{"customerid":"D495D9BB-0F5F-4945-9B2D-F90CAD90E413","honeyserverid":"2102ac15-bf5e-456c-ab63-90cb836ed7ad","logkind":"connection","honeypotid":"8BE585FB-2F2F-4BC6-8848-4165C1C4AA46","honeypotname":"apache-server","time":"2023-02-28T14:17:33.594129","parsedMessage":{"timestamp":"2023-02-28 14:17:33.594129","message_type":null,"correlation_id":null,"level":"INFO","message":"connection-log connection from 192.241.230.21:51996 to port 80","ip":"192.241.230.21"},"id":"da10cd3d-a2d3-493f-8a05-3f4e18f011c8","EventProcessedUtcTime":"2023-02-28T14:17:34.1516291Z","PartitionId":0,"EventEnqueuedUtcTime":"2023-02-28T14:17:33.9490000Z","path":"D495D9BB-0F5F-4945-9B2D-F90CAD90E413/2102ac15-bf5e-456c-ab63-90cb836ed7ad/apache-server/192.241.230.21"}