{"customerid":"D495D9BB-0F5F-4945-9B2D-F90CAD90E413","honeyserverid":"2102ac15-bf5e-456c-ab63-90cb836ed7ad","logkind":"connection","honeypotid":"8BE585FB-2F2F-4BC6-8848-4165C1C4AA46","honeypotname":"apache-server","time":"2023-03-08T16:32:54.344979","parsedMessage":{"timestamp":"2023-03-08 16:32:54.344979","message_type":null,"correlation_id":null,"level":"INFO","message":"connection-log connection from 198.98.58.152:34440 to port 80","ip":"198.98.58.152"},"id":"63e83b43-38c6-4b10-b2dd-995aab64bd8a","EventProcessedUtcTime":"2023-03-08T16:32:54.7009915Z","PartitionId":0,"EventEnqueuedUtcTime":"2023-03-08T16:32:54.5800000Z","path":"D495D9BB-0F5F-4945-9B2D-F90CAD90E413/2102ac15-bf5e-456c-ab63-90cb836ed7ad/apache-server/198.98.58.152"}
{"customerid":"D495D9BB-0F5F-4945-9B2D-F90CAD90E413","honeyserverid":"2102ac15-bf5e-456c-ab63-90cb836ed7ad","logkind":"honeypot","honeypotid":"8BE585FB-2F2F-4BC6-8848-4165C1C4AA46","honeypotname":"apache-server","time":"Wed Mar  8 16:33:01 UTC 2023","parsedMessage":{"timestamp":"2023-03-08 16:32:54+00:00","message_type":"http-access","correlation_id":null,"level":"WARNING","message":"198.98.58.152 - - \"GET / HTTP/1.1\" 200 282 \"-\" \"Linux Gnu (cow)\"","ip":"198.98.58.152"},"id":"89200df8-f745-480a-98b1-534798748315","EventProcessedUtcTime":"2023-03-08T16:33:02.2470124Z","PartitionId":0,"EventEnqueuedUtcTime":"2023-03-08T16:33:02.0960000Z","path":"D495D9BB-0F5F-4945-9B2D-F90CAD90E413/2102ac15-bf5e-456c-ab63-90cb836ed7ad/apache-server/198.98.58.152"}