{"customerid":"D495D9BB-0F5F-4945-9B2D-F90CAD90E413","honeyserverid":"2102ac15-bf5e-456c-ab63-90cb836ed7ad","logkind":"connection","honeypotid":"8BE585FB-2F2F-4BC6-8848-4165C1C4AA46","honeypotname":"apache-server","time":"2023-03-08T19:41:12.482888","parsedMessage":{"timestamp":"2023-03-08 19:41:12.482888","message_type":null,"correlation_id":null,"level":"INFO","message":"connection-log connection from 104.152.52.211:44464 to port 80","ip":"104.152.52.211"},"id":"f113eae5-6850-4744-8e14-4c37a5a52d42","EventProcessedUtcTime":"2023-03-08T19:41:12.9276627Z","PartitionId":0,"EventEnqueuedUtcTime":"2023-03-08T19:41:12.6980000Z","path":"D495D9BB-0F5F-4945-9B2D-F90CAD90E413/2102ac15-bf5e-456c-ab63-90cb836ed7ad/apache-server/104.152.52.211"}
{"customerid":"D495D9BB-0F5F-4945-9B2D-F90CAD90E413","honeyserverid":"2102ac15-bf5e-456c-ab63-90cb836ed7ad","logkind":"honeypot","honeypotid":"8BE585FB-2F2F-4BC6-8848-4165C1C4AA46","honeypotname":"apache-server","time":"Wed Mar  8 19:42:01 UTC 2023","parsedMessage":{"timestamp":"2023-03-08 19:41:14+00:00","message_type":"http-access","correlation_id":null,"level":"WARNING","message":"104.152.52.211 - - \"GET / HTTP/1.0\" 200 282 \"-\" \"masscan/1.3 (https://github.com/robertdavidgraham/masscan)\"","ip":"104.152.52.211"},"id":"2adea60f-4b33-4372-8317-649cddcb27b3","EventProcessedUtcTime":"2023-03-08T19:42:01.8182414Z","PartitionId":0,"EventEnqueuedUtcTime":"2023-03-08T19:42:01.5950000Z","path":"D495D9BB-0F5F-4945-9B2D-F90CAD90E413/2102ac15-bf5e-456c-ab63-90cb836ed7ad/apache-server/104.152.52.211"}