{"customerid":"D495D9BB-0F5F-4945-9B2D-F90CAD90E413","honeyserverid":"87422976-5cd1-469f-9125-4b1f29054ed5","logkind":"connection","honeypotid":"8BE585FB-2F2F-4BC6-8848-4165C1C4AA46","honeypotname":"apache-server","time":"2023-04-02T17:01:01.026740","parsedMessage":{"timestamp":"2023-04-02 17:01:01.026740","message_type":null,"correlation_id":null,"level":"INFO","message":"connection-log connection from 182.116.69.120:48020 to port 80","ip":"182.116.69.120"},"id":"505fe498-61bd-4ab7-96c8-7785dd8cb90b","EventProcessedUtcTime":"2023-04-02T17:01:01.4044028Z","PartitionId":0,"EventEnqueuedUtcTime":"2023-04-02T17:01:01.1980000Z","path":"D495D9BB-0F5F-4945-9B2D-F90CAD90E413/87422976-5cd1-469f-9125-4b1f29054ed5/apache-server/182.116.69.120"}
{"customerid":"D495D9BB-0F5F-4945-9B2D-F90CAD90E413","honeyserverid":"87422976-5cd1-469f-9125-4b1f29054ed5","logkind":"honeypot","honeypotid":"8BE585FB-2F2F-4BC6-8848-4165C1C4AA46","honeypotname":"apache-server","time":"Sun Apr  2 17:02:01 UTC 2023","parsedMessage":{"timestamp":"2023-04-02 17:01:00+00:00","message_type":"http-access","correlation_id":null,"level":"WARNING","message":"182.116.69.120 - - \"POST /GponForm/diag_Form?images/ HTTP/1.1\" 404 488 \"-\" \"Hello, World\"","ip":"182.116.69.120"},"id":"48a8cf55-1408-4af5-aa95-a43d12cd3821","EventProcessedUtcTime":"2023-04-02T17:02:02.2180315Z","PartitionId":0,"EventEnqueuedUtcTime":"2023-04-02T17:02:02.1550000Z","path":"D495D9BB-0F5F-4945-9B2D-F90CAD90E413/87422976-5cd1-469f-9125-4b1f29054ed5/apache-server/182.116.69.120"}