{"customerid":"D495D9BB-0F5F-4945-9B2D-F90CAD90E413","honeyserverid":"2102ac15-bf5e-456c-ab63-90cb836ed7ad","logkind":"honeypot","honeypotid":"8BE585FB-2F2F-4BC6-8848-4165C1C4AA46","honeypotname":"apache-server","time":"Sun Feb 26 20:13:01 UTC 2023","parsedMessage":{"timestamp":"2023-02-26 20:12:40+00:00","message_type":"http-access","correlation_id":null,"level":"WARNING","message":"151.245.16.225 - - \"GET / HTTP/1.1\" 200 263 \"-\" \"Mozilla/5.0 (Macintosh; Intel Mac OS X 10_11_6) AppleWebKit/601.7.7 (KHTML, like Gecko) Version/9.1.2 Safari/601.7.7\"","ip":"151.245.16.225"},"id":"3254f92d-27ba-4921-9777-8a8bd8e2a9e3","EventProcessedUtcTime":"2023-02-26T20:13:01.7745543Z","PartitionId":0,"EventEnqueuedUtcTime":"2023-02-26T20:13:01.7280000Z","path":"D495D9BB-0F5F-4945-9B2D-F90CAD90E413/2102ac15-bf5e-456c-ab63-90cb836ed7ad/apache-server/151.245.16.225"}
{"customerid":"D495D9BB-0F5F-4945-9B2D-F90CAD90E413","honeyserverid":"2102ac15-bf5e-456c-ab63-90cb836ed7ad","logkind":"honeypot","honeypotid":"8BE585FB-2F2F-4BC6-8848-4165C1C4AA46","honeypotname":"apache-server","time":"Sun Feb 26 20:13:01 UTC 2023","parsedMessage":{"timestamp":"2023-02-26 20:12:40+00:00","message_type":"http-access","correlation_id":null,"level":"WARNING","message":"151.245.16.225 - - \"GET / HTTP/1.1\" 200 263 \"-\" \"Mozilla/5.0 (Windows NT 10.0; WOW64) AppleWebKit/537.36 (KHTML, like Gecko) Chrome/52.0.2743.116 Safari/537.36\"","ip":"151.245.16.225"},"id":"0ab616ca-7d42-40f6-a8ac-b20d88863145","EventProcessedUtcTime":"2023-02-26T20:13:02.1024040Z","PartitionId":0,"EventEnqueuedUtcTime":"2023-02-26T20:13:01.9620000Z","path":"D495D9BB-0F5F-4945-9B2D-F90CAD90E413/2102ac15-bf5e-456c-ab63-90cb836ed7ad/apache-server/151.245.16.225"}