{"customerid":"D495D9BB-0F5F-4945-9B2D-F90CAD90E413","honeyserverid":"2102ac15-bf5e-456c-ab63-90cb836ed7ad","logkind":"connection","honeypotid":"8BE585FB-2F2F-4BC6-8848-4165C1C4AA46","honeypotname":"apache-server","time":"2023-03-07T21:22:13.015356","parsedMessage":{"timestamp":"2023-03-07 21:22:13.015356","message_type":null,"correlation_id":null,"level":"INFO","message":"connection-log connection from 202.164.139.36:18374 to port 80","ip":"202.164.139.36"},"id":"dc34cae6-7ee8-4dfc-ad2a-5ae3f20a43d5","EventProcessedUtcTime":"2023-03-07T21:22:13.4751073Z","PartitionId":0,"EventEnqueuedUtcTime":"2023-03-07T21:22:13.3560000Z","path":"D495D9BB-0F5F-4945-9B2D-F90CAD90E413/2102ac15-bf5e-456c-ab63-90cb836ed7ad/apache-server/202.164.139.36"}
{"customerid":"D495D9BB-0F5F-4945-9B2D-F90CAD90E413","honeyserverid":"2102ac15-bf5e-456c-ab63-90cb836ed7ad","logkind":"honeypot","honeypotid":"8BE585FB-2F2F-4BC6-8848-4165C1C4AA46","honeypotname":"apache-server","time":"Tue Mar  7 21:23:01 UTC 2023","parsedMessage":{"timestamp":"2023-03-07 21:22:14+00:00","message_type":"http-access","correlation_id":null,"level":"WARNING","message":"202.164.139.36 - - \"POST /HNAP1/ HTTP/1.0\" 408 485 \"-\" \"-\"","ip":"202.164.139.36"},"id":"b2c341b9-ba51-4317-b780-44ef94ed07bb","EventProcessedUtcTime":"2023-03-07T21:23:01.7097575Z","PartitionId":0,"EventEnqueuedUtcTime":"2023-03-07T21:23:01.6880000Z","path":"D495D9BB-0F5F-4945-9B2D-F90CAD90E413/2102ac15-bf5e-456c-ab63-90cb836ed7ad/apache-server/202.164.139.36"}