{"customerid":"D495D9BB-0F5F-4945-9B2D-F90CAD90E413","honeyserverid":"87422976-5cd1-469f-9125-4b1f29054ed5","logkind":"honeypot","honeypotid":"8BE585FB-2F2F-4BC6-8848-4165C1C4AA46","honeypotname":"apache-server","time":"Sun Apr  2 21:04:01 UTC 2023","parsedMessage":{"timestamp":"2023-04-02 21:03:15+00:00","message_type":"http-access","correlation_id":null,"level":"WARNING","message":"18.204.194.186 - - \"GET / HTTP/1.1\" 200 17833 \"-\" \"Mozilla/5.0 (Windows NT 6.2;en-US) AppleWebKit/537.32.36 (KHTML, live Gecko) Chrome/53.0.3033.86 Safari/537.32\"","ip":"18.204.194.186"},"id":"7be8c4a5-759e-447b-9c75-ce29ec572811","EventProcessedUtcTime":"2023-04-02T21:04:01.8805255Z","PartitionId":0,"EventEnqueuedUtcTime":"2023-04-02T21:04:01.7350000Z","path":"D495D9BB-0F5F-4945-9B2D-F90CAD90E413/87422976-5cd1-469f-9125-4b1f29054ed5/apache-server/18.204.194.186"}