{"customerid":"D495D9BB-0F5F-4945-9B2D-F90CAD90E413","honeyserverid":"2102ac15-bf5e-456c-ab63-90cb836ed7ad","logkind":"connection","honeypotid":"8BE585FB-2F2F-4BC6-8848-4165C1C4AA46","honeypotname":"apache-server","time":"2023-03-04T00:49:11.865247","parsedMessage":{"timestamp":"2023-03-04 00:49:11.865247","message_type":null,"correlation_id":null,"level":"INFO","message":"connection-log connection from 185.92.73.113:59239 to port 80","ip":"185.92.73.113"},"id":"a8669ca0-1070-414c-897f-1b0083cdd22e","EventProcessedUtcTime":"2023-03-04T00:49:12.1385431Z","PartitionId":0,"EventEnqueuedUtcTime":"2023-03-04T00:49:12.0010000Z","path":"D495D9BB-0F5F-4945-9B2D-F90CAD90E413/2102ac15-bf5e-456c-ab63-90cb836ed7ad/apache-server/185.92.73.113"}