{"customerid":"D495D9BB-0F5F-4945-9B2D-F90CAD90E413","honeyserverid":"87422976-5cd1-469f-9125-4b1f29054ed5","logkind":"connection","honeypotid":"8BE585FB-2F2F-4BC6-8848-4165C1C4AA46","honeypotname":"apache-server","time":"2023-04-01T20:17:13.980240","parsedMessage":{"timestamp":"2023-04-01 20:17:13.980240","message_type":null,"correlation_id":null,"level":"INFO","message":"connection-log connection from 178.176.202.185:39198 to port 80","ip":"178.176.202.185"},"id":"a0963a74-36ad-49b0-98c1-22788c732668","EventProcessedUtcTime":"2023-04-01T20:17:14.3248439Z","PartitionId":0,"EventEnqueuedUtcTime":"2023-04-01T20:17:14.1800000Z","path":"D495D9BB-0F5F-4945-9B2D-F90CAD90E413/87422976-5cd1-469f-9125-4b1f29054ed5/apache-server/178.176.202.185"}
{"customerid":"D495D9BB-0F5F-4945-9B2D-F90CAD90E413","honeyserverid":"87422976-5cd1-469f-9125-4b1f29054ed5","logkind":"honeypot","honeypotid":"8BE585FB-2F2F-4BC6-8848-4165C1C4AA46","honeypotname":"apache-server","time":"Sat Apr  1 20:18:01 UTC 2023","parsedMessage":{"timestamp":"2023-04-01 20:17:13+00:00","message_type":"http-access","correlation_id":null,"level":"WARNING","message":"178.176.202.185 - - \"POST /mgmt/tm/util/bash HTTP/1.1\" 404 455 \"-\" \"Mozilla/5.0 (Windows NT 10.0; Win64; x64) AppleWebKit/537.36 (KHTML, like Gecko) Chrome/63.0.3239.84 Safari/537.36\"","ip":"178.176.202.185"},"id":"1c787624-b97a-47d6-b789-eeb0443fd8d2","EventProcessedUtcTime":"2023-04-01T20:18:02.1219127Z","PartitionId":0,"EventEnqueuedUtcTime":"2023-04-01T20:18:01.9510000Z","path":"D495D9BB-0F5F-4945-9B2D-F90CAD90E413/87422976-5cd1-469f-9125-4b1f29054ed5/apache-server/178.176.202.185"}
{"customerid":"D495D9BB-0F5F-4945-9B2D-F90CAD90E413","honeyserverid":"87422976-5cd1-469f-9125-4b1f29054ed5","logkind":"honeypot","honeypotid":"8BE585FB-2F2F-4BC6-8848-4165C1C4AA46","honeypotname":"apache-server","time":"Sat Apr  1 20:18:02 UTC 2023","parsedMessage":{"timestamp":"2023-04-01 20:17:13+00:00","message_type":"http-access","correlation_id":null,"level":"WARNING","message":"178.176.202.185 - - \"GET / HTTP/1.1\" 200 78192 \"-\" \"curl/7.58.0\"","ip":"178.176.202.185"},"id":"507816fd-05bd-4318-8019-54d31f897456","EventProcessedUtcTime":"2023-04-01T20:18:02.2322018Z","PartitionId":0,"EventEnqueuedUtcTime":"2023-04-01T20:18:02.1540000Z","path":"D495D9BB-0F5F-4945-9B2D-F90CAD90E413/87422976-5cd1-469f-9125-4b1f29054ed5/apache-server/178.176.202.185"}