{"customerid":"D495D9BB-0F5F-4945-9B2D-F90CAD90E413","honeyserverid":"2102ac15-bf5e-456c-ab63-90cb836ed7ad","logkind":"connection","honeypotid":"8BE585FB-2F2F-4BC6-8848-4165C1C4AA46","honeypotname":"apache-server","time":"2023-03-04T04:48:10.834759","parsedMessage":{"timestamp":"2023-03-04 04:48:10.834759","message_type":null,"correlation_id":null,"level":"INFO","message":"connection-log connection from 117.210.219.150:61887 to port 80","ip":"117.210.219.150"},"id":"e1e62529-eebc-4aed-a5ec-68a532dd608e","EventProcessedUtcTime":"2023-03-04T04:48:11.2701878Z","PartitionId":0,"EventEnqueuedUtcTime":"2023-03-04T04:48:11.0530000Z","path":"D495D9BB-0F5F-4945-9B2D-F90CAD90E413/2102ac15-bf5e-456c-ab63-90cb836ed7ad/apache-server/117.210.219.150"}
{"customerid":"D495D9BB-0F5F-4945-9B2D-F90CAD90E413","honeyserverid":"2102ac15-bf5e-456c-ab63-90cb836ed7ad","logkind":"honeypot","honeypotid":"8BE585FB-2F2F-4BC6-8848-4165C1C4AA46","honeypotname":"apache-server","time":"Sat Mar  4 04:49:01 UTC 2023","parsedMessage":{"timestamp":"2023-03-04 04:48:10+00:00","message_type":"http-access","correlation_id":null,"level":"WARNING","message":"117.210.219.150 - - \"GET / HTTP/1.1\" 200 263 \"-\" \"Mozilla/5.0 (Windows NT 6.1; WOW64) AppleWebKit/537.36 (KHTML, like Gecko) Chrome/52.0.2743.116 Safari/537.36\"","ip":"117.210.219.150"},"id":"a8aeeca6-cf6f-43e2-9bcc-c52dff68a6a6","EventProcessedUtcTime":"2023-03-04T04:49:02.3481500Z","PartitionId":0,"EventEnqueuedUtcTime":"2023-03-04T04:49:02.1970000Z","path":"D495D9BB-0F5F-4945-9B2D-F90CAD90E413/2102ac15-bf5e-456c-ab63-90cb836ed7ad/apache-server/117.210.219.150"}