{"customerid":"D495D9BB-0F5F-4945-9B2D-F90CAD90E413","honeyserverid":"2102ac15-bf5e-456c-ab63-90cb836ed7ad","logkind":"connection","honeypotid":"8BE585FB-2F2F-4BC6-8848-4165C1C4AA46","honeypotname":"apache-server","time":"2023-03-06T07:18:01.589273","parsedMessage":{"timestamp":"2023-03-06 07:18:01.589273","message_type":null,"correlation_id":null,"level":"INFO","message":"connection-log connection from 192.241.192.25:33527 to port 80","ip":"192.241.192.25"},"id":"94369d15-32b0-4186-a5e4-a55d73972d50","EventProcessedUtcTime":"2023-03-06T07:18:01.9166534Z","PartitionId":0,"EventEnqueuedUtcTime":"2023-03-06T07:18:01.8930000Z","path":"D495D9BB-0F5F-4945-9B2D-F90CAD90E413/2102ac15-bf5e-456c-ab63-90cb836ed7ad/apache-server/192.241.192.25"}
{"customerid":"D495D9BB-0F5F-4945-9B2D-F90CAD90E413","honeyserverid":"2102ac15-bf5e-456c-ab63-90cb836ed7ad","logkind":"connection","honeypotid":"8BE585FB-2F2F-4BC6-8848-4165C1C4AA46","honeypotname":"apache-server","time":"2023-03-06T07:20:21.877503","parsedMessage":{"timestamp":"2023-03-06 07:20:21.877503","message_type":null,"correlation_id":null,"level":"INFO","message":"connection-log connection from 192.241.192.25:51220 to port 80","ip":"192.241.192.25"},"id":"20c1a964-38d9-4baa-8a7d-8966395f5edf","EventProcessedUtcTime":"2023-03-06T07:20:22.1382848Z","PartitionId":0,"EventEnqueuedUtcTime":"2023-03-06T07:20:21.9990000Z","path":"D495D9BB-0F5F-4945-9B2D-F90CAD90E413/2102ac15-bf5e-456c-ab63-90cb836ed7ad/apache-server/192.241.192.25"}
{"customerid":"D495D9BB-0F5F-4945-9B2D-F90CAD90E413","honeyserverid":"2102ac15-bf5e-456c-ab63-90cb836ed7ad","logkind":"honeypot","honeypotid":"8BE585FB-2F2F-4BC6-8848-4165C1C4AA46","honeypotname":"apache-server","time":"Mon Mar  6 07:21:01 UTC 2023","parsedMessage":{"timestamp":"2023-03-06 07:20:21+00:00","message_type":"http-access","correlation_id":null,"level":"WARNING","message":"192.241.192.25 - - \"GET / HTTP/1.1\" 200 263 \"-\" \"Mozilla/5.0 zgrab/0.x\"","ip":"192.241.192.25"},"id":"cf90e5b4-a79d-4c2e-b078-86436e9f4b53","EventProcessedUtcTime":"2023-03-06T07:21:02.1849526Z","PartitionId":0,"EventEnqueuedUtcTime":"2023-03-06T07:21:02.0020000Z","path":"D495D9BB-0F5F-4945-9B2D-F90CAD90E413/2102ac15-bf5e-456c-ab63-90cb836ed7ad/apache-server/192.241.192.25"}