{"customerid":"D495D9BB-0F5F-4945-9B2D-F90CAD90E413","honeyserverid":"2102ac15-bf5e-456c-ab63-90cb836ed7ad","logkind":"honeypot","honeypotid":"8BE585FB-2F2F-4BC6-8848-4165C1C4AA46","honeypotname":"apache-server","time":"Mon Mar  6 03:05:01 UTC 2023","parsedMessage":{"timestamp":"2023-03-06 03:04:25+00:00","message_type":"http-access","correlation_id":null,"level":"WARNING","message":"205.210.31.30 - - \"GET / HTTP/1.1\" 200 263 \"-\" \"Expanse, a Palo Alto Networks company, searches across the global IPv4 space multiple times per day to identify customers&#39; presences on the Internet. If you would like to be excluded from our scans, please send IP addresses/domains to: scaninfo@paloaltonetworks.com\"","ip":"205.210.31.30"},"id":"33c111a7-a7f8-44a9-b6da-1637b7b5b81c","EventProcessedUtcTime":"2023-03-06T03:05:01.7779436Z","PartitionId":0,"EventEnqueuedUtcTime":"2023-03-06T03:05:01.5990000Z","path":"D495D9BB-0F5F-4945-9B2D-F90CAD90E413/2102ac15-bf5e-456c-ab63-90cb836ed7ad/apache-server/205.210.31.30"}