{"customerid":"D495D9BB-0F5F-4945-9B2D-F90CAD90E413","honeyserverid":"87422976-5cd1-469f-9125-4b1f29054ed5","logkind":"connection","honeypotid":"8BE585FB-2F2F-4BC6-8848-4165C1C4AA46","honeypotname":"apache-server","time":"2023-04-01T13:02:39.514105","parsedMessage":{"timestamp":"2023-04-01 13:02:39.514105","message_type":null,"correlation_id":null,"level":"INFO","message":"connection-log connection from 103.149.192.218:47672 to port 80","ip":"103.149.192.218"},"id":"54ec2ecf-1ebf-4ff4-bd5a-662a470863c2","EventProcessedUtcTime":"2023-04-01T13:02:39.9757338Z","PartitionId":0,"EventEnqueuedUtcTime":"2023-04-01T13:02:39.7530000Z","path":"D495D9BB-0F5F-4945-9B2D-F90CAD90E413/87422976-5cd1-469f-9125-4b1f29054ed5/apache-server/103.149.192.218"}