{"customerid":"D495D9BB-0F5F-4945-9B2D-F90CAD90E413","honeyserverid":"2102ac15-bf5e-456c-ab63-90cb836ed7ad","logkind":"connection","honeypotid":"8BE585FB-2F2F-4BC6-8848-4165C1C4AA46","honeypotname":"apache-server","time":"2023-02-23T02:11:02.014126","parsedMessage":{"timestamp":"2023-02-23 02:11:02.014126","message_type":null,"correlation_id":null,"level":"INFO","message":"connection-log connection from 193.35.18.206:47384 to port 80","ip":"193.35.18.206"},"id":"d5000be5-a36c-41e7-b475-da1846a80fe5","EventProcessedUtcTime":"2023-02-23T02:11:02.3032759Z","PartitionId":0,"EventEnqueuedUtcTime":"2023-02-23T02:11:02.2140000Z","path":"D495D9BB-0F5F-4945-9B2D-F90CAD90E413/2102ac15-bf5e-456c-ab63-90cb836ed7ad/apache-server/193.35.18.206"}
{"customerid":"D495D9BB-0F5F-4945-9B2D-F90CAD90E413","honeyserverid":"2102ac15-bf5e-456c-ab63-90cb836ed7ad","logkind":"connection","honeypotid":"8BE585FB-2F2F-4BC6-8848-4165C1C4AA46","honeypotname":"apache-server","time":"2023-02-23T07:44:19.114803","parsedMessage":{"timestamp":"2023-02-23 07:44:19.114803","message_type":null,"correlation_id":null,"level":"INFO","message":"connection-log connection from 193.35.18.206:38497 to port 80","ip":"193.35.18.206"},"id":"497eb81b-baf3-401b-9dda-f033ec9f2467","EventProcessedUtcTime":"2023-02-23T07:44:19.6142263Z","PartitionId":0,"EventEnqueuedUtcTime":"2023-02-23T07:44:19.4160000Z","path":"D495D9BB-0F5F-4945-9B2D-F90CAD90E413/2102ac15-bf5e-456c-ab63-90cb836ed7ad/apache-server/193.35.18.206"}