{"customerid":"D495D9BB-0F5F-4945-9B2D-F90CAD90E413","honeyserverid":"2102ac15-bf5e-456c-ab63-90cb836ed7ad","logkind":"connection","honeypotid":"8BE585FB-2F2F-4BC6-8848-4165C1C4AA46","honeypotname":"apache-server","time":"2023-02-25T03:40:27.603438","parsedMessage":{"timestamp":"2023-02-25 03:40:27.603438","message_type":null,"correlation_id":null,"level":"INFO","message":"connection-log connection from 180.149.125.169:32359 to port 80","ip":"180.149.125.169"},"id":"c382f473-32e1-4f70-af7a-cb73c6777c3b","EventProcessedUtcTime":"2023-02-25T03:40:27.9264016Z","PartitionId":0,"EventEnqueuedUtcTime":"2023-02-25T03:40:27.7680000Z","path":"D495D9BB-0F5F-4945-9B2D-F90CAD90E413/2102ac15-bf5e-456c-ab63-90cb836ed7ad/apache-server/180.149.125.169"}
{"customerid":"D495D9BB-0F5F-4945-9B2D-F90CAD90E413","honeyserverid":"2102ac15-bf5e-456c-ab63-90cb836ed7ad","logkind":"honeypot","honeypotid":"8BE585FB-2F2F-4BC6-8848-4165C1C4AA46","honeypotname":"apache-server","time":"Sat Feb 25 03:41:02 UTC 2023","parsedMessage":{"timestamp":"2023-02-25 03:40:27+00:00","message_type":"http-access","correlation_id":null,"level":"WARNING","message":"180.149.125.169 - - \"GET /stalker_portal/server/tools/auth_simple.php HTTP/1.1\" 404 435 \"-\" \"Mozilla/5.0 (Windows NT 5.1; Win64; x64) AppleWebKit/537.36 (KHTML, like Gecko) Chrome/60.0.3112.90 Safari/537.36\"","ip":"180.149.125.169"},"id":"f17d510d-77fe-4822-a6d4-d05905d67d66","EventProcessedUtcTime":"2023-02-25T03:41:02.6137547Z","PartitionId":0,"EventEnqueuedUtcTime":"2023-02-25T03:41:02.4760000Z","path":"D495D9BB-0F5F-4945-9B2D-F90CAD90E413/2102ac15-bf5e-456c-ab63-90cb836ed7ad/apache-server/180.149.125.169"}