{"customerid":"D495D9BB-0F5F-4945-9B2D-F90CAD90E413","honeyserverid":"2102ac15-bf5e-456c-ab63-90cb836ed7ad","logkind":"honeypot","honeypotid":"8BE585FB-2F2F-4BC6-8848-4165C1C4AA46","honeypotname":"apache-server","time":"Tue Mar  7 08:51:02 UTC 2023","parsedMessage":{"timestamp":"2023-03-07 08:50:55+00:00","message_type":"http-access","correlation_id":null,"level":"WARNING","message":"185.170.144.3 - - \"\\x03\" 400 0 \"-\" \"-\"","ip":"185.170.144.3"},"id":"ef8425fe-eab0-468e-b945-8c625f89bdbd","EventProcessedUtcTime":"2023-03-07T08:51:02.5796511Z","PartitionId":0,"EventEnqueuedUtcTime":"2023-03-07T08:51:02.3620000Z","path":"D495D9BB-0F5F-4945-9B2D-F90CAD90E413/2102ac15-bf5e-456c-ab63-90cb836ed7ad/apache-server/185.170.144.3"}
{"customerid":"D495D9BB-0F5F-4945-9B2D-F90CAD90E413","honeyserverid":"2102ac15-bf5e-456c-ab63-90cb836ed7ad","logkind":"honeypot","honeypotid":"8BE585FB-2F2F-4BC6-8848-4165C1C4AA46","honeypotname":"apache-server","time":"Wed Mar  8 23:49:01 UTC 2023","parsedMessage":{"timestamp":"2023-03-08 23:48:52+00:00","message_type":"http-access","correlation_id":null,"level":"WARNING","message":"185.170.144.3 - - \"\\x03\" 400 0 \"-\" \"-\"","ip":"185.170.144.3"},"id":"c52307af-dedb-41b6-8111-134714c77879","EventProcessedUtcTime":"2023-03-08T23:49:02.3422548Z","PartitionId":0,"EventEnqueuedUtcTime":"2023-03-08T23:49:02.0920000Z","path":"D495D9BB-0F5F-4945-9B2D-F90CAD90E413/2102ac15-bf5e-456c-ab63-90cb836ed7ad/apache-server/185.170.144.3"}