{"customerid":"D495D9BB-0F5F-4945-9B2D-F90CAD90E413","honeyserverid":"2102ac15-bf5e-456c-ab63-90cb836ed7ad","logkind":"connection","honeypotid":"8BE585FB-2F2F-4BC6-8848-4165C1C4AA46","honeypotname":"apache-server","time":"2023-03-06T07:46:47.083074","parsedMessage":{"timestamp":"2023-03-06 07:46:47.083074","message_type":null,"correlation_id":null,"level":"INFO","message":"connection-log connection from 161.35.230.3:40988 to port 80","ip":"161.35.230.3"},"id":"23547364-6eaf-430d-99f5-aea9d2ac8f5a","EventProcessedUtcTime":"2023-03-06T07:46:47.5272738Z","PartitionId":0,"EventEnqueuedUtcTime":"2023-03-06T07:46:47.3800000Z","path":"D495D9BB-0F5F-4945-9B2D-F90CAD90E413/2102ac15-bf5e-456c-ab63-90cb836ed7ad/apache-server/161.35.230.3"}
{"customerid":"D495D9BB-0F5F-4945-9B2D-F90CAD90E413","honeyserverid":"2102ac15-bf5e-456c-ab63-90cb836ed7ad","logkind":"honeypot","honeypotid":"8BE585FB-2F2F-4BC6-8848-4165C1C4AA46","honeypotname":"apache-server","time":"Mon Mar  6 07:47:01 UTC 2023","parsedMessage":{"timestamp":"2023-03-06 07:46:46+00:00","message_type":"http-access","correlation_id":null,"level":"WARNING","message":"161.35.230.3 - - \"\" 400 0 \"-\" \"-\"","ip":"161.35.230.3"},"id":"2b1a04c9-2dbb-40c6-ab1f-a45b7d23fb79","EventProcessedUtcTime":"2023-03-06T07:47:01.6366357Z","PartitionId":0,"EventEnqueuedUtcTime":"2023-03-06T07:47:01.4930000Z","path":"D495D9BB-0F5F-4945-9B2D-F90CAD90E413/2102ac15-bf5e-456c-ab63-90cb836ed7ad/apache-server/161.35.230.3"}