{"customerid":"D495D9BB-0F5F-4945-9B2D-F90CAD90E413","honeyserverid":"87422976-5cd1-469f-9125-4b1f29054ed5","logkind":"connection","honeypotid":"8BE585FB-2F2F-4BC6-8848-4165C1C4AA46","honeypotname":"apache-server","time":"2023-04-01T10:13:59.726973","parsedMessage":{"timestamp":"2023-04-01 10:13:59.726973","message_type":null,"correlation_id":null,"level":"INFO","message":"connection-log connection from 197.32.151.220:47125 to port 80","ip":"197.32.151.220"},"id":"0ff843e1-6b96-42be-b83b-a81d08403693","EventProcessedUtcTime":"2023-04-01T10:14:00.1742388Z","PartitionId":0,"EventEnqueuedUtcTime":"2023-04-01T10:14:00.0040000Z","path":"D495D9BB-0F5F-4945-9B2D-F90CAD90E413/87422976-5cd1-469f-9125-4b1f29054ed5/apache-server/197.32.151.220"}