{"customerid":"D495D9BB-0F5F-4945-9B2D-F90CAD90E413","honeyserverid":"2102ac15-bf5e-456c-ab63-90cb836ed7ad","logkind":"connection","honeypotid":"8BE585FB-2F2F-4BC6-8848-4165C1C4AA46","honeypotname":"apache-server","time":"2023-03-07T10:24:48.879314","parsedMessage":{"timestamp":"2023-03-07 10:24:48.879314","message_type":null,"correlation_id":null,"level":"INFO","message":"connection-log connection from 170.187.227.89:59275 to port 80","ip":"170.187.227.89"},"id":"ef49d324-e25e-4ddf-b43a-728ee4e5d23f","EventProcessedUtcTime":"2023-03-07T10:24:49.3508677Z","PartitionId":0,"EventEnqueuedUtcTime":"2023-03-07T10:24:49.1990000Z","path":"D495D9BB-0F5F-4945-9B2D-F90CAD90E413/2102ac15-bf5e-456c-ab63-90cb836ed7ad/apache-server/170.187.227.89"}