{"customerid":"D495D9BB-0F5F-4945-9B2D-F90CAD90E413","honeyserverid":"2102ac15-bf5e-456c-ab63-90cb836ed7ad","logkind":"connection","honeypotid":"8BE585FB-2F2F-4BC6-8848-4165C1C4AA46","honeypotname":"apache-server","time":"2023-02-28T02:37:01.385011","parsedMessage":{"timestamp":"2023-02-28 02:37:01.385011","message_type":null,"correlation_id":null,"level":"INFO","message":"connection-log connection from 170.239.76.105:57414 to port 80","ip":"170.239.76.105"},"id":"a649ed69-9e37-4eeb-b2e3-2edac4199a36","EventProcessedUtcTime":"2023-02-28T02:37:01.8944382Z","PartitionId":0,"EventEnqueuedUtcTime":"2023-02-28T02:37:01.6590000Z","path":"D495D9BB-0F5F-4945-9B2D-F90CAD90E413/2102ac15-bf5e-456c-ab63-90cb836ed7ad/apache-server/170.239.76.105"}
{"customerid":"D495D9BB-0F5F-4945-9B2D-F90CAD90E413","honeyserverid":"2102ac15-bf5e-456c-ab63-90cb836ed7ad","logkind":"honeypot","honeypotid":"8BE585FB-2F2F-4BC6-8848-4165C1C4AA46","honeypotname":"apache-server","time":"Tue Feb 28 02:38:01 UTC 2023","parsedMessage":{"timestamp":"2023-02-28 02:37:01+00:00","message_type":"http-access","correlation_id":null,"level":"WARNING","message":"170.239.76.105 - - \"GET / HTTP/1.1\" 200 263 \"-\" \"Mozilla/5.0 (Windows NT 10.0; WOW64) AppleWebKit/537.36 (KHTML, like Gecko) Chrome/52.0.2743.116 Safari/537.36\"","ip":"170.239.76.105"},"id":"8a4a622a-fefd-4508-a970-41e5a17b7088","EventProcessedUtcTime":"2023-02-28T02:38:02.3786645Z","PartitionId":0,"EventEnqueuedUtcTime":"2023-02-28T02:38:02.1400000Z","path":"D495D9BB-0F5F-4945-9B2D-F90CAD90E413/2102ac15-bf5e-456c-ab63-90cb836ed7ad/apache-server/170.239.76.105"}