{"customerid":"D495D9BB-0F5F-4945-9B2D-F90CAD90E413","honeyserverid":"2102ac15-bf5e-456c-ab63-90cb836ed7ad","logkind":"connection","honeypotid":"8BE585FB-2F2F-4BC6-8848-4165C1C4AA46","honeypotname":"apache-server","time":"2023-03-04T18:27:03.479566","parsedMessage":{"timestamp":"2023-03-04 18:27:03.479566","message_type":null,"correlation_id":null,"level":"INFO","message":"connection-log connection from 109.98.208.52:44334 to port 80","ip":"109.98.208.52"},"id":"0a8f00da-ccd4-482a-a200-f09e2c86f4e6","EventProcessedUtcTime":"2023-03-04T18:27:04.1126105Z","PartitionId":0,"EventEnqueuedUtcTime":"2023-03-04T18:27:03.8790000Z","path":"D495D9BB-0F5F-4945-9B2D-F90CAD90E413/2102ac15-bf5e-456c-ab63-90cb836ed7ad/apache-server/109.98.208.52"}
{"customerid":"D495D9BB-0F5F-4945-9B2D-F90CAD90E413","honeyserverid":"2102ac15-bf5e-456c-ab63-90cb836ed7ad","logkind":"honeypot","honeypotid":"8BE585FB-2F2F-4BC6-8848-4165C1C4AA46","honeypotname":"apache-server","time":"Sat Mar  4 18:28:02 UTC 2023","parsedMessage":{"timestamp":"2023-03-04 18:27:02+00:00","message_type":"http-access","correlation_id":null,"level":"WARNING","message":"109.98.208.52 - - \"GET / HTTP/1.1\" 200 282 \"-\" \"Linux Gnu (cow)\"","ip":"109.98.208.52"},"id":"a6b9b9da-fc3a-4fec-8ce5-3d334e326085","EventProcessedUtcTime":"2023-03-04T18:28:02.6436467Z","PartitionId":0,"EventEnqueuedUtcTime":"2023-03-04T18:28:02.4790000Z","path":"D495D9BB-0F5F-4945-9B2D-F90CAD90E413/2102ac15-bf5e-456c-ab63-90cb836ed7ad/apache-server/109.98.208.52"}