{"customerid":"D495D9BB-0F5F-4945-9B2D-F90CAD90E413","honeyserverid":"2102ac15-bf5e-456c-ab63-90cb836ed7ad","logkind":"connection","honeypotid":"8BE585FB-2F2F-4BC6-8848-4165C1C4AA46","honeypotname":"apache-server","time":"2023-02-27T05:26:13.415832","parsedMessage":{"timestamp":"2023-02-27 05:26:13.415832","message_type":null,"correlation_id":null,"level":"INFO","message":"connection-log connection from 198.235.24.32:61588 to port 80","ip":"198.235.24.32"},"id":"20f97f85-90dd-4a82-8728-ba10f78fab20","EventProcessedUtcTime":"2023-02-27T05:26:13.8052591Z","PartitionId":0,"EventEnqueuedUtcTime":"2023-02-27T05:26:13.7270000Z","path":"D495D9BB-0F5F-4945-9B2D-F90CAD90E413/2102ac15-bf5e-456c-ab63-90cb836ed7ad/apache-server/198.235.24.32"}
{"customerid":"D495D9BB-0F5F-4945-9B2D-F90CAD90E413","honeyserverid":"2102ac15-bf5e-456c-ab63-90cb836ed7ad","logkind":"connection","honeypotid":"8BE585FB-2F2F-4BC6-8848-4165C1C4AA46","honeypotname":"apache-server","time":"2023-02-27T05:26:13.415832","parsedMessage":{"timestamp":"2023-02-27 05:26:13.415832","message_type":null,"correlation_id":null,"level":"INFO","message":"connection-log connection from 198.235.24.32:61588 to port 80","ip":"198.235.24.32"},"id":"20f97f85-90dd-4a82-8728-ba10f78fab20","EventProcessedUtcTime":"2023-02-27T05:26:20.9152824Z","PartitionId":0,"EventEnqueuedUtcTime":"2023-02-27T05:26:20.8700000Z","path":"D495D9BB-0F5F-4945-9B2D-F90CAD90E413/2102ac15-bf5e-456c-ab63-90cb836ed7ad/apache-server/198.235.24.32"}
{"customerid":"D495D9BB-0F5F-4945-9B2D-F90CAD90E413","honeyserverid":"2102ac15-bf5e-456c-ab63-90cb836ed7ad","logkind":"honeypot","honeypotid":"8BE585FB-2F2F-4BC6-8848-4165C1C4AA46","honeypotname":"apache-server","time":"Mon Feb 27 05:27:01 UTC 2023","parsedMessage":{"timestamp":"2023-02-27 05:26:13+00:00","message_type":"http-access","correlation_id":null,"level":"WARNING","message":"198.235.24.32 - - \"GET / HTTP/1.1\" 200 263 \"-\" \"Expanse, a Palo Alto Networks company, searches across the global IPv4 space multiple times per day to identify customers&#39; presences on the Internet. If you would like to be excluded from our scans, please send IP addresses/domains to: scaninfo@paloaltonetworks.com\"","ip":"198.235.24.32"},"id":"6e6aa1ae-79d4-4bef-9bfc-2ff9ea5d6e2c","EventProcessedUtcTime":"2023-02-27T05:27:02.1481330Z","PartitionId":0,"EventEnqueuedUtcTime":"2023-02-27T05:27:01.9850000Z","path":"D495D9BB-0F5F-4945-9B2D-F90CAD90E413/2102ac15-bf5e-456c-ab63-90cb836ed7ad/apache-server/198.235.24.32"}