{"customerid":"D495D9BB-0F5F-4945-9B2D-F90CAD90E413","honeyserverid":"2102ac15-bf5e-456c-ab63-90cb836ed7ad","logkind":"honeypot","honeypotid":"8BE585FB-2F2F-4BC6-8848-4165C1C4AA46","honeypotname":"apache-server","time":"Fri Mar  3 08:49:01 UTC 2023","parsedMessage":{"timestamp":"2023-03-03 08:48:26+00:00","message_type":"http-access","correlation_id":null,"level":"WARNING","message":"130.211.54.158 - - \"GET / HTTP/1.1\" 200 319 \"-\" \"python-requests/2.28.2\"","ip":"130.211.54.158"},"id":"dcf9232a-2600-43a8-9201-a6629fca4bd8","EventProcessedUtcTime":"2023-03-03T08:49:01.9239636Z","PartitionId":0,"EventEnqueuedUtcTime":"2023-03-03T08:49:01.7510000Z","path":"D495D9BB-0F5F-4945-9B2D-F90CAD90E413/2102ac15-bf5e-456c-ab63-90cb836ed7ad/apache-server/130.211.54.158"}