{"customerid":"D495D9BB-0F5F-4945-9B2D-F90CAD90E413","honeyserverid":"2102ac15-bf5e-456c-ab63-90cb836ed7ad","logkind":"honeypot","honeypotid":"8BE585FB-2F2F-4BC6-8848-4165C1C4AA46","honeypotname":"apache-server","time":"Tue Feb 28 01:08:02 UTC 2023","parsedMessage":{"timestamp":"2023-02-28 01:07:03+00:00","message_type":"http-access","correlation_id":null,"level":"WARNING","message":"167.172.72.180 - - \"CONNECT google.com:443 HTTP/1.1\" 405 501 \"-\" \"Go-http-client/1.1\"","ip":"167.172.72.180"},"id":"9be11ff5-f382-4db3-95fa-7718d2dc913f","EventProcessedUtcTime":"2023-02-28T01:08:02.5483033Z","PartitionId":0,"EventEnqueuedUtcTime":"2023-02-28T01:08:02.4750000Z","path":"D495D9BB-0F5F-4945-9B2D-F90CAD90E413/2102ac15-bf5e-456c-ab63-90cb836ed7ad/apache-server/167.172.72.180"}