{"customerid":"D495D9BB-0F5F-4945-9B2D-F90CAD90E413","honeyserverid":"2102ac15-bf5e-456c-ab63-90cb836ed7ad","logkind":"connection","honeypotid":"8BE585FB-2F2F-4BC6-8848-4165C1C4AA46","honeypotname":"apache-server","time":"2023-03-05T21:11:10.561407","parsedMessage":{"timestamp":"2023-03-05 21:11:10.561407","message_type":null,"correlation_id":null,"level":"INFO","message":"connection-log connection from 151.243.106.130:9246 to port 80","ip":"151.243.106.130"},"id":"1484ef98-5218-49ac-9549-40c7b4ec7549","EventProcessedUtcTime":"2023-03-05T21:11:10.9399858Z","PartitionId":0,"EventEnqueuedUtcTime":"2023-03-05T21:11:10.7920000Z","path":"D495D9BB-0F5F-4945-9B2D-F90CAD90E413/2102ac15-bf5e-456c-ab63-90cb836ed7ad/apache-server/151.243.106.130"}
{"customerid":"D495D9BB-0F5F-4945-9B2D-F90CAD90E413","honeyserverid":"2102ac15-bf5e-456c-ab63-90cb836ed7ad","logkind":"honeypot","honeypotid":"8BE585FB-2F2F-4BC6-8848-4165C1C4AA46","honeypotname":"apache-server","time":"Sun Mar  5 21:12:02 UTC 2023","parsedMessage":{"timestamp":"2023-03-05 21:11:17+00:00","message_type":"http-access","correlation_id":null,"level":"WARNING","message":"151.243.106.130 - - \"GET / HTTP/1.1\" 200 263 \"-\" \"Mozilla/5.0 (Macintosh; Intel Mac OS X 10_11_6) AppleWebKit/601.7.7 (KHTML, like Gecko) Version/9.1.2 Safari/601.7.7\"","ip":"151.243.106.130"},"id":"a800f2bf-0c7a-4977-8cd5-15ff0456658a","EventProcessedUtcTime":"2023-03-05T21:12:02.4567533Z","PartitionId":0,"EventEnqueuedUtcTime":"2023-03-05T21:12:02.3580000Z","path":"D495D9BB-0F5F-4945-9B2D-F90CAD90E413/2102ac15-bf5e-456c-ab63-90cb836ed7ad/apache-server/151.243.106.130"}