{"customerid":"D495D9BB-0F5F-4945-9B2D-F90CAD90E413","honeyserverid":"2102ac15-bf5e-456c-ab63-90cb836ed7ad","logkind":"honeypot","honeypotid":"8BE585FB-2F2F-4BC6-8848-4165C1C4AA46","honeypotname":"apache-server","time":"Sun Feb 26 22:52:01 UTC 2023","parsedMessage":{"timestamp":"2023-02-26 22:51:16+00:00","message_type":"http-access","correlation_id":null,"level":"WARNING","message":"103.149.192.219 - - \"GET / HTTP/1.1\" 200 263 \"-\" \"Mozilla/5.0 (Windows NT 10.0; Win64; x64) AppleWebKit/537.36 (KHTML, like Gecko) Chrome/79.0.3945.130 Safari/537.36\"","ip":"103.149.192.219"},"id":"d94aad58-cc86-4386-8e6c-84683d32b3c5","EventProcessedUtcTime":"2023-02-26T22:52:02.2093119Z","PartitionId":0,"EventEnqueuedUtcTime":"2023-02-26T22:52:02.0160000Z","path":"D495D9BB-0F5F-4945-9B2D-F90CAD90E413/2102ac15-bf5e-456c-ab63-90cb836ed7ad/apache-server/103.149.192.219"}