{"customerid":"D495D9BB-0F5F-4945-9B2D-F90CAD90E413","honeyserverid":"2102ac15-bf5e-456c-ab63-90cb836ed7ad","logkind":"connection","honeypotid":"8BE585FB-2F2F-4BC6-8848-4165C1C4AA46","honeypotname":"apache-server","time":"2023-02-23T05:13:56.862513","parsedMessage":{"timestamp":"2023-02-23 05:13:56.862513","message_type":null,"correlation_id":null,"level":"INFO","message":"connection-log connection from 193.35.18.95:44236 to port 80","ip":"193.35.18.95"},"id":"a4801c9f-fc2a-4515-8a85-b7c7f78296b1","EventProcessedUtcTime":"2023-02-23T05:13:57.2571945Z","PartitionId":0,"EventEnqueuedUtcTime":"2023-02-23T05:13:57.1960000Z","path":"D495D9BB-0F5F-4945-9B2D-F90CAD90E413/2102ac15-bf5e-456c-ab63-90cb836ed7ad/apache-server/193.35.18.95"}