{"customerid":"D495D9BB-0F5F-4945-9B2D-F90CAD90E413","honeyserverid":"2102ac15-bf5e-456c-ab63-90cb836ed7ad","logkind":"honeypot","honeypotid":"8BE585FB-2F2F-4BC6-8848-4165C1C4AA46","honeypotname":"apache-server","time":"Sun Mar  5 15:35:01 UTC 2023","parsedMessage":{"timestamp":"2023-03-05 15:34:28+00:00","message_type":"http-access","correlation_id":null,"level":"WARNING","message":"179.60.147.13 - - \"\\x03\" 400 0 \"-\" \"-\"","ip":"179.60.147.13"},"id":"a38685b9-69e6-40db-b34d-f1e8967a4a29","EventProcessedUtcTime":"2023-03-05T15:35:02.2258905Z","PartitionId":0,"EventEnqueuedUtcTime":"2023-03-05T15:35:02.0810000Z","path":"D495D9BB-0F5F-4945-9B2D-F90CAD90E413/2102ac15-bf5e-456c-ab63-90cb836ed7ad/apache-server/179.60.147.13"}