{"customerid":"D495D9BB-0F5F-4945-9B2D-F90CAD90E413","honeyserverid":"87422976-5cd1-469f-9125-4b1f29054ed5","logkind":"connection","honeypotid":"8BE585FB-2F2F-4BC6-8848-4165C1C4AA46","honeypotname":"apache-server","time":"2023-04-02T20:18:31.316456","parsedMessage":{"timestamp":"2023-04-02 20:18:31.316456","message_type":null,"correlation_id":null,"level":"INFO","message":"connection-log connection from 139.59.16.136:56415 to port 80","ip":"139.59.16.136"},"id":"caba065d-7e1f-4df5-b8e5-15e69315c22d","EventProcessedUtcTime":"2023-04-02T20:18:31.8635992Z","PartitionId":0,"EventEnqueuedUtcTime":"2023-04-02T20:18:31.6350000Z","path":"D495D9BB-0F5F-4945-9B2D-F90CAD90E413/87422976-5cd1-469f-9125-4b1f29054ed5/apache-server/139.59.16.136"}