{"customerid":"D495D9BB-0F5F-4945-9B2D-F90CAD90E413","honeyserverid":"2102ac15-bf5e-456c-ab63-90cb836ed7ad","logkind":"connection","honeypotid":"8BE585FB-2F2F-4BC6-8848-4165C1C4AA46","honeypotname":"apache-server","time":"2023-02-23T22:24:33.995449","parsedMessage":{"timestamp":"2023-02-23 22:24:33.995449","message_type":null,"correlation_id":null,"level":"INFO","message":"connection-log connection from 193.35.18.163:44990 to port 80","ip":"193.35.18.163"},"id":"39772821-18a9-4dd5-aba0-83b60bdbe81b","EventProcessedUtcTime":"2023-02-23T22:24:34.4276338Z","PartitionId":0,"EventEnqueuedUtcTime":"2023-02-23T22:24:34.2510000Z","path":"D495D9BB-0F5F-4945-9B2D-F90CAD90E413/2102ac15-bf5e-456c-ab63-90cb836ed7ad/apache-server/193.35.18.163"}