{"customerid":"D495D9BB-0F5F-4945-9B2D-F90CAD90E413","honeyserverid":"87422976-5cd1-469f-9125-4b1f29054ed5","logkind":"honeypot","honeypotid":"8BE585FB-2F2F-4BC6-8848-4165C1C4AA46","honeypotname":"apache-server","time":"Fri Mar 31 17:20:01 UTC 2023","parsedMessage":{"timestamp":"2023-03-31 17:19:51+00:00","message_type":"http-access","correlation_id":null,"level":"WARNING","message":"20.55.53.144 - - \"GET / HTTP/1.1\" 200 17777 \"-\" \"Mozilla/5.0 (Windows NT 10.0; Win64; x64) AppleWebKit/537.36 (KHTML, like Gecko) Chrome/79.0.3945.117 Safari/537.36\"","ip":"20.55.53.144"},"id":"5b1b2934-4447-4721-9033-c7996decc878","EventProcessedUtcTime":"2023-03-31T17:20:07.1332236Z","PartitionId":0,"EventEnqueuedUtcTime":"2023-03-31T17:20:06.8960000Z","path":"D495D9BB-0F5F-4945-9B2D-F90CAD90E413/87422976-5cd1-469f-9125-4b1f29054ed5/apache-server/20.55.53.144"}