{"customerid":"D495D9BB-0F5F-4945-9B2D-F90CAD90E413","honeyserverid":"2102ac15-bf5e-456c-ab63-90cb836ed7ad","logkind":"honeypot","honeypotid":"8BE585FB-2F2F-4BC6-8848-4165C1C4AA46","honeypotname":"apache-server","time":"Tue Mar  7 04:05:01 UTC 2023","parsedMessage":{"timestamp":"2023-03-07 04:04:15+00:00","message_type":"http-access","correlation_id":null,"level":"WARNING","message":"20.55.53.144 - - \"GET / HTTP/1.1\" 200 263 \"-\" \"Mozilla/5.0 (Windows NT 10.0; Win64; x64) AppleWebKit/537.36 (KHTML, like Gecko) Chrome/79.0.3945.117 Safari/537.36\"","ip":"20.55.53.144"},"id":"739ca2fd-1ed9-4a9e-bd01-223e87056a4d","EventProcessedUtcTime":"2023-03-07T04:05:01.6165726Z","PartitionId":0,"EventEnqueuedUtcTime":"2023-03-07T04:05:01.4410000Z","path":"D495D9BB-0F5F-4945-9B2D-F90CAD90E413/2102ac15-bf5e-456c-ab63-90cb836ed7ad/apache-server/20.55.53.144"}
{"customerid":"D495D9BB-0F5F-4945-9B2D-F90CAD90E413","honeyserverid":"2102ac15-bf5e-456c-ab63-90cb836ed7ad","logkind":"honeypot","honeypotid":"8BE585FB-2F2F-4BC6-8848-4165C1C4AA46","honeypotname":"apache-server","time":"Tue Mar  7 19:18:01 UTC 2023","parsedMessage":{"timestamp":"2023-03-07 19:17:40+00:00","message_type":"http-access","correlation_id":null,"level":"WARNING","message":"20.55.53.144 - - \"GET /KwgYWxe8TLl7rUMtqQOnh2JiN0Y HTTP/1.1\" 404 435 \"-\" \"Mozilla/5.0 (Windows NT 10.0; Win64; x64) AppleWebKit/537.36 (KHTML, like Gecko) Chrome/79.0.3945.117 Safari/537.36\"","ip":"20.55.53.144"},"id":"ec52512c-8f91-4f7b-9396-0373f77409ed","EventProcessedUtcTime":"2023-03-07T19:18:01.8970904Z","PartitionId":0,"EventEnqueuedUtcTime":"2023-03-07T19:18:01.6650000Z","path":"D495D9BB-0F5F-4945-9B2D-F90CAD90E413/2102ac15-bf5e-456c-ab63-90cb836ed7ad/apache-server/20.55.53.144"}