{"customerid":"D495D9BB-0F5F-4945-9B2D-F90CAD90E413","honeyserverid":"2102ac15-bf5e-456c-ab63-90cb836ed7ad","logkind":"connection","honeypotid":"8BE585FB-2F2F-4BC6-8848-4165C1C4AA46","honeypotname":"apache-server","time":"2023-03-06T18:47:25.272255","parsedMessage":{"timestamp":"2023-03-06 18:47:25.272255","message_type":null,"correlation_id":null,"level":"INFO","message":"connection-log connection from 20.55.53.144:36400 to port 80","ip":"20.55.53.144"},"id":"53e6be52-f14c-4a5e-b714-7c6da47b9860","EventProcessedUtcTime":"2023-03-06T18:47:25.7135218Z","PartitionId":0,"EventEnqueuedUtcTime":"2023-03-06T18:47:25.5570000Z","path":"D495D9BB-0F5F-4945-9B2D-F90CAD90E413/2102ac15-bf5e-456c-ab63-90cb836ed7ad/apache-server/20.55.53.144"}
{"customerid":"D495D9BB-0F5F-4945-9B2D-F90CAD90E413","honeyserverid":"2102ac15-bf5e-456c-ab63-90cb836ed7ad","logkind":"honeypot","honeypotid":"8BE585FB-2F2F-4BC6-8848-4165C1C4AA46","honeypotname":"apache-server","time":"Mon Mar  6 18:48:01 UTC 2023","parsedMessage":{"timestamp":"2023-03-06 18:47:45+00:00","message_type":"http-access","correlation_id":null,"level":"WARNING","message":"20.55.53.144 - - \"-\" 408 0 \"-\" \"-\"","ip":"20.55.53.144"},"id":"ca966415-1294-485b-96cd-c30bad7faf6b","EventProcessedUtcTime":"2023-03-06T18:48:01.9321630Z","PartitionId":0,"EventEnqueuedUtcTime":"2023-03-06T18:48:01.7810000Z","path":"D495D9BB-0F5F-4945-9B2D-F90CAD90E413/2102ac15-bf5e-456c-ab63-90cb836ed7ad/apache-server/20.55.53.144"}