{"customerid":"D495D9BB-0F5F-4945-9B2D-F90CAD90E413","honeyserverid":"2102ac15-bf5e-456c-ab63-90cb836ed7ad","logkind":"connection","honeypotid":"8BE585FB-2F2F-4BC6-8848-4165C1C4AA46","honeypotname":"apache-server","time":"2023-03-01T06:56:21.007304","parsedMessage":{"timestamp":"2023-03-01 06:56:21.007304","message_type":null,"correlation_id":null,"level":"INFO","message":"connection-log connection from 192.241.216.23:52112 to port 80","ip":"192.241.216.23"},"id":"3a808707-6a8c-49f5-9879-c663ba12f8fc","EventProcessedUtcTime":"2023-03-01T06:56:21.4655457Z","PartitionId":0,"EventEnqueuedUtcTime":"2023-03-01T06:56:21.2290000Z","path":"D495D9BB-0F5F-4945-9B2D-F90CAD90E413/2102ac15-bf5e-456c-ab63-90cb836ed7ad/apache-server/192.241.216.23"}
{"customerid":"D495D9BB-0F5F-4945-9B2D-F90CAD90E413","honeyserverid":"2102ac15-bf5e-456c-ab63-90cb836ed7ad","logkind":"honeypot","honeypotid":"8BE585FB-2F2F-4BC6-8848-4165C1C4AA46","honeypotname":"apache-server","time":"Wed Mar  1 06:59:01 UTC 2023","parsedMessage":{"timestamp":"2023-03-01 06:58:18+00:00","message_type":"http-access","correlation_id":null,"level":"WARNING","message":"192.241.216.23 - - \"GET / HTTP/1.1\" 200 263 \"-\" \"Mozilla/5.0 zgrab/0.x\"","ip":"192.241.216.23"},"id":"d44f406d-d7d3-47f0-8061-dd725484f48d","EventProcessedUtcTime":"2023-03-01T06:59:02.0439481Z","PartitionId":0,"EventEnqueuedUtcTime":"2023-03-01T06:59:01.9000000Z","path":"D495D9BB-0F5F-4945-9B2D-F90CAD90E413/2102ac15-bf5e-456c-ab63-90cb836ed7ad/apache-server/192.241.216.23"}