{"customerid":"D495D9BB-0F5F-4945-9B2D-F90CAD90E413","honeyserverid":"2102ac15-bf5e-456c-ab63-90cb836ed7ad","logkind":"connection","honeypotid":"8BE585FB-2F2F-4BC6-8848-4165C1C4AA46","honeypotname":"apache-server","time":"2023-02-23T08:26:28.460525","parsedMessage":{"timestamp":"2023-02-23 08:26:28.460525","message_type":null,"correlation_id":null,"level":"INFO","message":"connection-log connection from 143.244.50.172:55186 to port 80","ip":"143.244.50.172"},"id":"770b02fe-5d28-4eb2-81a9-523b45e66282","EventProcessedUtcTime":"2023-02-23T08:26:28.9290491Z","PartitionId":0,"EventEnqueuedUtcTime":"2023-02-23T08:26:28.7500000Z","path":"D495D9BB-0F5F-4945-9B2D-F90CAD90E413/2102ac15-bf5e-456c-ab63-90cb836ed7ad/apache-server/143.244.50.172"}
{"customerid":"D495D9BB-0F5F-4945-9B2D-F90CAD90E413","honeyserverid":"2102ac15-bf5e-456c-ab63-90cb836ed7ad","logkind":"honeypot","honeypotid":"8BE585FB-2F2F-4BC6-8848-4165C1C4AA46","honeypotname":"apache-server","time":"Thu Feb 23 08:27:01 UTC 2023","parsedMessage":{"timestamp":"2023-02-23 08:26:28+00:00","message_type":"http-access","correlation_id":null,"level":"WARNING","message":"143.244.50.172 - - \"GET /config/getuser?index=0 HTTP/1.1\" 404 454 \"-\" \"Mozilla/5.0 (X11; Ubuntu; Linux x86_64; rv:76.0) Gecko/20100101 Firefox/76.0\"","ip":"143.244.50.172"},"id":"c92f657b-9c7b-47a6-a28b-80e565d68bc3","EventProcessedUtcTime":"2023-02-23T08:27:01.9762683Z","PartitionId":0,"EventEnqueuedUtcTime":"2023-02-23T08:27:01.7820000Z","path":"D495D9BB-0F5F-4945-9B2D-F90CAD90E413/2102ac15-bf5e-456c-ab63-90cb836ed7ad/apache-server/143.244.50.172"}