{"customerid":"D495D9BB-0F5F-4945-9B2D-F90CAD90E413","honeyserverid":"2102ac15-bf5e-456c-ab63-90cb836ed7ad","logkind":"connection","honeypotid":"8BE585FB-2F2F-4BC6-8848-4165C1C4AA46","honeypotname":"apache-server","time":"2023-03-06T20:56:50.579821","parsedMessage":{"timestamp":"2023-03-06 20:56:50.579821","message_type":null,"correlation_id":null,"level":"INFO","message":"connection-log connection from 143.244.50.172:58284 to port 80","ip":"143.244.50.172"},"id":"31770bc2-7880-4329-b4c7-222f19f87e8b","EventProcessedUtcTime":"2023-03-06T20:56:51.1514653Z","PartitionId":0,"EventEnqueuedUtcTime":"2023-03-06T20:56:50.9130000Z","path":"D495D9BB-0F5F-4945-9B2D-F90CAD90E413/2102ac15-bf5e-456c-ab63-90cb836ed7ad/apache-server/143.244.50.172"}
{"customerid":"D495D9BB-0F5F-4945-9B2D-F90CAD90E413","honeyserverid":"2102ac15-bf5e-456c-ab63-90cb836ed7ad","logkind":"honeypot","honeypotid":"8BE585FB-2F2F-4BC6-8848-4165C1C4AA46","honeypotname":"apache-server","time":"Mon Mar  6 20:57:01 UTC 2023","parsedMessage":{"timestamp":"2023-03-06 20:56:50+00:00","message_type":"http-access","correlation_id":null,"level":"WARNING","message":"143.244.50.172 - - \"GET / HTTP/1.1\" 200 282 \"-\" \"Linux Gnu (cow)\"","ip":"143.244.50.172"},"id":"1d895e66-a655-4a78-aa6c-1cbd86136dce","EventProcessedUtcTime":"2023-03-06T20:57:01.8706995Z","PartitionId":0,"EventEnqueuedUtcTime":"2023-03-06T20:57:01.8220000Z","path":"D495D9BB-0F5F-4945-9B2D-F90CAD90E413/2102ac15-bf5e-456c-ab63-90cb836ed7ad/apache-server/143.244.50.172"}