{"customerid":"D495D9BB-0F5F-4945-9B2D-F90CAD90E413","honeyserverid":"2102ac15-bf5e-456c-ab63-90cb836ed7ad","logkind":"connection","honeypotid":"8BE585FB-2F2F-4BC6-8848-4165C1C4AA46","honeypotname":"apache-server","time":"2023-03-05T01:52:59.322670","parsedMessage":{"timestamp":"2023-03-05 01:52:59.322670","message_type":null,"correlation_id":null,"level":"INFO","message":"connection-log connection from 151.246.125.235:29071 to port 80","ip":"151.246.125.235"},"id":"b1509011-4cb6-460b-acab-6ae0322836d5","EventProcessedUtcTime":"2023-03-05T01:52:59.8681846Z","PartitionId":0,"EventEnqueuedUtcTime":"2023-03-05T01:52:59.6570000Z","path":"D495D9BB-0F5F-4945-9B2D-F90CAD90E413/2102ac15-bf5e-456c-ab63-90cb836ed7ad/apache-server/151.246.125.235"}
{"customerid":"D495D9BB-0F5F-4945-9B2D-F90CAD90E413","honeyserverid":"2102ac15-bf5e-456c-ab63-90cb836ed7ad","logkind":"honeypot","honeypotid":"8BE585FB-2F2F-4BC6-8848-4165C1C4AA46","honeypotname":"apache-server","time":"Sun Mar  5 01:54:01 UTC 2023","parsedMessage":{"timestamp":"2023-03-05 01:53:06+00:00","message_type":"http-access","correlation_id":null,"level":"WARNING","message":"151.246.125.235 - - \"GET / HTTP/1.1\" 200 263 \"-\" \"Mozilla/5.0 (Windows NT 6.1; WOW64) AppleWebKit/537.36 (KHTML, like Gecko) Chrome/51.0.2704.103 Safari/537.36\"","ip":"151.246.125.235"},"id":"a651ccba-5477-4bf3-8608-b7d8593452fa","EventProcessedUtcTime":"2023-03-05T01:54:01.9155644Z","PartitionId":0,"EventEnqueuedUtcTime":"2023-03-05T01:54:01.8530000Z","path":"D495D9BB-0F5F-4945-9B2D-F90CAD90E413/2102ac15-bf5e-456c-ab63-90cb836ed7ad/apache-server/151.246.125.235"}