{"customerid":"D495D9BB-0F5F-4945-9B2D-F90CAD90E413","honeyserverid":"87422976-5cd1-469f-9125-4b1f29054ed5","logkind":"connection","honeypotid":"8BE585FB-2F2F-4BC6-8848-4165C1C4AA46","honeypotname":"apache-server","time":"2023-04-02T00:21:15.760523","parsedMessage":{"timestamp":"2023-04-02 00:21:15.760523","message_type":null,"correlation_id":null,"level":"INFO","message":"connection-log connection from 109.237.96.50:42380 to port 80","ip":"109.237.96.50"},"id":"a38e87e6-7cbe-434d-b4ea-22943e34a2d2","EventProcessedUtcTime":"2023-04-02T00:21:16.1378185Z","PartitionId":0,"EventEnqueuedUtcTime":"2023-04-02T00:21:15.9150000Z","path":"D495D9BB-0F5F-4945-9B2D-F90CAD90E413/87422976-5cd1-469f-9125-4b1f29054ed5/apache-server/109.237.96.50"}