{"customerid":"D495D9BB-0F5F-4945-9B2D-F90CAD90E413","honeyserverid":"2102ac15-bf5e-456c-ab63-90cb836ed7ad","logkind":"connection","honeypotid":"8BE585FB-2F2F-4BC6-8848-4165C1C4AA46","honeypotname":"apache-server","time":"2023-02-26T10:54:52.280451","parsedMessage":{"timestamp":"2023-02-26 10:54:52.280451","message_type":null,"correlation_id":null,"level":"INFO","message":"connection-log connection from 161.35.236.158:42830 to port 80","ip":"161.35.236.158"},"id":"9405741c-da93-4b5a-aed3-ef75e6eca936","EventProcessedUtcTime":"2023-02-26T10:54:52.7767441Z","PartitionId":0,"EventEnqueuedUtcTime":"2023-02-26T10:54:52.5620000Z","path":"D495D9BB-0F5F-4945-9B2D-F90CAD90E413/2102ac15-bf5e-456c-ab63-90cb836ed7ad/apache-server/161.35.236.158"}