{"customerid":"D495D9BB-0F5F-4945-9B2D-F90CAD90E413","honeyserverid":"2102ac15-bf5e-456c-ab63-90cb836ed7ad","logkind":"connection","honeypotid":"8BE585FB-2F2F-4BC6-8848-4165C1C4AA46","honeypotname":"apache-server","time":"2023-02-23T10:55:52.832409","parsedMessage":{"timestamp":"2023-02-23 10:55:52.832409","message_type":null,"correlation_id":null,"level":"INFO","message":"connection-log connection from 194.147.114.13:54393 to port 80","ip":"194.147.114.13"},"id":"caffa59b-18d0-4ec8-af7b-17e98ff070ed","EventProcessedUtcTime":"2023-02-23T10:55:53.1810146Z","PartitionId":0,"EventEnqueuedUtcTime":"2023-02-23T10:55:53.0430000Z","path":"D495D9BB-0F5F-4945-9B2D-F90CAD90E413/2102ac15-bf5e-456c-ab63-90cb836ed7ad/apache-server/194.147.114.13"}
{"customerid":"D495D9BB-0F5F-4945-9B2D-F90CAD90E413","honeyserverid":"2102ac15-bf5e-456c-ab63-90cb836ed7ad","logkind":"honeypot","honeypotid":"8BE585FB-2F2F-4BC6-8848-4165C1C4AA46","honeypotname":"apache-server","time":"Thu Feb 23 10:56:01 UTC 2023","parsedMessage":{"timestamp":"2023-02-23 10:55:52+00:00","message_type":"http-access","correlation_id":null,"level":"WARNING","message":"194.147.114.13 - - \"GET /servlet?m=mod_listener&p=login&q=loginForm&jumpto=status HTTP/1.1\" 404 491 \"-\" \"-\"","ip":"194.147.114.13"},"id":"0bfd09e1-cb44-4843-9e8b-f1db23699a80","EventProcessedUtcTime":"2023-02-23T10:56:02.3685584Z","PartitionId":0,"EventEnqueuedUtcTime":"2023-02-23T10:56:02.2150000Z","path":"D495D9BB-0F5F-4945-9B2D-F90CAD90E413/2102ac15-bf5e-456c-ab63-90cb836ed7ad/apache-server/194.147.114.13"}