{"customerid":"D495D9BB-0F5F-4945-9B2D-F90CAD90E413","honeyserverid":"2102ac15-bf5e-456c-ab63-90cb836ed7ad","logkind":"connection","honeypotid":"8BE585FB-2F2F-4BC6-8848-4165C1C4AA46","honeypotname":"apache-server","time":"2023-02-27T12:55:57.492615","parsedMessage":{"timestamp":"2023-02-27 12:55:57.492615","message_type":null,"correlation_id":null,"level":"INFO","message":"connection-log connection from 128.199.21.228:61953 to port 80","ip":"128.199.21.228"},"id":"d62c0e28-38f6-4767-8994-4f6cb5f6dcfc","EventProcessedUtcTime":"2023-02-27T12:55:57.8125368Z","PartitionId":0,"EventEnqueuedUtcTime":"2023-02-27T12:55:57.7030000Z","path":"D495D9BB-0F5F-4945-9B2D-F90CAD90E413/2102ac15-bf5e-456c-ab63-90cb836ed7ad/apache-server/128.199.21.228"}
{"customerid":"D495D9BB-0F5F-4945-9B2D-F90CAD90E413","honeyserverid":"2102ac15-bf5e-456c-ab63-90cb836ed7ad","logkind":"honeypot","honeypotid":"8BE585FB-2F2F-4BC6-8848-4165C1C4AA46","honeypotname":"apache-server","time":"Mon Feb 27 12:56:02 UTC 2023","parsedMessage":{"timestamp":"2023-02-27 12:55:58+00:00","message_type":"http-access","correlation_id":null,"level":"WARNING","message":"128.199.21.228 - - \"GET / HTTP/1.0\" 200 282 \"-\" \"-\"","ip":"128.199.21.228"},"id":"55579fc9-e79d-4877-ab08-ec3ba3604b00","EventProcessedUtcTime":"2023-02-27T12:56:02.4049704Z","PartitionId":0,"EventEnqueuedUtcTime":"2023-02-27T12:56:02.2650000Z","path":"D495D9BB-0F5F-4945-9B2D-F90CAD90E413/2102ac15-bf5e-456c-ab63-90cb836ed7ad/apache-server/128.199.21.228"}