{"customerid":"D495D9BB-0F5F-4945-9B2D-F90CAD90E413","honeyserverid":"87422976-5cd1-469f-9125-4b1f29054ed5","logkind":"honeypot","honeypotid":"8BE585FB-2F2F-4BC6-8848-4165C1C4AA46","honeypotname":"apache-server","time":"Sun Apr  2 23:16:01 UTC 2023","parsedMessage":{"timestamp":"2023-04-02 23:15:35+00:00","message_type":"http-access","correlation_id":null,"level":"WARNING","message":"198.235.24.137 - - \"GET / HTTP/1.1\" 200 165895 \"-\" \"Expanse, a Palo Alto Networks company, searches across the global IPv4 space multiple times per day to identify customers&#39; presences on the Internet. If you would like to be excluded from our scans, please send IP addresses/domains to: scaninfo@paloaltonetworks.com\"","ip":"198.235.24.137"},"id":"715177db-fed4-4429-a3b6-4bd52cc1f2f0","EventProcessedUtcTime":"2023-04-02T23:16:01.7510388Z","PartitionId":0,"EventEnqueuedUtcTime":"2023-04-02T23:16:01.5990000Z","path":"D495D9BB-0F5F-4945-9B2D-F90CAD90E413/87422976-5cd1-469f-9125-4b1f29054ed5/apache-server/198.235.24.137"}