{"customerid":"D495D9BB-0F5F-4945-9B2D-F90CAD90E413","honeyserverid":"87422976-5cd1-469f-9125-4b1f29054ed5","logkind":"connection","honeypotid":"8BE585FB-2F2F-4BC6-8848-4165C1C4AA46","honeypotname":"apache-server","time":"2023-04-01T12:47:00.783562","parsedMessage":{"timestamp":"2023-04-01 12:47:00.783562","message_type":null,"correlation_id":null,"level":"INFO","message":"connection-log connection from 120.202.35.8:14262 to port 80","ip":"120.202.35.8"},"id":"33ed9a9d-9b00-4da6-8aa7-d4e9e1f3d0f8","EventProcessedUtcTime":"2023-04-01T12:47:01.1858032Z","PartitionId":0,"EventEnqueuedUtcTime":"2023-04-01T12:47:01.0310000Z","path":"D495D9BB-0F5F-4945-9B2D-F90CAD90E413/87422976-5cd1-469f-9125-4b1f29054ed5/apache-server/120.202.35.8"}