{"customerid":"D495D9BB-0F5F-4945-9B2D-F90CAD90E413","honeyserverid":"2102ac15-bf5e-456c-ab63-90cb836ed7ad","logkind":"connection","honeypotid":"8BE585FB-2F2F-4BC6-8848-4165C1C4AA46","honeypotname":"apache-server","time":"2023-03-06T21:33:04.872354","parsedMessage":{"timestamp":"2023-03-06 21:33:04.872354","message_type":null,"correlation_id":null,"level":"INFO","message":"connection-log connection from 183.136.225.31:49449 to port 80","ip":"183.136.225.31"},"id":"833b647a-6b8f-4196-8900-a6a67a8c2ea6","EventProcessedUtcTime":"2023-03-06T21:33:05.3360855Z","PartitionId":0,"EventEnqueuedUtcTime":"2023-03-06T21:33:05.1650000Z","path":"D495D9BB-0F5F-4945-9B2D-F90CAD90E413/2102ac15-bf5e-456c-ab63-90cb836ed7ad/apache-server/183.136.225.31"}