{"customerid":"D495D9BB-0F5F-4945-9B2D-F90CAD90E413","honeyserverid":"2102ac15-bf5e-456c-ab63-90cb836ed7ad","logkind":"connection","honeypotid":"8BE585FB-2F2F-4BC6-8848-4165C1C4AA46","honeypotname":"apache-server","time":"2023-03-04T05:49:58.778648","parsedMessage":{"timestamp":"2023-03-04 05:49:58.778648","message_type":null,"correlation_id":null,"level":"INFO","message":"connection-log connection from 186.141.6.235:0 to port 80","ip":"186.141.6.235"},"id":"0499b295-f33f-4483-8924-305ba1c855bc","EventProcessedUtcTime":"2023-03-04T05:49:59.3129700Z","PartitionId":0,"EventEnqueuedUtcTime":"2023-03-04T05:49:59.1020000Z","path":"D495D9BB-0F5F-4945-9B2D-F90CAD90E413/2102ac15-bf5e-456c-ab63-90cb836ed7ad/apache-server/186.141.6.235"}
{"customerid":"D495D9BB-0F5F-4945-9B2D-F90CAD90E413","honeyserverid":"2102ac15-bf5e-456c-ab63-90cb836ed7ad","logkind":"connection","honeypotid":"8BE585FB-2F2F-4BC6-8848-4165C1C4AA46","honeypotname":"apache-server","time":"2023-03-04T05:50:02.165754","parsedMessage":{"timestamp":"2023-03-04 05:50:02.165754","message_type":null,"correlation_id":null,"level":"INFO","message":"connection-log connection from 186.141.6.235:0 to port 80","ip":"186.141.6.235"},"id":"ab6fa087-a334-4d70-9a33-45dd5d996651","EventProcessedUtcTime":"2023-03-04T05:50:04.8911677Z","PartitionId":0,"EventEnqueuedUtcTime":"2023-03-04T05:50:04.7120000Z","path":"D495D9BB-0F5F-4945-9B2D-F90CAD90E413/2102ac15-bf5e-456c-ab63-90cb836ed7ad/apache-server/186.141.6.235"}