{"customerid":"D495D9BB-0F5F-4945-9B2D-F90CAD90E413","honeyserverid":"87422976-5cd1-469f-9125-4b1f29054ed5","logkind":"connection","honeypotid":"8BE585FB-2F2F-4BC6-8848-4165C1C4AA46","honeypotname":"apache-server","time":"2023-04-02T20:37:19.444342","parsedMessage":{"timestamp":"2023-04-02 20:37:19.444342","message_type":null,"correlation_id":null,"level":"INFO","message":"connection-log connection from 205.210.31.141:59086 to port 80","ip":"205.210.31.141"},"id":"9ce47814-f713-4c56-8e09-858ea4724656","EventProcessedUtcTime":"2023-04-02T20:37:19.7951318Z","PartitionId":0,"EventEnqueuedUtcTime":"2023-04-02T20:37:19.6440000Z","path":"D495D9BB-0F5F-4945-9B2D-F90CAD90E413/87422976-5cd1-469f-9125-4b1f29054ed5/apache-server/205.210.31.141"}
{"customerid":"D495D9BB-0F5F-4945-9B2D-F90CAD90E413","honeyserverid":"87422976-5cd1-469f-9125-4b1f29054ed5","logkind":"honeypot","honeypotid":"8BE585FB-2F2F-4BC6-8848-4165C1C4AA46","honeypotname":"apache-server","time":"Sun Apr  2 20:38:01 UTC 2023","parsedMessage":{"timestamp":"2023-04-02 20:37:19+00:00","message_type":"http-access","correlation_id":null,"level":"WARNING","message":"205.210.31.141 - - \"\\x16\\x03\\x01\" 400 0 \"-\" \"-\"","ip":"205.210.31.141"},"id":"936bb1e3-c034-4b3d-9457-47a9b0daf884","EventProcessedUtcTime":"2023-04-02T20:38:02.1556655Z","PartitionId":0,"EventEnqueuedUtcTime":"2023-04-02T20:38:02.0360000Z","path":"D495D9BB-0F5F-4945-9B2D-F90CAD90E413/87422976-5cd1-469f-9125-4b1f29054ed5/apache-server/205.210.31.141"}