{"customerid":"D495D9BB-0F5F-4945-9B2D-F90CAD90E413","honeyserverid":"2102ac15-bf5e-456c-ab63-90cb836ed7ad","logkind":"honeypot","honeypotid":"8BE585FB-2F2F-4BC6-8848-4165C1C4AA46","honeypotname":"apache-server","time":"Wed Mar  8 04:28:01 UTC 2023","parsedMessage":{"timestamp":"2023-03-08 04:27:50+00:00","message_type":"http-access","correlation_id":null,"level":"WARNING","message":"109.237.97.180 - - \"GET /.env HTTP/1.1\" 404 491 \"-\" \"Mozilla/5.0 (X11; Linux x86_64) AppleWebKit/537.36 (KHTML, like Gecko) Chrome/81.0.4044.129 Safari/537.36\"","ip":"109.237.97.180"},"id":"b23f4fca-583c-40d0-bd4a-8a74b30f508f","EventProcessedUtcTime":"2023-03-08T04:28:02.1854538Z","PartitionId":0,"EventEnqueuedUtcTime":"2023-03-08T04:28:01.9850000Z","path":"D495D9BB-0F5F-4945-9B2D-F90CAD90E413/2102ac15-bf5e-456c-ab63-90cb836ed7ad/apache-server/109.237.97.180"}
{"customerid":"D495D9BB-0F5F-4945-9B2D-F90CAD90E413","honeyserverid":"2102ac15-bf5e-456c-ab63-90cb836ed7ad","logkind":"honeypot","honeypotid":"8BE585FB-2F2F-4BC6-8848-4165C1C4AA46","honeypotname":"apache-server","time":"Wed Mar  8 04:28:02 UTC 2023","parsedMessage":{"timestamp":"2023-03-08 04:27:50+00:00","message_type":"http-access","correlation_id":null,"level":"WARNING","message":"109.237.97.180 - - \"\\x16\\x03\\x01\\x01H\\x01\" 400 0 \"-\" \"-\"","ip":"109.237.97.180"},"id":"b94008d6-da4b-4998-aa34-4d6c1e99bbb8","EventProcessedUtcTime":"2023-03-08T04:28:02.4044232Z","PartitionId":0,"EventEnqueuedUtcTime":"2023-03-08T04:28:02.1720000Z","path":"D495D9BB-0F5F-4945-9B2D-F90CAD90E413/2102ac15-bf5e-456c-ab63-90cb836ed7ad/apache-server/109.237.97.180"}