{"customerid":"D495D9BB-0F5F-4945-9B2D-F90CAD90E413","honeyserverid":"2102ac15-bf5e-456c-ab63-90cb836ed7ad","logkind":"honeypot","honeypotid":"8BE585FB-2F2F-4BC6-8848-4165C1C4AA46","honeypotname":"apache-server","time":"Thu Feb 23 08:19:01 UTC 2023","parsedMessage":{"timestamp":"2023-02-23 08:18:57+00:00","message_type":"http-access","correlation_id":null,"level":"WARNING","message":"109.237.97.180 - - \"GET /.env HTTP/1.1\" 404 491 \"-\" \"Mozilla/5.0 (X11; Linux x86_64) AppleWebKit/537.36 (KHTML, like Gecko) Chrome/81.0.4044.129 Safari/537.36\"","ip":"109.237.97.180"},"id":"b4ff92b2-398c-4ebd-a4d9-436d6da2e77a","EventProcessedUtcTime":"2023-02-23T08:19:02.4257809Z","PartitionId":0,"EventEnqueuedUtcTime":"2023-02-23T08:19:02.2440000Z","path":"D495D9BB-0F5F-4945-9B2D-F90CAD90E413/2102ac15-bf5e-456c-ab63-90cb836ed7ad/apache-server/109.237.97.180"}
{"customerid":"D495D9BB-0F5F-4945-9B2D-F90CAD90E413","honeyserverid":"2102ac15-bf5e-456c-ab63-90cb836ed7ad","logkind":"honeypot","honeypotid":"8BE585FB-2F2F-4BC6-8848-4165C1C4AA46","honeypotname":"apache-server","time":"Thu Feb 23 08:19:02 UTC 2023","parsedMessage":{"timestamp":"2023-02-23 08:18:57+00:00","message_type":"http-access","correlation_id":null,"level":"WARNING","message":"109.237.97.180 - - \"\\x16\\x03\\x01\\x01H\\x01\" 400 0 \"-\" \"-\"","ip":"109.237.97.180"},"id":"d0db34a6-2d71-464d-9e6f-40ebe26ffc04","EventProcessedUtcTime":"2023-02-23T08:19:02.6444710Z","PartitionId":0,"EventEnqueuedUtcTime":"2023-02-23T08:19:02.4470000Z","path":"D495D9BB-0F5F-4945-9B2D-F90CAD90E413/2102ac15-bf5e-456c-ab63-90cb836ed7ad/apache-server/109.237.97.180"}