{"customerid":"D495D9BB-0F5F-4945-9B2D-F90CAD90E413","honeyserverid":"87422976-5cd1-469f-9125-4b1f29054ed5","logkind":"honeypot","honeypotid":"8BE585FB-2F2F-4BC6-8848-4165C1C4AA46","honeypotname":"apache-server","time":"Sat Apr  1 01:42:01 UTC 2023","parsedMessage":{"timestamp":"2023-04-01 01:41:10+00:00","message_type":"http-access","correlation_id":null,"level":"WARNING","message":"109.237.97.180 - - \"GET /.env HTTP/1.1\" 404 492 \"-\" \"Mozilla/5.0 (X11; Linux x86_64) AppleWebKit/537.36 (KHTML, like Gecko) Chrome/81.0.4044.129 Safari/537.36\"","ip":"109.237.97.180"},"id":"f074f5a6-60ee-487e-aeb9-ac5f5746cdf2","EventProcessedUtcTime":"2023-04-01T01:42:01.6254530Z","PartitionId":0,"EventEnqueuedUtcTime":"2023-04-01T01:42:01.5780000Z","path":"D495D9BB-0F5F-4945-9B2D-F90CAD90E413/87422976-5cd1-469f-9125-4b1f29054ed5/apache-server/109.237.97.180"}
{"customerid":"D495D9BB-0F5F-4945-9B2D-F90CAD90E413","honeyserverid":"87422976-5cd1-469f-9125-4b1f29054ed5","logkind":"honeypot","honeypotid":"8BE585FB-2F2F-4BC6-8848-4165C1C4AA46","honeypotname":"apache-server","time":"Sat Apr  1 01:42:01 UTC 2023","parsedMessage":{"timestamp":"2023-04-01 01:41:10+00:00","message_type":"http-access","correlation_id":null,"level":"WARNING","message":"109.237.97.180 - - \"\\x16\\x03\\x01\\x01H\\x01\" 400 0 \"-\" \"-\"","ip":"109.237.97.180"},"id":"e8fa678e-a508-4b50-b1bc-56a865dff392","EventProcessedUtcTime":"2023-04-01T01:42:01.8442518Z","PartitionId":0,"EventEnqueuedUtcTime":"2023-04-01T01:42:01.7960000Z","path":"D495D9BB-0F5F-4945-9B2D-F90CAD90E413/87422976-5cd1-469f-9125-4b1f29054ed5/apache-server/109.237.97.180"}