{"customerid":"D495D9BB-0F5F-4945-9B2D-F90CAD90E413","honeyserverid":"87422976-5cd1-469f-9125-4b1f29054ed5","logkind":"honeypot","honeypotid":"8BE585FB-2F2F-4BC6-8848-4165C1C4AA46","honeypotname":"apache-server","time":"Sun Apr  2 10:57:01 UTC 2023","parsedMessage":{"timestamp":"2023-04-02 10:56:28+00:00","message_type":"http-access","correlation_id":null,"level":"WARNING","message":"109.237.98.226 - - \"GET /.env HTTP/1.1\" 404 492 \"-\" \"Mozilla/5.0 (X11; Linux x86_64) AppleWebKit/537.36 (KHTML, like Gecko) Chrome/81.0.4044.129 Safari/537.36\"","ip":"109.237.98.226"},"id":"853bf2ce-1813-4408-b043-9344e1cc748a","EventProcessedUtcTime":"2023-04-02T10:57:02.1838686Z","PartitionId":0,"EventEnqueuedUtcTime":"2023-04-02T10:57:02.0410000Z","path":"D495D9BB-0F5F-4945-9B2D-F90CAD90E413/87422976-5cd1-469f-9125-4b1f29054ed5/apache-server/109.237.98.226"}
{"customerid":"D495D9BB-0F5F-4945-9B2D-F90CAD90E413","honeyserverid":"87422976-5cd1-469f-9125-4b1f29054ed5","logkind":"honeypot","honeypotid":"8BE585FB-2F2F-4BC6-8848-4165C1C4AA46","honeypotname":"apache-server","time":"Sun Apr  2 10:57:02 UTC 2023","parsedMessage":{"timestamp":"2023-04-02 10:56:28+00:00","message_type":"http-access","correlation_id":null,"level":"WARNING","message":"109.237.98.226 - - \"\\x16\\x03\\x01\\x01H\\x01\" 400 0 \"-\" \"-\"","ip":"109.237.98.226"},"id":"ac894b6e-55bf-4333-862e-0becaec2e29f","EventProcessedUtcTime":"2023-04-02T10:57:02.5125806Z","PartitionId":0,"EventEnqueuedUtcTime":"2023-04-02T10:57:02.3850000Z","path":"D495D9BB-0F5F-4945-9B2D-F90CAD90E413/87422976-5cd1-469f-9125-4b1f29054ed5/apache-server/109.237.98.226"}