{"customerid":"D495D9BB-0F5F-4945-9B2D-F90CAD90E413","honeyserverid":"2102ac15-bf5e-456c-ab63-90cb836ed7ad","logkind":"honeypot","honeypotid":"8BE585FB-2F2F-4BC6-8848-4165C1C4AA46","honeypotname":"apache-server","time":"Thu Feb 23 08:10:02 UTC 2023","parsedMessage":{"timestamp":"2023-02-23 08:09:58+00:00","message_type":"http-access","correlation_id":null,"level":"WARNING","message":"109.237.98.226 - - \"GET /.env HTTP/1.1\" 404 491 \"-\" \"Mozilla/5.0 (X11; Linux x86_64) AppleWebKit/537.36 (KHTML, like Gecko) Chrome/81.0.4044.129 Safari/537.36\"","ip":"109.237.98.226"},"id":"6720ab8d-77d9-46b8-bdbe-e9c83f4393ae","EventProcessedUtcTime":"2023-02-23T08:10:05.3440452Z","PartitionId":0,"EventEnqueuedUtcTime":"2023-02-23T08:10:05.1730000Z","path":"D495D9BB-0F5F-4945-9B2D-F90CAD90E413/2102ac15-bf5e-456c-ab63-90cb836ed7ad/apache-server/109.237.98.226"}
{"customerid":"D495D9BB-0F5F-4945-9B2D-F90CAD90E413","honeyserverid":"2102ac15-bf5e-456c-ab63-90cb836ed7ad","logkind":"honeypot","honeypotid":"8BE585FB-2F2F-4BC6-8848-4165C1C4AA46","honeypotname":"apache-server","time":"Thu Feb 23 08:10:05 UTC 2023","parsedMessage":{"timestamp":"2023-02-23 08:09:58+00:00","message_type":"http-access","correlation_id":null,"level":"WARNING","message":"109.237.98.226 - - \"\\x16\\x03\\x01\\x01H\\x01\" 400 0 \"-\" \"-\"","ip":"109.237.98.226"},"id":"1239e148-729e-4116-a52c-bfea7004d487","EventProcessedUtcTime":"2023-02-23T08:10:05.5627706Z","PartitionId":0,"EventEnqueuedUtcTime":"2023-02-23T08:10:05.4080000Z","path":"D495D9BB-0F5F-4945-9B2D-F90CAD90E413/2102ac15-bf5e-456c-ab63-90cb836ed7ad/apache-server/109.237.98.226"}