{"customerid":"D495D9BB-0F5F-4945-9B2D-F90CAD90E413","honeyserverid":"2102ac15-bf5e-456c-ab63-90cb836ed7ad","logkind":"connection","honeypotid":"8BE585FB-2F2F-4BC6-8848-4165C1C4AA46","honeypotname":"apache-server","time":"2023-03-08T03:11:33.025023","parsedMessage":{"timestamp":"2023-03-08 03:11:33.025023","message_type":null,"correlation_id":null,"level":"INFO","message":"connection-log connection from 109.237.98.226:60938 to port 80","ip":"109.237.98.226"},"id":"7b133a39-bbc9-4476-8dce-0b46d06f20aa","EventProcessedUtcTime":"2023-03-08T03:11:33.5122644Z","PartitionId":0,"EventEnqueuedUtcTime":"2023-03-08T03:11:33.3460000Z","path":"D495D9BB-0F5F-4945-9B2D-F90CAD90E413/2102ac15-bf5e-456c-ab63-90cb836ed7ad/apache-server/109.237.98.226"}
{"customerid":"D495D9BB-0F5F-4945-9B2D-F90CAD90E413","honeyserverid":"2102ac15-bf5e-456c-ab63-90cb836ed7ad","logkind":"honeypot","honeypotid":"8BE585FB-2F2F-4BC6-8848-4165C1C4AA46","honeypotname":"apache-server","time":"Wed Mar  8 03:12:01 UTC 2023","parsedMessage":{"timestamp":"2023-03-08 03:11:33+00:00","message_type":"http-access","correlation_id":null,"level":"WARNING","message":"109.237.98.226 - - \"GET /.env HTTP/1.1\" 404 491 \"-\" \"Mozilla/5.0 (X11; Linux x86_64) AppleWebKit/537.36 (KHTML, like Gecko) Chrome/81.0.4044.129 Safari/537.36\"","ip":"109.237.98.226"},"id":"f2bf4323-89e4-430a-9b01-8f5ef84e09e9","EventProcessedUtcTime":"2023-03-08T03:12:02.1834381Z","PartitionId":0,"EventEnqueuedUtcTime":"2023-03-08T03:12:01.9740000Z","path":"D495D9BB-0F5F-4945-9B2D-F90CAD90E413/2102ac15-bf5e-456c-ab63-90cb836ed7ad/apache-server/109.237.98.226"}
{"customerid":"D495D9BB-0F5F-4945-9B2D-F90CAD90E413","honeyserverid":"2102ac15-bf5e-456c-ab63-90cb836ed7ad","logkind":"honeypot","honeypotid":"8BE585FB-2F2F-4BC6-8848-4165C1C4AA46","honeypotname":"apache-server","time":"Wed Mar  8 03:12:02 UTC 2023","parsedMessage":{"timestamp":"2023-03-08 03:11:33+00:00","message_type":"http-access","correlation_id":null,"level":"WARNING","message":"109.237.98.226 - - \"\\x16\\x03\\x01\\x01H\\x01\" 400 0 \"-\" \"-\"","ip":"109.237.98.226"},"id":"98762f94-6278-49e9-ac5e-b375be28bc4a","EventProcessedUtcTime":"2023-03-08T03:12:02.5116600Z","PartitionId":0,"EventEnqueuedUtcTime":"2023-03-08T03:12:02.2710000Z","path":"D495D9BB-0F5F-4945-9B2D-F90CAD90E413/2102ac15-bf5e-456c-ab63-90cb836ed7ad/apache-server/109.237.98.226"}