{"customerid":"D495D9BB-0F5F-4945-9B2D-F90CAD90E413","honeyserverid":"2102ac15-bf5e-456c-ab63-90cb836ed7ad","logkind":"honeypot","honeypotid":"8BE585FB-2F2F-4BC6-8848-4165C1C4AA46","honeypotname":"apache-server","time":"Wed Mar  1 10:27:01 UTC 2023","parsedMessage":{"timestamp":"2023-03-01 10:26:40+00:00","message_type":"http-access","correlation_id":null,"level":"WARNING","message":"103.203.57.1 - - \"GET / HTTP/1.1\" 200 282 \"-\" \"HTTP Banner Detection (https://security.ipip.net)\"","ip":"103.203.57.1"},"id":"6bb945b1-f6f0-4b69-af42-c6b2d552297f","EventProcessedUtcTime":"2023-03-01T10:27:01.9081619Z","PartitionId":0,"EventEnqueuedUtcTime":"2023-03-01T10:27:01.7790000Z","path":"D495D9BB-0F5F-4945-9B2D-F90CAD90E413/2102ac15-bf5e-456c-ab63-90cb836ed7ad/apache-server/103.203.57.1"}