{"customerid":"D495D9BB-0F5F-4945-9B2D-F90CAD90E413","honeyserverid":"87422976-5cd1-469f-9125-4b1f29054ed5","logkind":"connection","honeypotid":"8BE585FB-2F2F-4BC6-8848-4165C1C4AA46","honeypotname":"apache-server","time":"2023-04-01T11:21:18.289858","parsedMessage":{"timestamp":"2023-04-01 11:21:18.289858","message_type":null,"correlation_id":null,"level":"INFO","message":"connection-log connection from 103.203.57.1:47126 to port 80","ip":"103.203.57.1"},"id":"6af011a3-9225-4631-8b02-ae3291cbbb3c","EventProcessedUtcTime":"2023-04-01T11:21:18.6731601Z","PartitionId":0,"EventEnqueuedUtcTime":"2023-04-01T11:21:18.4580000Z","path":"D495D9BB-0F5F-4945-9B2D-F90CAD90E413/87422976-5cd1-469f-9125-4b1f29054ed5/apache-server/103.203.57.1"}
{"customerid":"D495D9BB-0F5F-4945-9B2D-F90CAD90E413","honeyserverid":"87422976-5cd1-469f-9125-4b1f29054ed5","logkind":"honeypot","honeypotid":"8BE585FB-2F2F-4BC6-8848-4165C1C4AA46","honeypotname":"apache-server","time":"Sat Apr  1 11:22:01 UTC 2023","parsedMessage":{"timestamp":"2023-04-01 11:21:17+00:00","message_type":"http-access","correlation_id":null,"level":"WARNING","message":"103.203.57.1 - - \"GET / HTTP/1.1\" 200 165914 \"-\" \"HTTP Banner Detection (https://security.ipip.net)\"","ip":"103.203.57.1"},"id":"689d9d34-8071-4c3d-97bb-b00bda9b39e0","EventProcessedUtcTime":"2023-04-01T11:22:01.6620801Z","PartitionId":0,"EventEnqueuedUtcTime":"2023-04-01T11:22:01.6030000Z","path":"D495D9BB-0F5F-4945-9B2D-F90CAD90E413/87422976-5cd1-469f-9125-4b1f29054ed5/apache-server/103.203.57.1"}