{"customerid":"D495D9BB-0F5F-4945-9B2D-F90CAD90E413","honeyserverid":"87422976-5cd1-469f-9125-4b1f29054ed5","logkind":"connection","honeypotid":"8BE585FB-2F2F-4BC6-8848-4165C1C4AA46","honeypotname":"apache-server","time":"2023-04-03T05:44:23.050303","parsedMessage":{"timestamp":"2023-04-03 05:44:23.050303","message_type":null,"correlation_id":null,"level":"INFO","message":"connection-log connection from 185.189.182.234:34458 to port 80","ip":"185.189.182.234"},"id":"92feabf9-e559-4ad0-9cd3-7b2476b2176e","EventProcessedUtcTime":"2023-04-03T05:44:23.4904285Z","PartitionId":0,"EventEnqueuedUtcTime":"2023-04-03T05:44:23.2910000Z","path":"D495D9BB-0F5F-4945-9B2D-F90CAD90E413/87422976-5cd1-469f-9125-4b1f29054ed5/apache-server/185.189.182.234"}
{"customerid":"D495D9BB-0F5F-4945-9B2D-F90CAD90E413","honeyserverid":"87422976-5cd1-469f-9125-4b1f29054ed5","logkind":"honeypot","honeypotid":"8BE585FB-2F2F-4BC6-8848-4165C1C4AA46","honeypotname":"apache-server","time":"Mon Apr  3 05:45:01 UTC 2023","parsedMessage":{"timestamp":"2023-04-03 05:44:22+00:00","message_type":"http-access","correlation_id":null,"level":"WARNING","message":"185.189.182.234 - - \"GET / HTTP/1.1\" 400 0 \"-\" \"-\"","ip":"185.189.182.234"},"id":"adba97b1-435c-4829-b243-9f0c2d7cbd65","EventProcessedUtcTime":"2023-04-03T05:45:01.7759592Z","PartitionId":0,"EventEnqueuedUtcTime":"2023-04-03T05:45:01.5750000Z","path":"D495D9BB-0F5F-4945-9B2D-F90CAD90E413/87422976-5cd1-469f-9125-4b1f29054ed5/apache-server/185.189.182.234"}