{"customerid":"D495D9BB-0F5F-4945-9B2D-F90CAD90E413","honeyserverid":"87422976-5cd1-469f-9125-4b1f29054ed5","logkind":"connection","honeypotid":"8BE585FB-2F2F-4BC6-8848-4165C1C4AA46","honeypotname":"apache-server","time":"2023-04-01T08:56:01.007644","parsedMessage":{"timestamp":"2023-04-01 08:56:01.007644","message_type":null,"correlation_id":null,"level":"INFO","message":"connection-log connection from 107.170.235.12:46088 to port 80","ip":"107.170.235.12"},"id":"44edb4ab-23ea-4eea-9a71-632b8e8a92f7","EventProcessedUtcTime":"2023-04-01T08:56:01.4528696Z","PartitionId":0,"EventEnqueuedUtcTime":"2023-04-01T08:56:01.2180000Z","path":"D495D9BB-0F5F-4945-9B2D-F90CAD90E413/87422976-5cd1-469f-9125-4b1f29054ed5/apache-server/107.170.235.12"}