{"customerid":"D495D9BB-0F5F-4945-9B2D-F90CAD90E413","honeyserverid":"2102ac15-bf5e-456c-ab63-90cb836ed7ad","logkind":"connection","honeypotid":"8BE585FB-2F2F-4BC6-8848-4165C1C4AA46","honeypotname":"apache-server","time":"2023-02-26T01:58:51.795968","parsedMessage":{"timestamp":"2023-02-26 01:58:51.795968","message_type":null,"correlation_id":null,"level":"INFO","message":"connection-log connection from 177.84.40.10:10492 to port 80","ip":"177.84.40.10"},"id":"2f289001-c755-473e-9e6b-30d25fa16d77","EventProcessedUtcTime":"2023-02-26T01:58:52.2240905Z","PartitionId":0,"EventEnqueuedUtcTime":"2023-02-26T01:58:52.0630000Z","path":"D495D9BB-0F5F-4945-9B2D-F90CAD90E413/2102ac15-bf5e-456c-ab63-90cb836ed7ad/apache-server/177.84.40.10"}
{"customerid":"D495D9BB-0F5F-4945-9B2D-F90CAD90E413","honeyserverid":"2102ac15-bf5e-456c-ab63-90cb836ed7ad","logkind":"honeypot","honeypotid":"8BE585FB-2F2F-4BC6-8848-4165C1C4AA46","honeypotname":"apache-server","time":"Sun Feb 26 01:59:01 UTC 2023","parsedMessage":{"timestamp":"2023-02-26 01:58:52+00:00","message_type":"http-access","correlation_id":null,"level":"WARNING","message":"177.84.40.10 - - \"GET / HTTP/1.1\" 200 263 \"-\" \"Mozilla/5.0 (Windows NT 6.1; WOW64) AppleWebKit/537.36 (KHTML, like Gecko) Chrome/52.0.2743.116 Safari/537.36\"","ip":"177.84.40.10"},"id":"ce16afdb-b2df-42ee-ab93-b3770962d342","EventProcessedUtcTime":"2023-02-26T01:59:01.6309901Z","PartitionId":0,"EventEnqueuedUtcTime":"2023-02-26T01:59:01.5650000Z","path":"D495D9BB-0F5F-4945-9B2D-F90CAD90E413/2102ac15-bf5e-456c-ab63-90cb836ed7ad/apache-server/177.84.40.10"}