{"customerid":"D495D9BB-0F5F-4945-9B2D-F90CAD90E413","honeyserverid":"2102ac15-bf5e-456c-ab63-90cb836ed7ad","logkind":"connection","honeypotid":"8BE585FB-2F2F-4BC6-8848-4165C1C4AA46","honeypotname":"apache-server","time":"2023-03-03T13:09:09.749827","parsedMessage":{"timestamp":"2023-03-03 13:09:09.749827","message_type":null,"correlation_id":null,"level":"INFO","message":"connection-log connection from 188.165.87.96:45089 to port 80","ip":"188.165.87.96"},"id":"7f4e36d6-ee0a-47e0-b091-952daf367537","EventProcessedUtcTime":"2023-03-03T13:09:10.2154881Z","PartitionId":0,"EventEnqueuedUtcTime":"2023-03-03T13:09:09.9830000Z","path":"D495D9BB-0F5F-4945-9B2D-F90CAD90E413/2102ac15-bf5e-456c-ab63-90cb836ed7ad/apache-server/188.165.87.96"}