{"customerid":"D495D9BB-0F5F-4945-9B2D-F90CAD90E413","honeyserverid":"87422976-5cd1-469f-9125-4b1f29054ed5","logkind":"connection","honeypotid":"8BE585FB-2F2F-4BC6-8848-4165C1C4AA46","honeypotname":"apache-server","time":"2023-04-03T00:42:47.309965","parsedMessage":{"timestamp":"2023-04-03 00:42:47.309965","message_type":null,"correlation_id":null,"level":"INFO","message":"connection-log connection from 107.170.224.13:59624 to port 80","ip":"107.170.224.13"},"id":"02480dd2-18db-4942-b327-2a1b87178ec4","EventProcessedUtcTime":"2023-04-03T00:42:47.8242545Z","PartitionId":0,"EventEnqueuedUtcTime":"2023-04-03T00:42:47.5840000Z","path":"D495D9BB-0F5F-4945-9B2D-F90CAD90E413/87422976-5cd1-469f-9125-4b1f29054ed5/apache-server/107.170.224.13"}
{"customerid":"D495D9BB-0F5F-4945-9B2D-F90CAD90E413","honeyserverid":"87422976-5cd1-469f-9125-4b1f29054ed5","logkind":"honeypot","honeypotid":"8BE585FB-2F2F-4BC6-8848-4165C1C4AA46","honeypotname":"apache-server","time":"Mon Apr  3 00:48:01 UTC 2023","parsedMessage":{"timestamp":"2023-04-03 00:47:09+00:00","message_type":"http-access","correlation_id":null,"level":"WARNING","message":"107.170.224.13 - - \"MGLNDD_51.11.166.181_80\\n\" 400 0 \"-\" \"-\"","ip":"107.170.224.13"},"id":"3026ea34-6bff-48a7-b760-6f508fb406e9","EventProcessedUtcTime":"2023-04-03T00:48:01.7586753Z","PartitionId":0,"EventEnqueuedUtcTime":"2023-04-03T00:48:01.5710000Z","path":"D495D9BB-0F5F-4945-9B2D-F90CAD90E413/87422976-5cd1-469f-9125-4b1f29054ed5/apache-server/107.170.224.13"}