{"customerid":"D495D9BB-0F5F-4945-9B2D-F90CAD90E413","honeyserverid":"2102ac15-bf5e-456c-ab63-90cb836ed7ad","logkind":"connection","honeypotid":"8BE585FB-2F2F-4BC6-8848-4165C1C4AA46","honeypotname":"apache-server","time":"2023-03-03T18:36:55.971324","parsedMessage":{"timestamp":"2023-03-03 18:36:55.971324","message_type":null,"correlation_id":null,"level":"INFO","message":"connection-log connection from 198.235.24.153:58712 to port 80","ip":"198.235.24.153"},"id":"e3b65dfb-c391-4fee-8f0c-c760c0a7717c","EventProcessedUtcTime":"2023-03-03T18:36:56.3525954Z","PartitionId":0,"EventEnqueuedUtcTime":"2023-03-03T18:36:56.2270000Z","path":"D495D9BB-0F5F-4945-9B2D-F90CAD90E413/2102ac15-bf5e-456c-ab63-90cb836ed7ad/apache-server/198.235.24.153"}
{"customerid":"D495D9BB-0F5F-4945-9B2D-F90CAD90E413","honeyserverid":"2102ac15-bf5e-456c-ab63-90cb836ed7ad","logkind":"honeypot","honeypotid":"8BE585FB-2F2F-4BC6-8848-4165C1C4AA46","honeypotname":"apache-server","time":"Fri Mar  3 18:37:01 UTC 2023","parsedMessage":{"timestamp":"2023-03-03 18:36:55+00:00","message_type":"http-access","correlation_id":null,"level":"WARNING","message":"198.235.24.153 - - \"\\x16\\x03\\x01\" 400 0 \"-\" \"-\"","ip":"198.235.24.153"},"id":"6be1d592-81c3-46b0-9ad2-e8bd9f80300f","EventProcessedUtcTime":"2023-03-03T18:37:02.1489578Z","PartitionId":0,"EventEnqueuedUtcTime":"2023-03-03T18:37:01.9930000Z","path":"D495D9BB-0F5F-4945-9B2D-F90CAD90E413/2102ac15-bf5e-456c-ab63-90cb836ed7ad/apache-server/198.235.24.153"}