{"customerid":"D495D9BB-0F5F-4945-9B2D-F90CAD90E413","honeyserverid":"2102ac15-bf5e-456c-ab63-90cb836ed7ad","logkind":"connection","honeypotid":"8BE585FB-2F2F-4BC6-8848-4165C1C4AA46","honeypotname":"apache-server","time":"2023-02-27T20:18:09.900343","parsedMessage":{"timestamp":"2023-02-27 20:18:09.900343","message_type":null,"correlation_id":null,"level":"INFO","message":"connection-log connection from 198.235.24.55:59270 to port 80","ip":"198.235.24.55"},"id":"169382ce-89de-4469-b0c6-bfc0863dfbbf","EventProcessedUtcTime":"2023-02-27T20:18:10.9929935Z","PartitionId":0,"EventEnqueuedUtcTime":"2023-02-27T20:18:10.8170000Z","path":"D495D9BB-0F5F-4945-9B2D-F90CAD90E413/2102ac15-bf5e-456c-ab63-90cb836ed7ad/apache-server/198.235.24.55"}
{"customerid":"D495D9BB-0F5F-4945-9B2D-F90CAD90E413","honeyserverid":"2102ac15-bf5e-456c-ab63-90cb836ed7ad","logkind":"honeypot","honeypotid":"8BE585FB-2F2F-4BC6-8848-4165C1C4AA46","honeypotname":"apache-server","time":"Mon Feb 27 20:19:01 UTC 2023","parsedMessage":{"timestamp":"2023-02-27 20:18:09+00:00","message_type":"http-access","correlation_id":null,"level":"WARNING","message":"198.235.24.55 - - \"\\x16\\x03\\x01\" 400 0 \"-\" \"-\"","ip":"198.235.24.55"},"id":"6c354815-c338-4289-ae03-9863402307c4","EventProcessedUtcTime":"2023-02-27T20:19:02.1950146Z","PartitionId":0,"EventEnqueuedUtcTime":"2023-02-27T20:19:02.0590000Z","path":"D495D9BB-0F5F-4945-9B2D-F90CAD90E413/2102ac15-bf5e-456c-ab63-90cb836ed7ad/apache-server/198.235.24.55"}