{"customerid":"D495D9BB-0F5F-4945-9B2D-F90CAD90E413","honeyserverid":"2102ac15-bf5e-456c-ab63-90cb836ed7ad","logkind":"connection","honeypotid":"8BE585FB-2F2F-4BC6-8848-4165C1C4AA46","honeypotname":"apache-server","time":"2023-02-24T17:52:59.753127","parsedMessage":{"timestamp":"2023-02-24 17:52:59.753127","message_type":null,"correlation_id":null,"level":"INFO","message":"connection-log connection from 180.149.125.165:15919 to port 80","ip":"180.149.125.165"},"id":"8e8e9c00-902a-4e98-8102-3c63bbc18ef0","EventProcessedUtcTime":"2023-02-24T17:53:00.3282074Z","PartitionId":0,"EventEnqueuedUtcTime":"2023-02-24T17:53:00.0500000Z","path":"D495D9BB-0F5F-4945-9B2D-F90CAD90E413/2102ac15-bf5e-456c-ab63-90cb836ed7ad/apache-server/180.149.125.165"}
{"customerid":"D495D9BB-0F5F-4945-9B2D-F90CAD90E413","honeyserverid":"2102ac15-bf5e-456c-ab63-90cb836ed7ad","logkind":"honeypot","honeypotid":"8BE585FB-2F2F-4BC6-8848-4165C1C4AA46","honeypotname":"apache-server","time":"Fri Feb 24 17:53:01 UTC 2023","parsedMessage":{"timestamp":"2023-02-24 17:52:59+00:00","message_type":"http-access","correlation_id":null,"level":"WARNING","message":"180.149.125.165 - - \"GET / HTTP/1.1\" 200 263 \"-\" \"Mozilla/5.0 (Windows NT 5.1; Win64; x64) AppleWebKit/537.36 (KHTML, like Gecko) Chrome/60.0.3112.90 Safari/537.36\"","ip":"180.149.125.165"},"id":"5a8d8c90-0145-41d3-9304-f215c55d8643","EventProcessedUtcTime":"2023-02-24T17:53:02.0780799Z","PartitionId":0,"EventEnqueuedUtcTime":"2023-02-24T17:53:01.8620000Z","path":"D495D9BB-0F5F-4945-9B2D-F90CAD90E413/2102ac15-bf5e-456c-ab63-90cb836ed7ad/apache-server/180.149.125.165"}