{"customerid":"D495D9BB-0F5F-4945-9B2D-F90CAD90E413","honeyserverid":"2102ac15-bf5e-456c-ab63-90cb836ed7ad","logkind":"connection","honeypotid":"8BE585FB-2F2F-4BC6-8848-4165C1C4AA46","honeypotname":"apache-server","time":"2023-03-08T08:41:59.213255","parsedMessage":{"timestamp":"2023-03-08 08:41:59.213255","message_type":null,"correlation_id":null,"level":"INFO","message":"connection-log connection from 107.178.214.60:59634 to port 80","ip":"107.178.214.60"},"id":"86c40161-5c73-4fbe-8fb4-a8a57268cc58","EventProcessedUtcTime":"2023-03-08T08:41:59.7277196Z","PartitionId":0,"EventEnqueuedUtcTime":"2023-03-08T08:41:59.5760000Z","path":"D495D9BB-0F5F-4945-9B2D-F90CAD90E413/2102ac15-bf5e-456c-ab63-90cb836ed7ad/apache-server/107.178.214.60"}