{"customerid":"D495D9BB-0F5F-4945-9B2D-F90CAD90E413","honeyserverid":"87422976-5cd1-469f-9125-4b1f29054ed5","logkind":"connection","honeypotid":"8BE585FB-2F2F-4BC6-8848-4165C1C4AA46","honeypotname":"apache-server","time":"2023-03-31T14:39:58.495834","parsedMessage":{"timestamp":"2023-03-31 14:39:58.495834","message_type":null,"correlation_id":null,"level":"INFO","message":"connection-log connection from 162.221.192.26:49570 to port 80","ip":"162.221.192.26"},"id":"4fc39536-5135-46e3-88bf-d4125af54001","EventProcessedUtcTime":"2023-03-31T14:39:58.8176274Z","PartitionId":0,"EventEnqueuedUtcTime":"2023-03-31T14:39:58.6670000Z","path":"D495D9BB-0F5F-4945-9B2D-F90CAD90E413/87422976-5cd1-469f-9125-4b1f29054ed5/apache-server/162.221.192.26"}
{"customerid":"D495D9BB-0F5F-4945-9B2D-F90CAD90E413","honeyserverid":"87422976-5cd1-469f-9125-4b1f29054ed5","logkind":"honeypot","honeypotid":"8BE585FB-2F2F-4BC6-8848-4165C1C4AA46","honeypotname":"apache-server","time":"Fri Mar 31 14:40:01 UTC 2023","parsedMessage":{"timestamp":"2023-03-31 14:39:57+00:00","message_type":"http-access","correlation_id":null,"level":"WARNING","message":"162.221.192.26 - - \"GET / HTTP/1.1\" 200 17777 \"-\" \"Mozilla/5.0 (Windows NT 10.0; Win64; x64) AppleWebKit/537.36 (KHTML, like Gecko) Chrome/60.0.3112.113 Safari/537.36\"","ip":"162.221.192.26"},"id":"a60704f5-d92b-4119-81f5-ea3a0f8a7bb2","EventProcessedUtcTime":"2023-03-31T14:40:08.4431790Z","PartitionId":0,"EventEnqueuedUtcTime":"2023-03-31T14:40:08.2610000Z","path":"D495D9BB-0F5F-4945-9B2D-F90CAD90E413/87422976-5cd1-469f-9125-4b1f29054ed5/apache-server/162.221.192.26"}
{"customerid":"D495D9BB-0F5F-4945-9B2D-F90CAD90E413","honeyserverid":"87422976-5cd1-469f-9125-4b1f29054ed5","logkind":"connection","honeypotid":"8BE585FB-2F2F-4BC6-8848-4165C1C4AA46","honeypotname":"apache-server","time":"2023-03-31T14:40:02.003603","parsedMessage":{"timestamp":"2023-03-31 14:40:02.003603","message_type":null,"correlation_id":null,"level":"INFO","message":"connection-log connection from 162.221.192.26:49570 to port 80","ip":"162.221.192.26"},"id":"a9de1133-2836-4705-b7f1-265400f3e252","EventProcessedUtcTime":"2023-03-31T14:40:08.5531260Z","PartitionId":0,"EventEnqueuedUtcTime":"2023-03-31T14:40:08.4010000Z","path":"D495D9BB-0F5F-4945-9B2D-F90CAD90E413/87422976-5cd1-469f-9125-4b1f29054ed5/apache-server/162.221.192.26"}