{"customerid":"D495D9BB-0F5F-4945-9B2D-F90CAD90E413","honeyserverid":"2102ac15-bf5e-456c-ab63-90cb836ed7ad","logkind":"connection","honeypotid":"8BE585FB-2F2F-4BC6-8848-4165C1C4AA46","honeypotname":"apache-server","time":"2023-02-28T21:58:20.752278","parsedMessage":{"timestamp":"2023-02-28 21:58:20.752278","message_type":null,"correlation_id":null,"level":"INFO","message":"connection-log connection from 162.221.192.26:43784 to port 80","ip":"162.221.192.26"},"id":"21f3bd26-359d-4c5f-835b-5b96f710b633","EventProcessedUtcTime":"2023-02-28T21:58:21.1225286Z","PartitionId":0,"EventEnqueuedUtcTime":"2023-02-28T21:58:20.9820000Z","path":"D495D9BB-0F5F-4945-9B2D-F90CAD90E413/2102ac15-bf5e-456c-ab63-90cb836ed7ad/apache-server/162.221.192.26"}
{"customerid":"D495D9BB-0F5F-4945-9B2D-F90CAD90E413","honeyserverid":"2102ac15-bf5e-456c-ab63-90cb836ed7ad","logkind":"honeypot","honeypotid":"8BE585FB-2F2F-4BC6-8848-4165C1C4AA46","honeypotname":"apache-server","time":"Tue Feb 28 21:59:01 UTC 2023","parsedMessage":{"timestamp":"2023-02-28 21:58:20+00:00","message_type":"http-access","correlation_id":null,"level":"WARNING","message":"162.221.192.26 - - \"GET / HTTP/1.1\" 200 263 \"-\" \"Mozilla/5.0 (Windows NT 10.0; Win64; x64) AppleWebKit/537.36 (KHTML, like Gecko) Chrome/60.0.3112.113 Safari/537.36\"","ip":"162.221.192.26"},"id":"d19c64f0-782a-4716-b01d-5e6ee32c30ad","EventProcessedUtcTime":"2023-02-28T21:59:02.4661503Z","PartitionId":0,"EventEnqueuedUtcTime":"2023-02-28T21:59:02.2240000Z","path":"D495D9BB-0F5F-4945-9B2D-F90CAD90E413/2102ac15-bf5e-456c-ab63-90cb836ed7ad/apache-server/162.221.192.26"}