{"customerid":"D495D9BB-0F5F-4945-9B2D-F90CAD90E413","honeyserverid":"2102ac15-bf5e-456c-ab63-90cb836ed7ad","logkind":"connection","honeypotid":"8BE585FB-2F2F-4BC6-8848-4165C1C4AA46","honeypotname":"apache-server","time":"2023-02-24T06:06:35.921609","parsedMessage":{"timestamp":"2023-02-24 06:06:35.921609","message_type":null,"correlation_id":null,"level":"INFO","message":"connection-log connection from 162.221.192.26:33388 to port 80","ip":"162.221.192.26"},"id":"392cebb2-d5e8-42e0-8126-c33a3d688378","EventProcessedUtcTime":"2023-02-24T06:06:36.4298862Z","PartitionId":0,"EventEnqueuedUtcTime":"2023-02-24T06:06:36.2430000Z","path":"D495D9BB-0F5F-4945-9B2D-F90CAD90E413/2102ac15-bf5e-456c-ab63-90cb836ed7ad/apache-server/162.221.192.26"}
{"customerid":"D495D9BB-0F5F-4945-9B2D-F90CAD90E413","honeyserverid":"2102ac15-bf5e-456c-ab63-90cb836ed7ad","logkind":"honeypot","honeypotid":"8BE585FB-2F2F-4BC6-8848-4165C1C4AA46","honeypotname":"apache-server","time":"Fri Feb 24 06:07:01 UTC 2023","parsedMessage":{"timestamp":"2023-02-24 06:06:35+00:00","message_type":"http-access","correlation_id":null,"level":"WARNING","message":"162.221.192.26 - - \"GET / HTTP/1.1\" 200 263 \"-\" \"Mozilla/5.0 (Windows NT 10.0; Win64; x64) AppleWebKit/537.36 (KHTML, like Gecko) Chrome/60.0.3112.113 Safari/537.36\"","ip":"162.221.192.26"},"id":"e9ae4ca5-3593-48f2-b79b-7cef63ecdfa5","EventProcessedUtcTime":"2023-02-24T06:07:02.0237770Z","PartitionId":0,"EventEnqueuedUtcTime":"2023-02-24T06:07:01.7910000Z","path":"D495D9BB-0F5F-4945-9B2D-F90CAD90E413/2102ac15-bf5e-456c-ab63-90cb836ed7ad/apache-server/162.221.192.26"}
{"customerid":"D495D9BB-0F5F-4945-9B2D-F90CAD90E413","honeyserverid":"2102ac15-bf5e-456c-ab63-90cb836ed7ad","logkind":"honeypot","honeypotid":"8BE585FB-2F2F-4BC6-8848-4165C1C4AA46","honeypotname":"apache-server","time":"Fri Feb 24 06:07:01 UTC 2023","parsedMessage":{"timestamp":"2023-02-24 06:06:36+00:00","message_type":"http-access","correlation_id":null,"level":"WARNING","message":"162.221.192.26 - - \"GET /showLogin.cc HTTP/1.1\" 404 435 \"-\" \"Mozilla/5.0 (Windows NT 10.0; Win64; x64) AppleWebKit/537.36 (KHTML, like Gecko) Chrome/60.0.3112.113 Safari/537.36\"","ip":"162.221.192.26"},"id":"55cf1a8e-a5b7-4bbc-95a2-4a5e2dc572d0","EventProcessedUtcTime":"2023-02-24T06:07:02.2424188Z","PartitionId":0,"EventEnqueuedUtcTime":"2023-02-24T06:07:02.0570000Z","path":"D495D9BB-0F5F-4945-9B2D-F90CAD90E413/2102ac15-bf5e-456c-ab63-90cb836ed7ad/apache-server/162.221.192.26"}