{"customerid":"D495D9BB-0F5F-4945-9B2D-F90CAD90E413","honeyserverid":"2102ac15-bf5e-456c-ab63-90cb836ed7ad","logkind":"connection","honeypotid":"8BE585FB-2F2F-4BC6-8848-4165C1C4AA46","honeypotname":"apache-server","time":"2023-03-05T04:53:36.875463","parsedMessage":{"timestamp":"2023-03-05 04:53:36.875463","message_type":null,"correlation_id":null,"level":"INFO","message":"connection-log connection from 207.189.221.21:44389 to port 80","ip":"207.189.221.21"},"id":"90c9f603-7c9d-4c06-8d61-45e121d0f913","EventProcessedUtcTime":"2023-03-05T04:53:37.5173898Z","PartitionId":0,"EventEnqueuedUtcTime":"2023-03-05T04:53:37.4390000Z","path":"D495D9BB-0F5F-4945-9B2D-F90CAD90E413/2102ac15-bf5e-456c-ab63-90cb836ed7ad/apache-server/207.189.221.21"}
{"customerid":"D495D9BB-0F5F-4945-9B2D-F90CAD90E413","honeyserverid":"2102ac15-bf5e-456c-ab63-90cb836ed7ad","logkind":"honeypot","honeypotid":"8BE585FB-2F2F-4BC6-8848-4165C1C4AA46","honeypotname":"apache-server","time":"Sun Mar  5 04:54:01 UTC 2023","parsedMessage":{"timestamp":"2023-03-05 04:53:36+00:00","message_type":"http-access","correlation_id":null,"level":"WARNING","message":"207.189.221.21 - - \"GET / HTTP/1.1\" 200 263 \"-\" \"Mozilla/5.0 (Windows NT 6.1; WOW64) AppleWebKit/537.36 (KHTML, like Gecko) Chrome/51.0.2704.103 Safari/537.36\"","ip":"207.189.221.21"},"id":"874e485d-407c-4a8c-8f65-6428904a3664","EventProcessedUtcTime":"2023-03-05T04:54:02.3446189Z","PartitionId":0,"EventEnqueuedUtcTime":"2023-03-05T04:54:02.1920000Z","path":"D495D9BB-0F5F-4945-9B2D-F90CAD90E413/2102ac15-bf5e-456c-ab63-90cb836ed7ad/apache-server/207.189.221.21"}