{"customerid":"D495D9BB-0F5F-4945-9B2D-F90CAD90E413","honeyserverid":"87422976-5cd1-469f-9125-4b1f29054ed5","logkind":"connection","honeypotid":"8BE585FB-2F2F-4BC6-8848-4165C1C4AA46","honeypotname":"apache-server","time":"2023-04-01T00:40:44.362377","parsedMessage":{"timestamp":"2023-04-01 00:40:44.362377","message_type":null,"correlation_id":null,"level":"INFO","message":"connection-log connection from 172.174.147.210:56175 to port 80","ip":"172.174.147.210"},"id":"022f183c-220c-4f41-a2fb-e0e8e99299ff","EventProcessedUtcTime":"2023-04-01T00:40:44.7413929Z","PartitionId":0,"EventEnqueuedUtcTime":"2023-04-01T00:40:44.5240000Z","path":"D495D9BB-0F5F-4945-9B2D-F90CAD90E413/87422976-5cd1-469f-9125-4b1f29054ed5/apache-server/172.174.147.210"}
{"customerid":"D495D9BB-0F5F-4945-9B2D-F90CAD90E413","honeyserverid":"87422976-5cd1-469f-9125-4b1f29054ed5","logkind":"honeypot","honeypotid":"8BE585FB-2F2F-4BC6-8848-4165C1C4AA46","honeypotname":"apache-server","time":"Sat Apr  1 00:43:01 UTC 2023","parsedMessage":{"timestamp":"2023-04-01 00:42:24+00:00","message_type":"http-access","correlation_id":null,"level":"WARNING","message":"172.174.147.210 - - \"GET / HTTP/1.0\" 200 144000 \"-\" \"-\"","ip":"172.174.147.210"},"id":"ef38fb62-8e16-4049-9a74-446be64a07a6","EventProcessedUtcTime":"2023-04-01T00:43:02.2578407Z","PartitionId":0,"EventEnqueuedUtcTime":"2023-04-01T00:43:01.9060000Z","path":"D495D9BB-0F5F-4945-9B2D-F90CAD90E413/87422976-5cd1-469f-9125-4b1f29054ed5/apache-server/172.174.147.210"}