{"customerid":"D495D9BB-0F5F-4945-9B2D-F90CAD90E413","honeyserverid":"2102ac15-bf5e-456c-ab63-90cb836ed7ad","logkind":"connection","honeypotid":"8BE585FB-2F2F-4BC6-8848-4165C1C4AA46","honeypotname":"apache-server","time":"2023-02-24T16:48:33.272559","parsedMessage":{"timestamp":"2023-02-24 16:48:33.272559","message_type":null,"correlation_id":null,"level":"INFO","message":"connection-log connection from 172.105.128.12:36964 to port 80","ip":"172.105.128.12"},"id":"eea680be-7581-43f4-8abf-bec1d0be2b65","EventProcessedUtcTime":"2023-02-24T16:48:34.2660879Z","PartitionId":0,"EventEnqueuedUtcTime":"2023-02-24T16:48:34.1580000Z","path":"D495D9BB-0F5F-4945-9B2D-F90CAD90E413/2102ac15-bf5e-456c-ab63-90cb836ed7ad/apache-server/172.105.128.12"}
{"customerid":"D495D9BB-0F5F-4945-9B2D-F90CAD90E413","honeyserverid":"2102ac15-bf5e-456c-ab63-90cb836ed7ad","logkind":"honeypot","honeypotid":"8BE585FB-2F2F-4BC6-8848-4165C1C4AA46","honeypotname":"apache-server","time":"Fri Feb 24 16:49:01 UTC 2023","parsedMessage":{"timestamp":"2023-02-24 16:48:33+00:00","message_type":"http-access","correlation_id":null,"level":"WARNING","message":"172.105.128.12 - - \"\\x16\\x03\\x01\" 400 0 \"-\" \"-\"","ip":"172.105.128.12"},"id":"a3b2e371-daad-4773-bb9c-a822a23e859c","EventProcessedUtcTime":"2023-02-24T16:49:02.0626238Z","PartitionId":0,"EventEnqueuedUtcTime":"2023-02-24T16:49:01.8940000Z","path":"D495D9BB-0F5F-4945-9B2D-F90CAD90E413/2102ac15-bf5e-456c-ab63-90cb836ed7ad/apache-server/172.105.128.12"}