{"customerid":"D495D9BB-0F5F-4945-9B2D-F90CAD90E413","honeyserverid":"2102ac15-bf5e-456c-ab63-90cb836ed7ad","logkind":"connection","honeypotid":"8BE585FB-2F2F-4BC6-8848-4165C1C4AA46","honeypotname":"apache-server","time":"2023-03-07T13:00:23.528261","parsedMessage":{"timestamp":"2023-03-07 13:00:23.528261","message_type":null,"correlation_id":null,"level":"INFO","message":"connection-log connection from 172.105.128.12:61844 to port 80","ip":"172.105.128.12"},"id":"d3c1f353-2ec5-4a45-a42f-8ebe193b70aa","EventProcessedUtcTime":"2023-03-07T13:00:23.8149080Z","PartitionId":0,"EventEnqueuedUtcTime":"2023-03-07T13:00:23.6870000Z","path":"D495D9BB-0F5F-4945-9B2D-F90CAD90E413/2102ac15-bf5e-456c-ab63-90cb836ed7ad/apache-server/172.105.128.12"}
{"customerid":"D495D9BB-0F5F-4945-9B2D-F90CAD90E413","honeyserverid":"2102ac15-bf5e-456c-ab63-90cb836ed7ad","logkind":"honeypot","honeypotid":"8BE585FB-2F2F-4BC6-8848-4165C1C4AA46","honeypotname":"apache-server","time":"Tue Mar  7 13:01:01 UTC 2023","parsedMessage":{"timestamp":"2023-03-07 13:00:23+00:00","message_type":"http-access","correlation_id":null,"level":"WARNING","message":"172.105.128.12 - - \"\\x16\\x03\\x01\" 400 0 \"-\" \"-\"","ip":"172.105.128.12"},"id":"8161995d-b1aa-43cd-99b0-02e709f79167","EventProcessedUtcTime":"2023-03-07T13:01:01.7680493Z","PartitionId":0,"EventEnqueuedUtcTime":"2023-03-07T13:01:01.5510000Z","path":"D495D9BB-0F5F-4945-9B2D-F90CAD90E413/2102ac15-bf5e-456c-ab63-90cb836ed7ad/apache-server/172.105.128.12"}
{"customerid":"D495D9BB-0F5F-4945-9B2D-F90CAD90E413","honeyserverid":"2102ac15-bf5e-456c-ab63-90cb836ed7ad","logkind":"connection","honeypotid":"8BE585FB-2F2F-4BC6-8848-4165C1C4AA46","honeypotname":"apache-server","time":"2023-03-08T00:49:35.634457","parsedMessage":{"timestamp":"2023-03-08 00:49:35.634457","message_type":null,"correlation_id":null,"level":"INFO","message":"connection-log connection from 172.105.128.12:36576 to port 80","ip":"172.105.128.12"},"id":"472e28b5-d810-4dcc-9676-5c0fc8e9c39f","EventProcessedUtcTime":"2023-03-08T00:49:36.1232725Z","PartitionId":0,"EventEnqueuedUtcTime":"2023-03-08T00:49:35.9250000Z","path":"D495D9BB-0F5F-4945-9B2D-F90CAD90E413/2102ac15-bf5e-456c-ab63-90cb836ed7ad/apache-server/172.105.128.12"}