{"customerid":"D495D9BB-0F5F-4945-9B2D-F90CAD90E413","honeyserverid":"2102ac15-bf5e-456c-ab63-90cb836ed7ad","logkind":"connection","honeypotid":"8BE585FB-2F2F-4BC6-8848-4165C1C4AA46","honeypotname":"apache-server","time":"2023-02-28T12:13:42.433442","parsedMessage":{"timestamp":"2023-02-28 12:13:42.433442","message_type":null,"correlation_id":null,"level":"INFO","message":"connection-log connection from 128.14.133.58:48218 to port 80","ip":"128.14.133.58"},"id":"607e22f9-e3cc-4c1e-8a0b-4e08a7e269cb","EventProcessedUtcTime":"2023-02-28T12:13:43.0236768Z","PartitionId":0,"EventEnqueuedUtcTime":"2023-02-28T12:13:42.9420000Z","path":"D495D9BB-0F5F-4945-9B2D-F90CAD90E413/2102ac15-bf5e-456c-ab63-90cb836ed7ad/apache-server/128.14.133.58"}
{"customerid":"D495D9BB-0F5F-4945-9B2D-F90CAD90E413","honeyserverid":"2102ac15-bf5e-456c-ab63-90cb836ed7ad","logkind":"honeypot","honeypotid":"8BE585FB-2F2F-4BC6-8848-4165C1C4AA46","honeypotname":"apache-server","time":"Tue Feb 28 12:14:01 UTC 2023","parsedMessage":{"timestamp":"2023-02-28 12:13:42+00:00","message_type":"http-access","correlation_id":null,"level":"WARNING","message":"128.14.133.58 - - \"GET / HTTP/1.1\" 200 263 \"-\" \"Mozilla/5.0 (Windows NT 10.0; Win64; x64) AppleWebKit/537.36 (KHTML, like Gecko) Chrome/60.0.3112.113 Safari/537.36\"","ip":"128.14.133.58"},"id":"b16bd8d1-ae1a-4269-93db-621de0d5da8e","EventProcessedUtcTime":"2023-02-28T12:14:01.7248903Z","PartitionId":0,"EventEnqueuedUtcTime":"2023-02-28T12:14:01.5840000Z","path":"D495D9BB-0F5F-4945-9B2D-F90CAD90E413/2102ac15-bf5e-456c-ab63-90cb836ed7ad/apache-server/128.14.133.58"}