{"customerid":"D495D9BB-0F5F-4945-9B2D-F90CAD90E413","honeyserverid":"87422976-5cd1-469f-9125-4b1f29054ed5","logkind":"connection","honeypotid":"8BE585FB-2F2F-4BC6-8848-4165C1C4AA46","honeypotname":"apache-server","time":"2023-03-31T19:29:49.617198","parsedMessage":{"timestamp":"2023-03-31 19:29:49.617198","message_type":null,"correlation_id":null,"level":"INFO","message":"connection-log connection from 205.210.31.39:61368 to port 80","ip":"205.210.31.39"},"id":"7389dd92-fea4-4142-abdf-15c717dfc153","EventProcessedUtcTime":"2023-03-31T19:29:50.1021359Z","PartitionId":0,"EventEnqueuedUtcTime":"2023-03-31T19:29:49.8700000Z","path":"D495D9BB-0F5F-4945-9B2D-F90CAD90E413/87422976-5cd1-469f-9125-4b1f29054ed5/apache-server/205.210.31.39"}
{"customerid":"D495D9BB-0F5F-4945-9B2D-F90CAD90E413","honeyserverid":"87422976-5cd1-469f-9125-4b1f29054ed5","logkind":"honeypot","honeypotid":"8BE585FB-2F2F-4BC6-8848-4165C1C4AA46","honeypotname":"apache-server","time":"Fri Mar 31 19:30:01 UTC 2023","parsedMessage":{"timestamp":"2023-03-31 19:29:49+00:00","message_type":"http-access","correlation_id":null,"level":"WARNING","message":"205.210.31.39 - - \"GET / HTTP/1.1\" 200 165895 \"-\" \"Expanse, a Palo Alto Networks company, searches across the global IPv4 space multiple times per day to identify customers&#39; presences on the Internet. If you would like to be excluded from our scans, please send IP addresses/domains to: scaninfo@paloaltonetworks.com\"","ip":"205.210.31.39"},"id":"dd624066-e900-4cac-ae05-e1f5bd0517f0","EventProcessedUtcTime":"2023-03-31T19:30:04.1033271Z","PartitionId":0,"EventEnqueuedUtcTime":"2023-03-31T19:30:04.0270000Z","path":"D495D9BB-0F5F-4945-9B2D-F90CAD90E413/87422976-5cd1-469f-9125-4b1f29054ed5/apache-server/205.210.31.39"}