{"customerid":"D495D9BB-0F5F-4945-9B2D-F90CAD90E413","honeyserverid":"2102ac15-bf5e-456c-ab63-90cb836ed7ad","logkind":"connection","honeypotid":"8BE585FB-2F2F-4BC6-8848-4165C1C4AA46","honeypotname":"apache-server","time":"2023-03-08T01:18:48.924276","parsedMessage":{"timestamp":"2023-03-08 01:18:48.924276","message_type":null,"correlation_id":null,"level":"INFO","message":"connection-log connection from 20.64.227.80:52187 to port 80","ip":"20.64.227.80"},"id":"a9a9b3d0-adc8-488b-8da2-fd8489267bec","EventProcessedUtcTime":"2023-03-08T01:18:49.3014572Z","PartitionId":0,"EventEnqueuedUtcTime":"2023-03-08T01:18:49.1590000Z","path":"D495D9BB-0F5F-4945-9B2D-F90CAD90E413/2102ac15-bf5e-456c-ab63-90cb836ed7ad/apache-server/20.64.227.80"}
{"customerid":"D495D9BB-0F5F-4945-9B2D-F90CAD90E413","honeyserverid":"2102ac15-bf5e-456c-ab63-90cb836ed7ad","logkind":"honeypot","honeypotid":"8BE585FB-2F2F-4BC6-8848-4165C1C4AA46","honeypotname":"apache-server","time":"Wed Mar  8 01:20:01 UTC 2023","parsedMessage":{"timestamp":"2023-03-08 01:19:54+00:00","message_type":"http-access","correlation_id":null,"level":"WARNING","message":"20.64.227.80 - - \"GET / HTTP/1.0\" 200 282 \"-\" \"-\"","ip":"20.64.227.80"},"id":"e28c7cd3-0c2d-4531-ac73-43b3f79f35fe","EventProcessedUtcTime":"2023-03-08T01:20:03.8171333Z","PartitionId":0,"EventEnqueuedUtcTime":"2023-03-08T01:20:03.6490000Z","path":"D495D9BB-0F5F-4945-9B2D-F90CAD90E413/2102ac15-bf5e-456c-ab63-90cb836ed7ad/apache-server/20.64.227.80"}