{"customerid":"D495D9BB-0F5F-4945-9B2D-F90CAD90E413","honeyserverid":"2102ac15-bf5e-456c-ab63-90cb836ed7ad","logkind":"honeypot","honeypotid":"8BE585FB-2F2F-4BC6-8848-4165C1C4AA46","honeypotname":"apache-server","time":"Tue Mar  7 07:17:01 UTC 2023","parsedMessage":{"timestamp":"2023-03-07 07:16:16+00:00","message_type":"http-access","correlation_id":null,"level":"WARNING","message":"107.189.1.81 - - \"GET / HTTP/1.1\" 200 263 \"-\" \"Mozilla/5.0 zgrab/0.x\"","ip":"107.189.1.81"},"id":"8ce4e9c9-c34e-42e3-b35f-b83aeb058f71","EventProcessedUtcTime":"2023-03-07T07:17:02.2706253Z","PartitionId":0,"EventEnqueuedUtcTime":"2023-03-07T07:17:02.1250000Z","path":"D495D9BB-0F5F-4945-9B2D-F90CAD90E413/2102ac15-bf5e-456c-ab63-90cb836ed7ad/apache-server/107.189.1.81"}