{"customerid":"D495D9BB-0F5F-4945-9B2D-F90CAD90E413","honeyserverid":"2102ac15-bf5e-456c-ab63-90cb836ed7ad","logkind":"honeypot","honeypotid":"8BE585FB-2F2F-4BC6-8848-4165C1C4AA46","honeypotname":"apache-server","time":"Mon Feb 27 07:53:02 UTC 2023","parsedMessage":{"timestamp":"2023-02-27 07:52:49+00:00","message_type":"http-access","correlation_id":null,"level":"WARNING","message":"154.89.5.81 - - \"GET / HTTP/1.1\" 200 263 \"-\" \"-\"","ip":"154.89.5.81"},"id":"20a68829-961d-4f74-9675-befd55878f6a","EventProcessedUtcTime":"2023-02-27T07:53:02.3748093Z","PartitionId":0,"EventEnqueuedUtcTime":"2023-02-27T07:53:02.3220000Z","path":"D495D9BB-0F5F-4945-9B2D-F90CAD90E413/2102ac15-bf5e-456c-ab63-90cb836ed7ad/apache-server/154.89.5.81"}