{"customerid":"D495D9BB-0F5F-4945-9B2D-F90CAD90E413","honeyserverid":"2102ac15-bf5e-456c-ab63-90cb836ed7ad","logkind":"connection","honeypotid":"8BE585FB-2F2F-4BC6-8848-4165C1C4AA46","honeypotname":"apache-server","time":"2023-02-28T00:38:53.704543","parsedMessage":{"timestamp":"2023-02-28 00:38:53.704543","message_type":null,"correlation_id":null,"level":"INFO","message":"connection-log connection from 205.210.31.142:54486 to port 80","ip":"205.210.31.142"},"id":"734e7c71-babc-4108-acf4-3666e55993f6","EventProcessedUtcTime":"2023-02-28T00:38:54.1772654Z","PartitionId":0,"EventEnqueuedUtcTime":"2023-02-28T00:38:53.9700000Z","path":"D495D9BB-0F5F-4945-9B2D-F90CAD90E413/2102ac15-bf5e-456c-ab63-90cb836ed7ad/apache-server/205.210.31.142"}
{"customerid":"D495D9BB-0F5F-4945-9B2D-F90CAD90E413","honeyserverid":"2102ac15-bf5e-456c-ab63-90cb836ed7ad","logkind":"honeypot","honeypotid":"8BE585FB-2F2F-4BC6-8848-4165C1C4AA46","honeypotname":"apache-server","time":"Tue Feb 28 00:39:01 UTC 2023","parsedMessage":{"timestamp":"2023-02-28 00:38:55+00:00","message_type":"http-access","correlation_id":null,"level":"WARNING","message":"205.210.31.142 - - \"GET / HTTP/1.0\" 200 282 \"-\" \"Expanse, a Palo Alto Networks company, searches across the global IPv4 space multiple times per day to identify customers&#39; presences on the Internet. If you would like to be excluded from our scans, please send IP addresses/domains to: scaninfo@paloaltonetworks.com\"","ip":"205.210.31.142"},"id":"b16345c7-7451-4ee7-9cd8-da2a2fbe99a6","EventProcessedUtcTime":"2023-02-28T00:39:02.1616652Z","PartitionId":0,"EventEnqueuedUtcTime":"2023-02-28T00:39:02.0330000Z","path":"D495D9BB-0F5F-4945-9B2D-F90CAD90E413/2102ac15-bf5e-456c-ab63-90cb836ed7ad/apache-server/205.210.31.142"}