{"customerid":"D495D9BB-0F5F-4945-9B2D-F90CAD90E413","honeyserverid":"2102ac15-bf5e-456c-ab63-90cb836ed7ad","logkind":"connection","honeypotid":"8BE585FB-2F2F-4BC6-8848-4165C1C4AA46","honeypotname":"apache-server","time":"2023-03-09T00:06:22.833249","parsedMessage":{"timestamp":"2023-03-09 00:06:22.833249","message_type":null,"correlation_id":null,"level":"INFO","message":"connection-log connection from 18.220.13.159:46908 to port 80","ip":"18.220.13.159"},"id":"54669ddd-ce4b-491e-bc0e-3a089ae77e32","EventProcessedUtcTime":"2023-03-09T00:06:23.2452126Z","PartitionId":0,"EventEnqueuedUtcTime":"2023-03-09T00:06:23.0920000Z","path":"D495D9BB-0F5F-4945-9B2D-F90CAD90E413/2102ac15-bf5e-456c-ab63-90cb836ed7ad/apache-server/18.220.13.159"}
{"customerid":"D495D9BB-0F5F-4945-9B2D-F90CAD90E413","honeyserverid":"2102ac15-bf5e-456c-ab63-90cb836ed7ad","logkind":"honeypot","honeypotid":"8BE585FB-2F2F-4BC6-8848-4165C1C4AA46","honeypotname":"apache-server","time":"Thu Mar  9 00:07:02 UTC 2023","parsedMessage":{"timestamp":"2023-03-09 00:06:22+00:00","message_type":"http-access","correlation_id":null,"level":"WARNING","message":"18.220.13.159 - - \"GET /.env HTTP/1.1\" 404 454 \"-\" \"Mozilla/5.0 (Windows NT 6.1; WOW64) AppleWebKit/537.36 (KHTML, like Gecko) Brave Chrome/89.0.4389.105 Safari/537.36\"","ip":"18.220.13.159"},"id":"c723791c-6832-49d3-b207-17e784a9a71c","EventProcessedUtcTime":"2023-03-09T00:07:02.5106807Z","PartitionId":0,"EventEnqueuedUtcTime":"2023-03-09T00:07:02.3330000Z","path":"D495D9BB-0F5F-4945-9B2D-F90CAD90E413/2102ac15-bf5e-456c-ab63-90cb836ed7ad/apache-server/18.220.13.159"}