{"customerid":"D495D9BB-0F5F-4945-9B2D-F90CAD90E413","honeyserverid":"87422976-5cd1-469f-9125-4b1f29054ed5","logkind":"honeypot","honeypotid":"8BE585FB-2F2F-4BC6-8848-4165C1C4AA46","honeypotname":"apache-server","time":"Sat Apr  1 09:03:01 UTC 2023","parsedMessage":{"timestamp":"2023-04-01 09:02:24+00:00","message_type":"http-access","correlation_id":null,"level":"WARNING","message":"193.35.18.225 - - \"GET / HTTP/1.1\" 200 17796 \"http://51.11.166.181:80/left.html\" \"Mozilla/5.0 (X11; Ubuntu; Linux x86_64; rv:77.0) Gecko/20100101 Firefox/77.0\"","ip":"193.35.18.225"},"id":"bb1a54d1-2c9a-4bfd-b4d6-fc55d986e00d","EventProcessedUtcTime":"2023-04-01T09:03:01.6902580Z","PartitionId":0,"EventEnqueuedUtcTime":"2023-04-01T09:03:01.5190000Z","path":"D495D9BB-0F5F-4945-9B2D-F90CAD90E413/87422976-5cd1-469f-9125-4b1f29054ed5/apache-server/193.35.18.225"}