{"customerid":"D495D9BB-0F5F-4945-9B2D-F90CAD90E413","honeyserverid":"2102ac15-bf5e-456c-ab63-90cb836ed7ad","logkind":"connection","honeypotid":"8BE585FB-2F2F-4BC6-8848-4165C1C4AA46","honeypotname":"apache-server","time":"2023-03-06T18:26:22.641875","parsedMessage":{"timestamp":"2023-03-06 18:26:22.641875","message_type":null,"correlation_id":null,"level":"INFO","message":"connection-log connection from 205.210.31.158:60686 to port 80","ip":"205.210.31.158"},"id":"e61f0a2f-bf4a-429f-82b2-dcad69fbb01f","EventProcessedUtcTime":"2023-03-06T18:26:23.0894063Z","PartitionId":0,"EventEnqueuedUtcTime":"2023-03-06T18:26:22.9870000Z","path":"D495D9BB-0F5F-4945-9B2D-F90CAD90E413/2102ac15-bf5e-456c-ab63-90cb836ed7ad/apache-server/205.210.31.158"}
{"customerid":"D495D9BB-0F5F-4945-9B2D-F90CAD90E413","honeyserverid":"2102ac15-bf5e-456c-ab63-90cb836ed7ad","logkind":"honeypot","honeypotid":"8BE585FB-2F2F-4BC6-8848-4165C1C4AA46","honeypotname":"apache-server","time":"Mon Mar  6 18:27:01 UTC 2023","parsedMessage":{"timestamp":"2023-03-06 18:26:22+00:00","message_type":"http-access","correlation_id":null,"level":"WARNING","message":"205.210.31.158 - - \"\\x16\\x03\\x01\" 400 0 \"-\" \"-\"","ip":"205.210.31.158"},"id":"95fabf4b-5cfb-4bef-b46e-65f3551ce777","EventProcessedUtcTime":"2023-03-06T18:27:01.6987989Z","PartitionId":0,"EventEnqueuedUtcTime":"2023-03-06T18:27:01.5860000Z","path":"D495D9BB-0F5F-4945-9B2D-F90CAD90E413/2102ac15-bf5e-456c-ab63-90cb836ed7ad/apache-server/205.210.31.158"}