{"customerid":"D495D9BB-0F5F-4945-9B2D-F90CAD90E413","honeyserverid":"2102ac15-bf5e-456c-ab63-90cb836ed7ad","logkind":"honeypot","honeypotid":"8BE585FB-2F2F-4BC6-8848-4165C1C4AA46","honeypotname":"apache-server","time":"Tue Feb 28 00:31:01 UTC 2023","parsedMessage":{"timestamp":"2023-02-28 00:30:24+00:00","message_type":"http-access","correlation_id":null,"level":"WARNING","message":"185.186.240.173 - - \"GET / HTTP/1.1\" 200 263 \"-\" \"Mozilla/5.0 (Windows NT 10.0; WOW64) AppleWebKit/537.36 (KHTML, like Gecko) Chrome/52.0.2743.116 Safari/537.36\"","ip":"185.186.240.173"},"id":"ef78a3d3-2e26-4574-90bf-27462e414600","EventProcessedUtcTime":"2023-02-28T00:31:02.0397333Z","PartitionId":0,"EventEnqueuedUtcTime":"2023-02-28T00:31:01.8100000Z","path":"D495D9BB-0F5F-4945-9B2D-F90CAD90E413/2102ac15-bf5e-456c-ab63-90cb836ed7ad/apache-server/185.186.240.173"}