{"customerid":"D495D9BB-0F5F-4945-9B2D-F90CAD90E413","honeyserverid":"2102ac15-bf5e-456c-ab63-90cb836ed7ad","logkind":"connection","honeypotid":"8BE585FB-2F2F-4BC6-8848-4165C1C4AA46","honeypotname":"apache-server","time":"2023-02-27T06:52:49.573683","parsedMessage":{"timestamp":"2023-02-27 06:52:49.573683","message_type":null,"correlation_id":null,"level":"INFO","message":"connection-log connection from 107.170.255.29:59328 to port 80","ip":"107.170.255.29"},"id":"960be8ab-38c7-484d-8ae6-5a1a3acbb7c6","EventProcessedUtcTime":"2023-02-27T06:52:50.0069976Z","PartitionId":0,"EventEnqueuedUtcTime":"2023-02-27T06:52:49.8730000Z","path":"D495D9BB-0F5F-4945-9B2D-F90CAD90E413/2102ac15-bf5e-456c-ab63-90cb836ed7ad/apache-server/107.170.255.29"}
{"customerid":"D495D9BB-0F5F-4945-9B2D-F90CAD90E413","honeyserverid":"2102ac15-bf5e-456c-ab63-90cb836ed7ad","logkind":"honeypot","honeypotid":"8BE585FB-2F2F-4BC6-8848-4165C1C4AA46","honeypotname":"apache-server","time":"Mon Feb 27 06:55:02 UTC 2023","parsedMessage":{"timestamp":"2023-02-27 06:54:52+00:00","message_type":"http-access","correlation_id":null,"level":"WARNING","message":"107.170.255.29 - - \"GET / HTTP/1.1\" 200 263 \"-\" \"Mozilla/5.0 zgrab/0.x\"","ip":"107.170.255.29"},"id":"30f84403-7eb0-48d2-a55a-702276fbf62e","EventProcessedUtcTime":"2023-02-27T06:55:02.4909144Z","PartitionId":0,"EventEnqueuedUtcTime":"2023-02-27T06:55:02.2660000Z","path":"D495D9BB-0F5F-4945-9B2D-F90CAD90E413/2102ac15-bf5e-456c-ab63-90cb836ed7ad/apache-server/107.170.255.29"}