{"customerid":"D495D9BB-0F5F-4945-9B2D-F90CAD90E413","honeyserverid":"2102ac15-bf5e-456c-ab63-90cb836ed7ad","logkind":"connection","honeypotid":"8BE585FB-2F2F-4BC6-8848-4165C1C4AA46","honeypotname":"apache-server","time":"2023-03-09T02:50:19.475504","parsedMessage":{"timestamp":"2023-03-09 02:50:19.475504","message_type":null,"correlation_id":null,"level":"INFO","message":"connection-log connection from 172.105.128.13:59712 to port 80","ip":"172.105.128.13"},"id":"550c0145-0993-4342-81dc-2b774a48432b","EventProcessedUtcTime":"2023-03-09T02:50:19.9208941Z","PartitionId":0,"EventEnqueuedUtcTime":"2023-03-09T02:50:19.7750000Z","path":"D495D9BB-0F5F-4945-9B2D-F90CAD90E413/2102ac15-bf5e-456c-ab63-90cb836ed7ad/apache-server/172.105.128.13"}
{"customerid":"D495D9BB-0F5F-4945-9B2D-F90CAD90E413","honeyserverid":"2102ac15-bf5e-456c-ab63-90cb836ed7ad","logkind":"honeypot","honeypotid":"8BE585FB-2F2F-4BC6-8848-4165C1C4AA46","honeypotname":"apache-server","time":"Thu Mar  9 02:51:01 UTC 2023","parsedMessage":{"timestamp":"2023-03-09 02:50:19+00:00","message_type":"http-access","correlation_id":null,"level":"WARNING","message":"172.105.128.13 - - \"\\x16\\x03\\x01\" 400 0 \"-\" \"-\"","ip":"172.105.128.13"},"id":"da516f66-9997-4f60-bdf2-4f43bb4d2d75","EventProcessedUtcTime":"2023-03-09T02:51:01.8120179Z","PartitionId":0,"EventEnqueuedUtcTime":"2023-03-09T02:51:01.7320000Z","path":"D495D9BB-0F5F-4945-9B2D-F90CAD90E413/2102ac15-bf5e-456c-ab63-90cb836ed7ad/apache-server/172.105.128.13"}