{"customerid":"D495D9BB-0F5F-4945-9B2D-F90CAD90E413","honeyserverid":"2102ac15-bf5e-456c-ab63-90cb836ed7ad","logkind":"connection","honeypotid":"8BE585FB-2F2F-4BC6-8848-4165C1C4AA46","honeypotname":"apache-server","time":"2023-03-09T13:07:33.729680","parsedMessage":{"timestamp":"2023-03-09 13:07:33.729680","message_type":null,"correlation_id":null,"level":"INFO","message":"connection-log connection from 172.105.128.13:40226 to port 80","ip":"172.105.128.13"},"id":"18e3d87a-b2ee-464f-b4a0-e78f01c9e9f6","EventProcessedUtcTime":"2023-03-09T13:07:34.2391728Z","PartitionId":0,"EventEnqueuedUtcTime":"2023-03-09T13:07:34.0500000Z","path":"D495D9BB-0F5F-4945-9B2D-F90CAD90E413/2102ac15-bf5e-456c-ab63-90cb836ed7ad/apache-server/172.105.128.13"}
{"customerid":"D495D9BB-0F5F-4945-9B2D-F90CAD90E413","honeyserverid":"2102ac15-bf5e-456c-ab63-90cb836ed7ad","logkind":"honeypot","honeypotid":"8BE585FB-2F2F-4BC6-8848-4165C1C4AA46","honeypotname":"apache-server","time":"Thu Mar  9 13:08:02 UTC 2023","parsedMessage":{"timestamp":"2023-03-09 13:07:32+00:00","message_type":"http-access","correlation_id":null,"level":"WARNING","message":"172.105.128.13 - - \"\\x16\\x03\\x01\" 400 0 \"-\" \"-\"","ip":"172.105.128.13"},"id":"bc76889c-84ea-4fe1-8085-741bfb23d6ea","EventProcessedUtcTime":"2023-03-09T13:08:02.8969524Z","PartitionId":0,"EventEnqueuedUtcTime":"2023-03-09T13:08:02.7710000Z","path":"D495D9BB-0F5F-4945-9B2D-F90CAD90E413/2102ac15-bf5e-456c-ab63-90cb836ed7ad/apache-server/172.105.128.13"}