{"customerid":"D495D9BB-0F5F-4945-9B2D-F90CAD90E413","honeyserverid":"87422976-5cd1-469f-9125-4b1f29054ed5","logkind":"connection","honeypotid":"8BE585FB-2F2F-4BC6-8848-4165C1C4AA46","honeypotname":"apache-server","time":"2023-04-02T06:56:17.480320","parsedMessage":{"timestamp":"2023-04-02 06:56:17.480320","message_type":null,"correlation_id":null,"level":"INFO","message":"connection-log connection from 172.105.128.13:22220 to port 80","ip":"172.105.128.13"},"id":"68a1e626-c58d-4f80-ae08-374c045f01be","EventProcessedUtcTime":"2023-04-02T06:56:17.8974029Z","PartitionId":0,"EventEnqueuedUtcTime":"2023-04-02T06:56:17.6890000Z","path":"D495D9BB-0F5F-4945-9B2D-F90CAD90E413/87422976-5cd1-469f-9125-4b1f29054ed5/apache-server/172.105.128.13"}
{"customerid":"D495D9BB-0F5F-4945-9B2D-F90CAD90E413","honeyserverid":"87422976-5cd1-469f-9125-4b1f29054ed5","logkind":"honeypot","honeypotid":"8BE585FB-2F2F-4BC6-8848-4165C1C4AA46","honeypotname":"apache-server","time":"Sun Apr  2 06:57:01 UTC 2023","parsedMessage":{"timestamp":"2023-04-02 06:56:17+00:00","message_type":"http-access","correlation_id":null,"level":"WARNING","message":"172.105.128.13 - - \"\\x16\\x03\\x01\" 400 0 \"-\" \"-\"","ip":"172.105.128.13"},"id":"9d53dda7-93e8-4415-b07e-4ba0c8cbf4c3","EventProcessedUtcTime":"2023-04-02T06:57:01.8672272Z","PartitionId":0,"EventEnqueuedUtcTime":"2023-04-02T06:57:01.7990000Z","path":"D495D9BB-0F5F-4945-9B2D-F90CAD90E413/87422976-5cd1-469f-9125-4b1f29054ed5/apache-server/172.105.128.13"}