{"customerid":"D495D9BB-0F5F-4945-9B2D-F90CAD90E413","honeyserverid":"2102ac15-bf5e-456c-ab63-90cb836ed7ad","logkind":"connection","honeypotid":"8BE585FB-2F2F-4BC6-8848-4165C1C4AA46","honeypotname":"apache-server","time":"2023-02-28T21:51:07.753763","parsedMessage":{"timestamp":"2023-02-28 21:51:07.753763","message_type":null,"correlation_id":null,"level":"INFO","message":"connection-log connection from 198.235.24.134:62078 to port 80","ip":"198.235.24.134"},"id":"949d80f7-c5f3-4bf4-a104-230fc1cebe49","EventProcessedUtcTime":"2023-02-28T21:51:08.2935800Z","PartitionId":0,"EventEnqueuedUtcTime":"2023-02-28T21:51:08.0610000Z","path":"D495D9BB-0F5F-4945-9B2D-F90CAD90E413/2102ac15-bf5e-456c-ab63-90cb836ed7ad/apache-server/198.235.24.134"}
{"customerid":"D495D9BB-0F5F-4945-9B2D-F90CAD90E413","honeyserverid":"2102ac15-bf5e-456c-ab63-90cb836ed7ad","logkind":"honeypot","honeypotid":"8BE585FB-2F2F-4BC6-8848-4165C1C4AA46","honeypotname":"apache-server","time":"Tue Feb 28 21:52:01 UTC 2023","parsedMessage":{"timestamp":"2023-02-28 21:51:07+00:00","message_type":"http-access","correlation_id":null,"level":"WARNING","message":"198.235.24.134 - - \"\\x16\\x03\\x01\" 400 0 \"-\" \"-\"","ip":"198.235.24.134"},"id":"c9e0941d-f05d-440b-9ca8-55ace47155db","EventProcessedUtcTime":"2023-02-28T21:52:02.3242580Z","PartitionId":0,"EventEnqueuedUtcTime":"2023-02-28T21:52:02.1620000Z","path":"D495D9BB-0F5F-4945-9B2D-F90CAD90E413/2102ac15-bf5e-456c-ab63-90cb836ed7ad/apache-server/198.235.24.134"}