{"customerid":"D495D9BB-0F5F-4945-9B2D-F90CAD90E413","honeyserverid":"2102ac15-bf5e-456c-ab63-90cb836ed7ad","logkind":"connection","honeypotid":"8BE585FB-2F2F-4BC6-8848-4165C1C4AA46","honeypotname":"apache-server","time":"2023-03-03T07:37:49.853535","parsedMessage":{"timestamp":"2023-03-03 07:37:49.853535","message_type":null,"correlation_id":null,"level":"INFO","message":"connection-log connection from 112.169.159.131:57605 to port 80","ip":"112.169.159.131"},"id":"cfceeed1-3714-4ca3-9394-e9aab37703c5","EventProcessedUtcTime":"2023-03-03T07:37:50.3994517Z","PartitionId":0,"EventEnqueuedUtcTime":"2023-03-03T07:37:50.1630000Z","path":"D495D9BB-0F5F-4945-9B2D-F90CAD90E413/2102ac15-bf5e-456c-ab63-90cb836ed7ad/apache-server/112.169.159.131"}