{"customerid":"D495D9BB-0F5F-4945-9B2D-F90CAD90E413","honeyserverid":"2102ac15-bf5e-456c-ab63-90cb836ed7ad","logkind":"connection","honeypotid":"8BE585FB-2F2F-4BC6-8848-4165C1C4AA46","honeypotname":"apache-server","time":"2023-03-02T17:49:35.550225","parsedMessage":{"timestamp":"2023-03-02 17:49:35.550225","message_type":null,"correlation_id":null,"level":"INFO","message":"connection-log connection from 162.142.125.213:43528 to port 80","ip":"162.142.125.213"},"id":"1e42df14-f595-41b2-88ee-ace6fb085c38","EventProcessedUtcTime":"2023-03-02T17:49:36.0702699Z","PartitionId":0,"EventEnqueuedUtcTime":"2023-03-02T17:49:35.8260000Z","path":"D495D9BB-0F5F-4945-9B2D-F90CAD90E413/2102ac15-bf5e-456c-ab63-90cb836ed7ad/apache-server/162.142.125.213"}
{"customerid":"D495D9BB-0F5F-4945-9B2D-F90CAD90E413","honeyserverid":"2102ac15-bf5e-456c-ab63-90cb836ed7ad","logkind":"honeypot","honeypotid":"8BE585FB-2F2F-4BC6-8848-4165C1C4AA46","honeypotname":"apache-server","time":"Thu Mar  2 17:50:04 UTC 2023","parsedMessage":{"timestamp":"2023-03-02 17:49:37+00:00","message_type":"http-access","correlation_id":null,"level":"WARNING","message":"162.142.125.213 - - \"GET / HTTP/1.1\" 200 263 \"-\" \"Mozilla/5.0 (compatible; CensysInspect/1.1; +https://about.censys.io/)\"","ip":"162.142.125.213"},"id":"31607dee-1c73-48bf-b178-c38b315913fd","EventProcessedUtcTime":"2023-03-02T17:50:05.6014208Z","PartitionId":0,"EventEnqueuedUtcTime":"2023-03-02T17:50:05.4690000Z","path":"D495D9BB-0F5F-4945-9B2D-F90CAD90E413/2102ac15-bf5e-456c-ab63-90cb836ed7ad/apache-server/162.142.125.213"}