{"customerid":"D495D9BB-0F5F-4945-9B2D-F90CAD90E413","honeyserverid":"2102ac15-bf5e-456c-ab63-90cb836ed7ad","logkind":"connection","honeypotid":"8BE585FB-2F2F-4BC6-8848-4165C1C4AA46","honeypotname":"apache-server","time":"2023-02-28T23:34:07.725543","parsedMessage":{"timestamp":"2023-02-28 23:34:07.725543","message_type":null,"correlation_id":null,"level":"INFO","message":"connection-log connection from 107.170.237.13:37556 to port 80","ip":"107.170.237.13"},"id":"1fce6f2c-6fae-423f-a4b9-8743faaeef59","EventProcessedUtcTime":"2023-02-28T23:34:08.0608033Z","PartitionId":0,"EventEnqueuedUtcTime":"2023-02-28T23:34:07.9540000Z","path":"D495D9BB-0F5F-4945-9B2D-F90CAD90E413/2102ac15-bf5e-456c-ab63-90cb836ed7ad/apache-server/107.170.237.13"}
{"customerid":"D495D9BB-0F5F-4945-9B2D-F90CAD90E413","honeyserverid":"2102ac15-bf5e-456c-ab63-90cb836ed7ad","logkind":"honeypot","honeypotid":"8BE585FB-2F2F-4BC6-8848-4165C1C4AA46","honeypotname":"apache-server","time":"Tue Feb 28 23:38:01 UTC 2023","parsedMessage":{"timestamp":"2023-02-28 23:37:08+00:00","message_type":"http-access","correlation_id":null,"level":"WARNING","message":"107.170.237.13 - - \"MGLNDD_51.11.162.74_80\\n\" 400 0 \"-\" \"-\"","ip":"107.170.237.13"},"id":"1e602c2f-b657-4c6a-8588-0a404d1fe263","EventProcessedUtcTime":"2023-02-28T23:38:01.8252784Z","PartitionId":0,"EventEnqueuedUtcTime":"2023-02-28T23:38:01.7250000Z","path":"D495D9BB-0F5F-4945-9B2D-F90CAD90E413/2102ac15-bf5e-456c-ab63-90cb836ed7ad/apache-server/107.170.237.13"}