{"customerid":"D495D9BB-0F5F-4945-9B2D-F90CAD90E413","honeyserverid":"2102ac15-bf5e-456c-ab63-90cb836ed7ad","logkind":"connection","honeypotid":"8BE585FB-2F2F-4BC6-8848-4165C1C4AA46","honeypotname":"apache-server","time":"2023-03-03T13:12:08.082515","parsedMessage":{"timestamp":"2023-03-03 13:12:08.082515","message_type":null,"correlation_id":null,"level":"INFO","message":"connection-log connection from 188.165.87.101:42715 to port 80","ip":"188.165.87.101"},"id":"ca95f146-d843-4cc0-81d9-bca81cf73d65","EventProcessedUtcTime":"2023-03-03T13:12:08.4959829Z","PartitionId":0,"EventEnqueuedUtcTime":"2023-03-03T13:12:08.3290000Z","path":"D495D9BB-0F5F-4945-9B2D-F90CAD90E413/2102ac15-bf5e-456c-ab63-90cb836ed7ad/apache-server/188.165.87.101"}
{"customerid":"D495D9BB-0F5F-4945-9B2D-F90CAD90E413","honeyserverid":"2102ac15-bf5e-456c-ab63-90cb836ed7ad","logkind":"honeypot","honeypotid":"8BE585FB-2F2F-4BC6-8848-4165C1C4AA46","honeypotname":"apache-server","time":"Fri Mar  3 13:13:01 UTC 2023","parsedMessage":{"timestamp":"2023-03-03 13:12:07+00:00","message_type":"http-access","correlation_id":null,"level":"WARNING","message":"188.165.87.101 - - \"GET /favicon.ico HTTP/1.1\" 404 454 \"-\" \"Mozilla/5.0 (X11; Ubuntu; Linux x86_64; rv:58.0) Gecko/20100101 Firefox/58.0\"","ip":"188.165.87.101"},"id":"168c5426-97b0-462a-a14d-a6e2e6bcde53","EventProcessedUtcTime":"2023-03-03T13:13:02.1993461Z","PartitionId":0,"EventEnqueuedUtcTime":"2023-03-03T13:13:02.0680000Z","path":"D495D9BB-0F5F-4945-9B2D-F90CAD90E413/2102ac15-bf5e-456c-ab63-90cb836ed7ad/apache-server/188.165.87.101"}