{"customerid":"D495D9BB-0F5F-4945-9B2D-F90CAD90E413","honeyserverid":"2102ac15-bf5e-456c-ab63-90cb836ed7ad","logkind":"connection","honeypotid":"8BE585FB-2F2F-4BC6-8848-4165C1C4AA46","honeypotname":"apache-server","time":"2023-02-23T23:28:42.142690","parsedMessage":{"timestamp":"2023-02-23 23:28:42.142690","message_type":null,"correlation_id":null,"level":"INFO","message":"connection-log connection from 20.203.179.132:54341 to port 80","ip":"20.203.179.132"},"id":"f2cda56a-83a2-4b4b-91de-0b1ea9a70084","EventProcessedUtcTime":"2023-02-23T23:28:42.5198160Z","PartitionId":0,"EventEnqueuedUtcTime":"2023-02-23T23:28:42.3330000Z","path":"D495D9BB-0F5F-4945-9B2D-F90CAD90E413/2102ac15-bf5e-456c-ab63-90cb836ed7ad/apache-server/20.203.179.132"}