{"customerid":"D495D9BB-0F5F-4945-9B2D-F90CAD90E413","honeyserverid":"2102ac15-bf5e-456c-ab63-90cb836ed7ad","logkind":"connection","honeypotid":"8BE585FB-2F2F-4BC6-8848-4165C1C4AA46","honeypotname":"apache-server","time":"2023-03-03T08:55:28.708447","parsedMessage":{"timestamp":"2023-03-03 08:55:28.708447","message_type":null,"correlation_id":null,"level":"INFO","message":"connection-log connection from 170.187.163.117:51132 to port 80","ip":"170.187.163.117"},"id":"a5e52ec2-c615-42bf-9b31-fa8d8f309d14","EventProcessedUtcTime":"2023-03-03T08:55:29.1461826Z","PartitionId":0,"EventEnqueuedUtcTime":"2023-03-03T08:55:28.9470000Z","path":"D495D9BB-0F5F-4945-9B2D-F90CAD90E413/2102ac15-bf5e-456c-ab63-90cb836ed7ad/apache-server/170.187.163.117"}