{"customerid":"D495D9BB-0F5F-4945-9B2D-F90CAD90E413","honeyserverid":"2102ac15-bf5e-456c-ab63-90cb836ed7ad","logkind":"connection","honeypotid":"8BE585FB-2F2F-4BC6-8848-4165C1C4AA46","honeypotname":"apache-server","time":"2023-02-28T07:33:19.242336","parsedMessage":{"timestamp":"2023-02-28 07:33:19.242336","message_type":null,"correlation_id":null,"level":"INFO","message":"connection-log connection from 193.35.18.112:51660 to port 80","ip":"193.35.18.112"},"id":"fd69983f-77f4-413a-9e63-5acad67c8dce","EventProcessedUtcTime":"2023-02-28T07:33:19.7862659Z","PartitionId":0,"EventEnqueuedUtcTime":"2023-02-28T07:33:19.5710000Z","path":"D495D9BB-0F5F-4945-9B2D-F90CAD90E413/2102ac15-bf5e-456c-ab63-90cb836ed7ad/apache-server/193.35.18.112"}