{"customerid":"D495D9BB-0F5F-4945-9B2D-F90CAD90E413","honeyserverid":"2102ac15-bf5e-456c-ab63-90cb836ed7ad","logkind":"connection","honeypotid":"8BE585FB-2F2F-4BC6-8848-4165C1C4AA46","honeypotname":"apache-server","time":"2023-02-28T02:02:58.929952","parsedMessage":{"timestamp":"2023-02-28 02:02:58.929952","message_type":null,"correlation_id":null,"level":"INFO","message":"connection-log connection from 154.89.5.94:58914 to port 80","ip":"154.89.5.94"},"id":"b9f6c5b7-5361-4e05-a5c0-fcbf02756b3b","EventProcessedUtcTime":"2023-02-28T02:02:59.2689172Z","PartitionId":0,"EventEnqueuedUtcTime":"2023-02-28T02:02:59.0990000Z","path":"D495D9BB-0F5F-4945-9B2D-F90CAD90E413/2102ac15-bf5e-456c-ab63-90cb836ed7ad/apache-server/154.89.5.94"}
{"customerid":"D495D9BB-0F5F-4945-9B2D-F90CAD90E413","honeyserverid":"2102ac15-bf5e-456c-ab63-90cb836ed7ad","logkind":"connection","honeypotid":"8BE585FB-2F2F-4BC6-8848-4165C1C4AA46","honeypotname":"apache-server","time":"2023-03-04T21:32:01.657570","parsedMessage":{"timestamp":"2023-03-04 21:32:01.657570","message_type":null,"correlation_id":null,"level":"INFO","message":"connection-log connection from 154.89.5.94:58914 to port 80","ip":"154.89.5.94"},"id":"d7259b80-7c04-45bd-af91-758186325072","EventProcessedUtcTime":"2023-03-04T21:32:02.0509304Z","PartitionId":0,"EventEnqueuedUtcTime":"2023-03-04T21:32:01.9350000Z","path":"D495D9BB-0F5F-4945-9B2D-F90CAD90E413/2102ac15-bf5e-456c-ab63-90cb836ed7ad/apache-server/154.89.5.94"}