{"customerid":"D495D9BB-0F5F-4945-9B2D-F90CAD90E413","honeyserverid":"2102ac15-bf5e-456c-ab63-90cb836ed7ad","logkind":"connection","honeypotid":"8BE585FB-2F2F-4BC6-8848-4165C1C4AA46","honeypotname":"apache-server","time":"2023-03-08T12:25:05.370516","parsedMessage":{"timestamp":"2023-03-08 12:25:05.370516","message_type":null,"correlation_id":null,"level":"INFO","message":"connection-log connection from 167.71.102.95:44270 to port 80","ip":"167.71.102.95"},"id":"60573000-caec-4697-8706-2fda68c42f74","EventProcessedUtcTime":"2023-03-08T12:25:05.7578607Z","PartitionId":0,"EventEnqueuedUtcTime":"2023-03-08T12:25:05.5480000Z","path":"D495D9BB-0F5F-4945-9B2D-F90CAD90E413/2102ac15-bf5e-456c-ab63-90cb836ed7ad/apache-server/167.71.102.95"}