{"customerid":"D495D9BB-0F5F-4945-9B2D-F90CAD90E413","honeyserverid":"87422976-5cd1-469f-9125-4b1f29054ed5","logkind":"connection","honeypotid":"8BE585FB-2F2F-4BC6-8848-4165C1C4AA46","honeypotname":"apache-server","time":"2023-04-01T23:32:42.069661","parsedMessage":{"timestamp":"2023-04-01 23:32:42.069661","message_type":null,"correlation_id":null,"level":"INFO","message":"connection-log connection from 205.210.31.20:61464 to port 80","ip":"205.210.31.20"},"id":"4db86e82-1420-4f68-a17d-254a32e6fbba","EventProcessedUtcTime":"2023-04-01T23:32:42.5269077Z","PartitionId":0,"EventEnqueuedUtcTime":"2023-04-01T23:32:42.3250000Z","path":"D495D9BB-0F5F-4945-9B2D-F90CAD90E413/87422976-5cd1-469f-9125-4b1f29054ed5/apache-server/205.210.31.20"}
{"customerid":"D495D9BB-0F5F-4945-9B2D-F90CAD90E413","honeyserverid":"87422976-5cd1-469f-9125-4b1f29054ed5","logkind":"honeypot","honeypotid":"8BE585FB-2F2F-4BC6-8848-4165C1C4AA46","honeypotname":"apache-server","time":"Sat Apr  1 23:33:01 UTC 2023","parsedMessage":{"timestamp":"2023-04-01 23:32:41+00:00","message_type":"http-access","correlation_id":null,"level":"WARNING","message":"205.210.31.20 - - \"\\x16\\x03\\x01\" 400 0 \"-\" \"-\"","ip":"205.210.31.20"},"id":"f0f2ebe3-b13f-4a3a-aa08-dbf448264474","EventProcessedUtcTime":"2023-04-01T23:33:01.7791365Z","PartitionId":0,"EventEnqueuedUtcTime":"2023-04-01T23:33:01.5910000Z","path":"D495D9BB-0F5F-4945-9B2D-F90CAD90E413/87422976-5cd1-469f-9125-4b1f29054ed5/apache-server/205.210.31.20"}