{"customerid":"D495D9BB-0F5F-4945-9B2D-F90CAD90E413","honeyserverid":"2102ac15-bf5e-456c-ab63-90cb836ed7ad","logkind":"connection","honeypotid":"8BE585FB-2F2F-4BC6-8848-4165C1C4AA46","honeypotname":"apache-server","time":"2023-02-23T01:13:37.451239","parsedMessage":{"timestamp":"2023-02-23 01:13:37.451239","message_type":null,"correlation_id":null,"level":"INFO","message":"connection-log connection from 20.112.66.152:37701 to port 80","ip":"20.112.66.152"},"id":"33bdad9b-c704-4ff3-92ac-76148a75c138","EventProcessedUtcTime":"2023-02-23T01:13:37.9454521Z","PartitionId":0,"EventEnqueuedUtcTime":"2023-02-23T01:13:37.7140000Z","path":"D495D9BB-0F5F-4945-9B2D-F90CAD90E413/2102ac15-bf5e-456c-ab63-90cb836ed7ad/apache-server/20.112.66.152"}
{"customerid":"D495D9BB-0F5F-4945-9B2D-F90CAD90E413","honeyserverid":"2102ac15-bf5e-456c-ab63-90cb836ed7ad","logkind":"honeypot","honeypotid":"8BE585FB-2F2F-4BC6-8848-4165C1C4AA46","honeypotname":"apache-server","time":"Thu Feb 23 01:15:01 UTC 2023","parsedMessage":{"timestamp":"2023-02-23 01:14:46+00:00","message_type":"http-access","correlation_id":null,"level":"WARNING","message":"20.112.66.152 - - \"GET / HTTP/1.0\" 200 282 \"-\" \"-\"","ip":"20.112.66.152"},"id":"85352c38-6074-4651-b39c-53595724f324","EventProcessedUtcTime":"2023-02-23T01:15:01.9777140Z","PartitionId":0,"EventEnqueuedUtcTime":"2023-02-23T01:15:01.8160000Z","path":"D495D9BB-0F5F-4945-9B2D-F90CAD90E413/2102ac15-bf5e-456c-ab63-90cb836ed7ad/apache-server/20.112.66.152"}