{"customerid":"D495D9BB-0F5F-4945-9B2D-F90CAD90E413","honeyserverid":"87422976-5cd1-469f-9125-4b1f29054ed5","logkind":"connection","honeypotid":"8BE585FB-2F2F-4BC6-8848-4165C1C4AA46","honeypotname":"apache-server","time":"2023-04-01T19:07:50.096983","parsedMessage":{"timestamp":"2023-04-01 19:07:50.096983","message_type":null,"correlation_id":null,"level":"INFO","message":"connection-log connection from 115.193.190.216:56417 to port 80","ip":"115.193.190.216"},"id":"9f09459e-75c9-4bf3-9702-dfd2356b2798","EventProcessedUtcTime":"2023-04-01T19:07:50.5483210Z","PartitionId":0,"EventEnqueuedUtcTime":"2023-04-01T19:07:50.3580000Z","path":"D495D9BB-0F5F-4945-9B2D-F90CAD90E413/87422976-5cd1-469f-9125-4b1f29054ed5/apache-server/115.193.190.216"}