{"customerid":"D495D9BB-0F5F-4945-9B2D-F90CAD90E413","honeyserverid":"87422976-5cd1-469f-9125-4b1f29054ed5","logkind":"connection","honeypotid":"8BE585FB-2F2F-4BC6-8848-4165C1C4AA46","honeypotname":"apache-server","time":"2023-04-03T08:52:08.968698","parsedMessage":{"timestamp":"2023-04-03 08:52:08.968698","message_type":null,"correlation_id":null,"level":"INFO","message":"connection-log connection from 152.89.196.54:42904 to port 80","ip":"152.89.196.54"},"id":"9e3e2d86-89ac-4564-a8ef-fa991626c568","EventProcessedUtcTime":"2023-04-03T08:52:09.2711416Z","PartitionId":0,"EventEnqueuedUtcTime":"2023-04-03T08:52:09.0950000Z","path":"D495D9BB-0F5F-4945-9B2D-F90CAD90E413/87422976-5cd1-469f-9125-4b1f29054ed5/apache-server/152.89.196.54"}
{"customerid":"D495D9BB-0F5F-4945-9B2D-F90CAD90E413","honeyserverid":"87422976-5cd1-469f-9125-4b1f29054ed5","logkind":"honeypot","honeypotid":"8BE585FB-2F2F-4BC6-8848-4165C1C4AA46","honeypotname":"apache-server","time":"Mon Apr  3 08:53:01 UTC 2023","parsedMessage":{"timestamp":"2023-04-03 08:52:10+00:00","message_type":"http-access","correlation_id":null,"level":"WARNING","message":"152.89.196.54 - - \"GET /?XDEBUG_SESSION_START=phpstorm HTTP/1.1\" 200 17796 \"-\" \"Mozilla/5.0 (Windows NT 10.0; Win64; x64) AppleWebKit/537.36 (KHTML, like Gecko) Chrome/78.0.3904.108 Safari/537.36\"","ip":"152.89.196.54"},"id":"81c2ffdc-98ff-4c4e-8be7-0878438408c9","EventProcessedUtcTime":"2023-04-03T08:53:02.3347708Z","PartitionId":0,"EventEnqueuedUtcTime":"2023-04-03T08:53:02.1110000Z","path":"D495D9BB-0F5F-4945-9B2D-F90CAD90E413/87422976-5cd1-469f-9125-4b1f29054ed5/apache-server/152.89.196.54"}