{"customerid":"D495D9BB-0F5F-4945-9B2D-F90CAD90E413","honeyserverid":"2102ac15-bf5e-456c-ab63-90cb836ed7ad","logkind":"connection","honeypotid":"8BE585FB-2F2F-4BC6-8848-4165C1C4AA46","honeypotname":"apache-server","time":"2023-02-26T21:20:42.804837","parsedMessage":{"timestamp":"2023-02-26 21:20:42.804837","message_type":null,"correlation_id":null,"level":"INFO","message":"connection-log connection from 185.177.116.177:48898 to port 80","ip":"185.177.116.177"},"id":"90643021-8eaa-46ed-87a3-33804de3f083","EventProcessedUtcTime":"2023-02-26T21:20:43.1838526Z","PartitionId":0,"EventEnqueuedUtcTime":"2023-02-26T21:20:43.0190000Z","path":"D495D9BB-0F5F-4945-9B2D-F90CAD90E413/2102ac15-bf5e-456c-ab63-90cb836ed7ad/apache-server/185.177.116.177"}
{"customerid":"D495D9BB-0F5F-4945-9B2D-F90CAD90E413","honeyserverid":"2102ac15-bf5e-456c-ab63-90cb836ed7ad","logkind":"honeypot","honeypotid":"8BE585FB-2F2F-4BC6-8848-4165C1C4AA46","honeypotname":"apache-server","time":"Sun Feb 26 21:21:01 UTC 2023","parsedMessage":{"timestamp":"2023-02-26 21:20:43+00:00","message_type":"http-access","correlation_id":null,"level":"WARNING","message":"185.177.116.177 - - \"CONNECT google.com:443 HTTP/1.1\" 405 501 \"-\" \"Go-http-client/1.1\"","ip":"185.177.116.177"},"id":"c25693dc-e8da-4a8f-a710-89335a718e33","EventProcessedUtcTime":"2023-02-26T21:21:02.1056635Z","PartitionId":0,"EventEnqueuedUtcTime":"2023-02-26T21:21:01.9270000Z","path":"D495D9BB-0F5F-4945-9B2D-F90CAD90E413/2102ac15-bf5e-456c-ab63-90cb836ed7ad/apache-server/185.177.116.177"}
{"customerid":"D495D9BB-0F5F-4945-9B2D-F90CAD90E413","honeyserverid":"2102ac15-bf5e-456c-ab63-90cb836ed7ad","logkind":"honeypot","honeypotid":"8BE585FB-2F2F-4BC6-8848-4165C1C4AA46","honeypotname":"apache-server","time":"Mon Feb 27 04:47:01 UTC 2023","parsedMessage":{"timestamp":"2023-02-27 04:46:50+00:00","message_type":"http-access","correlation_id":null,"level":"WARNING","message":"185.177.116.177 - - \"CONNECT google.com:443 HTTP/1.1\" 405 501 \"-\" \"Go-http-client/1.1\"","ip":"185.177.116.177"},"id":"7720b4fe-9e9b-4b63-a8df-6824f3d86224","EventProcessedUtcTime":"2023-02-27T04:47:01.7760319Z","PartitionId":0,"EventEnqueuedUtcTime":"2023-02-27T04:47:01.5930000Z","path":"D495D9BB-0F5F-4945-9B2D-F90CAD90E413/2102ac15-bf5e-456c-ab63-90cb836ed7ad/apache-server/185.177.116.177"}