{"customerid":"D495D9BB-0F5F-4945-9B2D-F90CAD90E413","honeyserverid":"2102ac15-bf5e-456c-ab63-90cb836ed7ad","logkind":"connection","honeypotid":"8BE585FB-2F2F-4BC6-8848-4165C1C4AA46","honeypotname":"apache-server","time":"2023-02-24T18:32:02.637104","parsedMessage":{"timestamp":"2023-02-24 18:32:02.637104","message_type":null,"correlation_id":null,"level":"INFO","message":"connection-log connection from 185.177.116.177:47316 to port 80","ip":"185.177.116.177"},"id":"1f727099-8385-4bf5-b995-e14ce2e5b04c","EventProcessedUtcTime":"2023-02-24T18:32:03.0339375Z","PartitionId":0,"EventEnqueuedUtcTime":"2023-02-24T18:32:02.9220000Z","path":"D495D9BB-0F5F-4945-9B2D-F90CAD90E413/2102ac15-bf5e-456c-ab63-90cb836ed7ad/apache-server/185.177.116.177"}
{"customerid":"D495D9BB-0F5F-4945-9B2D-F90CAD90E413","honeyserverid":"2102ac15-bf5e-456c-ab63-90cb836ed7ad","logkind":"honeypot","honeypotid":"8BE585FB-2F2F-4BC6-8848-4165C1C4AA46","honeypotname":"apache-server","time":"Fri Feb 24 18:33:01 UTC 2023","parsedMessage":{"timestamp":"2023-02-24 18:32:02+00:00","message_type":"http-access","correlation_id":null,"level":"WARNING","message":"185.177.116.177 - - \"CONNECT google.com:443 HTTP/1.1\" 405 501 \"-\" \"Go-http-client/1.1\"","ip":"185.177.116.177"},"id":"e5683bb7-76f2-44e0-b8d4-4522d7f79d04","EventProcessedUtcTime":"2023-02-24T18:33:01.7837114Z","PartitionId":0,"EventEnqueuedUtcTime":"2023-02-24T18:33:01.5830000Z","path":"D495D9BB-0F5F-4945-9B2D-F90CAD90E413/2102ac15-bf5e-456c-ab63-90cb836ed7ad/apache-server/185.177.116.177"}