{"customerid":"D495D9BB-0F5F-4945-9B2D-F90CAD90E413","honeyserverid":"87422976-5cd1-469f-9125-4b1f29054ed5","logkind":"connection","honeypotid":"8BE585FB-2F2F-4BC6-8848-4165C1C4AA46","honeypotname":"apache-server","time":"2023-04-02T18:18:51.428821","parsedMessage":{"timestamp":"2023-04-02 18:18:51.428821","message_type":null,"correlation_id":null,"level":"INFO","message":"connection-log connection from 193.142.146.35:49335 to port 80","ip":"193.142.146.35"},"id":"de98a291-7566-40d7-946b-99f3ce3581fd","EventProcessedUtcTime":"2023-04-02T18:18:51.8329859Z","PartitionId":0,"EventEnqueuedUtcTime":"2023-04-02T18:18:51.6610000Z","path":"D495D9BB-0F5F-4945-9B2D-F90CAD90E413/87422976-5cd1-469f-9125-4b1f29054ed5/apache-server/193.142.146.35"}