{"customerid":"D495D9BB-0F5F-4945-9B2D-F90CAD90E413","honeyserverid":"2102ac15-bf5e-456c-ab63-90cb836ed7ad","logkind":"connection","honeypotid":"8BE585FB-2F2F-4BC6-8848-4165C1C4AA46","honeypotname":"apache-server","time":"2023-02-28T18:34:55.200080","parsedMessage":{"timestamp":"2023-02-28 18:34:55.200080","message_type":null,"correlation_id":null,"level":"INFO","message":"connection-log connection from 15.204.52.61:51699 to port 80","ip":"15.204.52.61"},"id":"86478739-b9c9-4d45-a364-4ddb80b0ad06","EventProcessedUtcTime":"2023-02-28T18:34:55.7923868Z","PartitionId":0,"EventEnqueuedUtcTime":"2023-02-28T18:34:55.6000000Z","path":"D495D9BB-0F5F-4945-9B2D-F90CAD90E413/2102ac15-bf5e-456c-ab63-90cb836ed7ad/apache-server/15.204.52.61"}
{"customerid":"D495D9BB-0F5F-4945-9B2D-F90CAD90E413","honeyserverid":"2102ac15-bf5e-456c-ab63-90cb836ed7ad","logkind":"connection","honeypotid":"8BE585FB-2F2F-4BC6-8848-4165C1C4AA46","honeypotname":"apache-server","time":"2023-02-28T18:34:55.200080","parsedMessage":{"timestamp":"2023-02-28 18:34:55.200080","message_type":null,"correlation_id":null,"level":"INFO","message":"connection-log connection from 15.204.52.61:51699 to port 80","ip":"15.204.52.61"},"id":"86478739-b9c9-4d45-a364-4ddb80b0ad06","EventProcessedUtcTime":"2023-02-28T18:35:02.9017274Z","PartitionId":0,"EventEnqueuedUtcTime":"2023-02-28T18:35:02.7260000Z","path":"D495D9BB-0F5F-4945-9B2D-F90CAD90E413/2102ac15-bf5e-456c-ab63-90cb836ed7ad/apache-server/15.204.52.61"}