{"customerid":"D495D9BB-0F5F-4945-9B2D-F90CAD90E413","honeyserverid":"87422976-5cd1-469f-9125-4b1f29054ed5","logkind":"connection","honeypotid":"8BE585FB-2F2F-4BC6-8848-4165C1C4AA46","honeypotname":"apache-server","time":"2023-04-01T07:52:37.267553","parsedMessage":{"timestamp":"2023-04-01 07:52:37.267553","message_type":null,"correlation_id":null,"level":"INFO","message":"connection-log connection from 107.170.249.24:44106 to port 80","ip":"107.170.249.24"},"id":"375b4d6c-3a86-4df5-91f5-be3fedc6719e","EventProcessedUtcTime":"2023-04-01T07:52:37.6240577Z","PartitionId":0,"EventEnqueuedUtcTime":"2023-04-01T07:52:37.5100000Z","path":"D495D9BB-0F5F-4945-9B2D-F90CAD90E413/87422976-5cd1-469f-9125-4b1f29054ed5/apache-server/107.170.249.24"}