{"customerid":"D495D9BB-0F5F-4945-9B2D-F90CAD90E413","honeyserverid":"2102ac15-bf5e-456c-ab63-90cb836ed7ad","logkind":"connection","honeypotid":"8BE585FB-2F2F-4BC6-8848-4165C1C4AA46","honeypotname":"apache-server","time":"2023-02-28T06:52:25.585542","parsedMessage":{"timestamp":"2023-02-28 06:52:25.585542","message_type":null,"correlation_id":null,"level":"INFO","message":"connection-log connection from 159.203.192.14:56463 to port 80","ip":"159.203.192.14"},"id":"c3008baa-cc03-4e09-a942-12150b61b18a","EventProcessedUtcTime":"2023-02-28T06:52:26.0272235Z","PartitionId":0,"EventEnqueuedUtcTime":"2023-02-28T06:52:25.8710000Z","path":"D495D9BB-0F5F-4945-9B2D-F90CAD90E413/2102ac15-bf5e-456c-ab63-90cb836ed7ad/apache-server/159.203.192.14"}
{"customerid":"D495D9BB-0F5F-4945-9B2D-F90CAD90E413","honeyserverid":"2102ac15-bf5e-456c-ab63-90cb836ed7ad","logkind":"honeypot","honeypotid":"8BE585FB-2F2F-4BC6-8848-4165C1C4AA46","honeypotname":"apache-server","time":"Tue Feb 28 06:57:02 UTC 2023","parsedMessage":{"timestamp":"2023-02-28 06:57:01+00:00","message_type":"http-access","correlation_id":null,"level":"WARNING","message":"159.203.192.14 - - \"GET / HTTP/1.1\" 200 263 \"-\" \"Mozilla/5.0 zgrab/0.x\"","ip":"159.203.192.14"},"id":"ada94e92-4999-412f-ba7d-606bb407650b","EventProcessedUtcTime":"2023-02-28T06:57:02.6672708Z","PartitionId":0,"EventEnqueuedUtcTime":"2023-02-28T06:57:02.5380000Z","path":"D495D9BB-0F5F-4945-9B2D-F90CAD90E413/2102ac15-bf5e-456c-ab63-90cb836ed7ad/apache-server/159.203.192.14"}