{"customerid":"D495D9BB-0F5F-4945-9B2D-F90CAD90E413","honeyserverid":"2102ac15-bf5e-456c-ab63-90cb836ed7ad","logkind":"connection","honeypotid":"8BE585FB-2F2F-4BC6-8848-4165C1C4AA46","honeypotname":"apache-server","time":"2023-02-24T08:54:18.208405","parsedMessage":{"timestamp":"2023-02-24 08:54:18.208405","message_type":null,"correlation_id":null,"level":"INFO","message":"connection-log connection from 192.155.90.118:47086 to port 80","ip":"192.155.90.118"},"id":"9652b19c-01bf-481e-b12c-fc7f1fffcf7e","EventProcessedUtcTime":"2023-02-24T08:54:18.6580940Z","PartitionId":0,"EventEnqueuedUtcTime":"2023-02-24T08:54:18.4140000Z","path":"D495D9BB-0F5F-4945-9B2D-F90CAD90E413/2102ac15-bf5e-456c-ab63-90cb836ed7ad/apache-server/192.155.90.118"}
{"customerid":"D495D9BB-0F5F-4945-9B2D-F90CAD90E413","honeyserverid":"2102ac15-bf5e-456c-ab63-90cb836ed7ad","logkind":"honeypot","honeypotid":"8BE585FB-2F2F-4BC6-8848-4165C1C4AA46","honeypotname":"apache-server","time":"Fri Feb 24 08:55:01 UTC 2023","parsedMessage":{"timestamp":"2023-02-24 08:54:18+00:00","message_type":"http-access","correlation_id":null,"level":"WARNING","message":"192.155.90.118 - - \"\\x16\\x03\\x01\" 400 0 \"-\" \"-\"","ip":"192.155.90.118"},"id":"420b6a31-96fa-495c-b384-46c854a40e23","EventProcessedUtcTime":"2023-02-24T08:55:01.7684745Z","PartitionId":0,"EventEnqueuedUtcTime":"2023-02-24T08:55:01.6710000Z","path":"D495D9BB-0F5F-4945-9B2D-F90CAD90E413/2102ac15-bf5e-456c-ab63-90cb836ed7ad/apache-server/192.155.90.118"}