{"customerid":"D495D9BB-0F5F-4945-9B2D-F90CAD90E413","honeyserverid":"87422976-5cd1-469f-9125-4b1f29054ed5","logkind":"connection","honeypotid":"8BE585FB-2F2F-4BC6-8848-4165C1C4AA46","honeypotname":"apache-server","time":"2023-04-02T17:35:20.475581","parsedMessage":{"timestamp":"2023-04-02 17:35:20.475581","message_type":null,"correlation_id":null,"level":"INFO","message":"connection-log connection from 192.155.90.118:44732 to port 80","ip":"192.155.90.118"},"id":"5902cc64-e5dc-4172-aa7e-c4711e44b4b0","EventProcessedUtcTime":"2023-04-02T17:35:20.9131723Z","PartitionId":0,"EventEnqueuedUtcTime":"2023-04-02T17:35:20.6810000Z","path":"D495D9BB-0F5F-4945-9B2D-F90CAD90E413/87422976-5cd1-469f-9125-4b1f29054ed5/apache-server/192.155.90.118"}
{"customerid":"D495D9BB-0F5F-4945-9B2D-F90CAD90E413","honeyserverid":"87422976-5cd1-469f-9125-4b1f29054ed5","logkind":"honeypot","honeypotid":"8BE585FB-2F2F-4BC6-8848-4165C1C4AA46","honeypotname":"apache-server","time":"Sun Apr  2 17:36:01 UTC 2023","parsedMessage":{"timestamp":"2023-04-02 17:35:20+00:00","message_type":"http-access","correlation_id":null,"level":"WARNING","message":"192.155.90.118 - - \"\\x16\\x03\\x01\" 400 0 \"-\" \"-\"","ip":"192.155.90.118"},"id":"3fc79203-a6fd-4207-9904-39fd39966769","EventProcessedUtcTime":"2023-04-02T17:36:02.2576483Z","PartitionId":0,"EventEnqueuedUtcTime":"2023-04-02T17:36:02.0890000Z","path":"D495D9BB-0F5F-4945-9B2D-F90CAD90E413/87422976-5cd1-469f-9125-4b1f29054ed5/apache-server/192.155.90.118"}