{"customerid":"D495D9BB-0F5F-4945-9B2D-F90CAD90E413","honeyserverid":"2102ac15-bf5e-456c-ab63-90cb836ed7ad","logkind":"connection","honeypotid":"8BE585FB-2F2F-4BC6-8848-4165C1C4AA46","honeypotname":"apache-server","time":"2023-03-08T19:05:30.882543","parsedMessage":{"timestamp":"2023-03-08 19:05:30.882543","message_type":null,"correlation_id":null,"level":"INFO","message":"connection-log connection from 192.155.90.118:32280 to port 80","ip":"192.155.90.118"},"id":"ce38d1f7-535e-4df2-90df-9a340599652f","EventProcessedUtcTime":"2023-03-08T19:05:31.2913922Z","PartitionId":0,"EventEnqueuedUtcTime":"2023-03-08T19:05:31.1070000Z","path":"D495D9BB-0F5F-4945-9B2D-F90CAD90E413/2102ac15-bf5e-456c-ab63-90cb836ed7ad/apache-server/192.155.90.118"}
{"customerid":"D495D9BB-0F5F-4945-9B2D-F90CAD90E413","honeyserverid":"2102ac15-bf5e-456c-ab63-90cb836ed7ad","logkind":"honeypot","honeypotid":"8BE585FB-2F2F-4BC6-8848-4165C1C4AA46","honeypotname":"apache-server","time":"Wed Mar  8 19:06:01 UTC 2023","parsedMessage":{"timestamp":"2023-03-08 19:05:30+00:00","message_type":"http-access","correlation_id":null,"level":"WARNING","message":"192.155.90.118 - - \"\\x16\\x03\\x01\" 400 0 \"-\" \"-\"","ip":"192.155.90.118"},"id":"4b1262cd-0fe2-432b-8508-d43f3584af92","EventProcessedUtcTime":"2023-03-08T19:06:01.8069572Z","PartitionId":0,"EventEnqueuedUtcTime":"2023-03-08T19:06:01.6600000Z","path":"D495D9BB-0F5F-4945-9B2D-F90CAD90E413/2102ac15-bf5e-456c-ab63-90cb836ed7ad/apache-server/192.155.90.118"}