{"customerid":"D495D9BB-0F5F-4945-9B2D-F90CAD90E413","honeyserverid":"87422976-5cd1-469f-9125-4b1f29054ed5","logkind":"connection","honeypotid":"8BE585FB-2F2F-4BC6-8848-4165C1C4AA46","honeypotname":"apache-server","time":"2023-04-01T06:10:13.241213","parsedMessage":{"timestamp":"2023-04-01 06:10:13.241213","message_type":null,"correlation_id":null,"level":"INFO","message":"connection-log connection from 18.144.3.135:47954 to port 80","ip":"18.144.3.135"},"id":"3589b307-ceab-421c-98d0-85fdb8a21e02","EventProcessedUtcTime":"2023-04-01T06:10:13.7883559Z","PartitionId":0,"EventEnqueuedUtcTime":"2023-04-01T06:10:13.5890000Z","path":"D495D9BB-0F5F-4945-9B2D-F90CAD90E413/87422976-5cd1-469f-9125-4b1f29054ed5/apache-server/18.144.3.135"}
{"customerid":"D495D9BB-0F5F-4945-9B2D-F90CAD90E413","honeyserverid":"87422976-5cd1-469f-9125-4b1f29054ed5","logkind":"honeypot","honeypotid":"8BE585FB-2F2F-4BC6-8848-4165C1C4AA46","honeypotname":"apache-server","time":"Sat Apr  1 06:11:01 UTC 2023","parsedMessage":{"timestamp":"2023-04-01 06:10:13+00:00","message_type":"http-access","correlation_id":null,"level":"WARNING","message":"18.144.3.135 - - \"OPTIONS / HTTP/1.1\" 200 17796 \"-\" \"Mozilla/5.0 (Macintosh; Intel Mac OS X 10_11_5) AppleWebKit/537.36 (KHTML, like Gecko) Chrome/50.0.2661.102 Safari/537.36\"","ip":"18.144.3.135"},"id":"68b580bd-66b1-4c80-bde4-77949090752f","EventProcessedUtcTime":"2023-04-01T06:11:02.0438870Z","PartitionId":0,"EventEnqueuedUtcTime":"2023-04-01T06:11:01.9070000Z","path":"D495D9BB-0F5F-4945-9B2D-F90CAD90E413/87422976-5cd1-469f-9125-4b1f29054ed5/apache-server/18.144.3.135"}