{"customerid":"D495D9BB-0F5F-4945-9B2D-F90CAD90E413","honeyserverid":"2102ac15-bf5e-456c-ab63-90cb836ed7ad","logkind":"connection","honeypotid":"8BE585FB-2F2F-4BC6-8848-4165C1C4AA46","honeypotname":"apache-server","time":"2023-03-02T04:34:11.539651","parsedMessage":{"timestamp":"2023-03-02 04:34:11.539651","message_type":null,"correlation_id":null,"level":"INFO","message":"connection-log connection from 205.185.116.25:56004 to port 80","ip":"205.185.116.25"},"id":"292ae146-1c27-4765-8827-2d2180db198e","EventProcessedUtcTime":"2023-03-02T04:34:11.8592308Z","PartitionId":0,"EventEnqueuedUtcTime":"2023-03-02T04:34:11.7110000Z","path":"D495D9BB-0F5F-4945-9B2D-F90CAD90E413/2102ac15-bf5e-456c-ab63-90cb836ed7ad/apache-server/205.185.116.25"}
{"customerid":"D495D9BB-0F5F-4945-9B2D-F90CAD90E413","honeyserverid":"2102ac15-bf5e-456c-ab63-90cb836ed7ad","logkind":"honeypot","honeypotid":"8BE585FB-2F2F-4BC6-8848-4165C1C4AA46","honeypotname":"apache-server","time":"Thu Mar  2 04:35:01 UTC 2023","parsedMessage":{"timestamp":"2023-03-02 04:34:11+00:00","message_type":"http-access","correlation_id":null,"level":"WARNING","message":"205.185.116.25 - - \"GET / HTTP/1.1\" 200 319 \"-\" \"Mozilla/5.0 (Macintosh; Intel Mac OS X 10_15_7) AppleWebKit/537.36 (KHTML, like Gecko) Chrome/96.0.4664.110 Safari/537.36\"","ip":"205.185.116.25"},"id":"ec923676-ab66-49ae-a9f8-ac779f5cc223","EventProcessedUtcTime":"2023-03-02T04:35:01.7341546Z","PartitionId":0,"EventEnqueuedUtcTime":"2023-03-02T04:35:01.5300000Z","path":"D495D9BB-0F5F-4945-9B2D-F90CAD90E413/2102ac15-bf5e-456c-ab63-90cb836ed7ad/apache-server/205.185.116.25"}
{"customerid":"D495D9BB-0F5F-4945-9B2D-F90CAD90E413","honeyserverid":"2102ac15-bf5e-456c-ab63-90cb836ed7ad","logkind":"honeypot","honeypotid":"8BE585FB-2F2F-4BC6-8848-4165C1C4AA46","honeypotname":"apache-server","time":"Thu Mar  2 04:35:01 UTC 2023","parsedMessage":{"timestamp":"2023-03-02 04:34:11+00:00","message_type":"http-access","correlation_id":null,"level":"WARNING","message":"205.185.116.25 - - \"GET /favicon.ico HTTP/1.1\" 404 490 \"-\" \"Mozilla/5.0 (Macintosh; Intel Mac OS X 10_15_7) AppleWebKit/537.36 (KHTML, like Gecko) Chrome/96.0.4664.110 Safari/537.36\"","ip":"205.185.116.25"},"id":"a7d53f44-db31-403b-8e01-86d7429f7bc5","EventProcessedUtcTime":"2023-03-02T04:35:02.3911416Z","PartitionId":0,"EventEnqueuedUtcTime":"2023-03-02T04:35:02.3120000Z","path":"D495D9BB-0F5F-4945-9B2D-F90CAD90E413/2102ac15-bf5e-456c-ab63-90cb836ed7ad/apache-server/205.185.116.25"}