{"customerid":"D495D9BB-0F5F-4945-9B2D-F90CAD90E413","honeyserverid":"2102ac15-bf5e-456c-ab63-90cb836ed7ad","logkind":"connection","honeypotid":"8BE585FB-2F2F-4BC6-8848-4165C1C4AA46","honeypotname":"apache-server","time":"2023-03-06T03:05:05.030580","parsedMessage":{"timestamp":"2023-03-06 03:05:05.030580","message_type":null,"correlation_id":null,"level":"INFO","message":"connection-log connection from 138.197.129.19:57838 to port 80","ip":"138.197.129.19"},"id":"09e90066-298a-4b58-a194-116658e5d1b7","EventProcessedUtcTime":"2023-03-06T03:05:05.4966243Z","PartitionId":0,"EventEnqueuedUtcTime":"2023-03-06T03:05:05.3190000Z","path":"D495D9BB-0F5F-4945-9B2D-F90CAD90E413/2102ac15-bf5e-456c-ab63-90cb836ed7ad/apache-server/138.197.129.19"}
{"customerid":"D495D9BB-0F5F-4945-9B2D-F90CAD90E413","honeyserverid":"2102ac15-bf5e-456c-ab63-90cb836ed7ad","logkind":"honeypot","honeypotid":"8BE585FB-2F2F-4BC6-8848-4165C1C4AA46","honeypotname":"apache-server","time":"Mon Mar  6 03:06:01 UTC 2023","parsedMessage":{"timestamp":"2023-03-06 03:05:05+00:00","message_type":"http-access","correlation_id":null,"level":"WARNING","message":"138.197.129.19 - - \"GET /upl.php HTTP/1.1\" 404 435 \"-\" \"Mozilla/5.0 zgrab/0.x\"","ip":"138.197.129.19"},"id":"a0313932-bc2c-41f6-a422-0fb1b80fbe96","EventProcessedUtcTime":"2023-03-06T03:06:02.3871211Z","PartitionId":0,"EventEnqueuedUtcTime":"2023-03-06T03:06:02.2200000Z","path":"D495D9BB-0F5F-4945-9B2D-F90CAD90E413/2102ac15-bf5e-456c-ab63-90cb836ed7ad/apache-server/138.197.129.19"}