{"customerid":"D495D9BB-0F5F-4945-9B2D-F90CAD90E413","honeyserverid":"2102ac15-bf5e-456c-ab63-90cb836ed7ad","logkind":"connection","honeypotid":"8BE585FB-2F2F-4BC6-8848-4165C1C4AA46","honeypotname":"apache-server","time":"2023-03-03T23:11:07.817366","parsedMessage":{"timestamp":"2023-03-03 23:11:07.817366","message_type":null,"correlation_id":null,"level":"INFO","message":"connection-log connection from 152.231.54.175:3882 to port 80","ip":"152.231.54.175"},"id":"11ae4f88-e866-4613-a547-d4101c08e06a","EventProcessedUtcTime":"2023-03-03T23:11:08.2715578Z","PartitionId":0,"EventEnqueuedUtcTime":"2023-03-03T23:11:08.0950000Z","path":"D495D9BB-0F5F-4945-9B2D-F90CAD90E413/2102ac15-bf5e-456c-ab63-90cb836ed7ad/apache-server/152.231.54.175"}
{"customerid":"D495D9BB-0F5F-4945-9B2D-F90CAD90E413","honeyserverid":"2102ac15-bf5e-456c-ab63-90cb836ed7ad","logkind":"honeypot","honeypotid":"8BE585FB-2F2F-4BC6-8848-4165C1C4AA46","honeypotname":"apache-server","time":"Fri Mar  3 23:12:01 UTC 2023","parsedMessage":{"timestamp":"2023-03-03 23:11:08+00:00","message_type":"http-access","correlation_id":null,"level":"WARNING","message":"152.231.54.175 - - \"GET / HTTP/1.1\" 200 263 \"-\" \"Mozilla/5.0 (Macintosh; Intel Mac OS X 10_11_6) AppleWebKit/601.7.7 (KHTML, like Gecko) Version/9.1.2 Safari/601.7.7\"","ip":"152.231.54.175"},"id":"806eb9e5-f456-409f-a469-e6a22a8d2085","EventProcessedUtcTime":"2023-03-03T23:12:01.9910878Z","PartitionId":0,"EventEnqueuedUtcTime":"2023-03-03T23:12:01.7910000Z","path":"D495D9BB-0F5F-4945-9B2D-F90CAD90E413/2102ac15-bf5e-456c-ab63-90cb836ed7ad/apache-server/152.231.54.175"}