{"customerid":"D495D9BB-0F5F-4945-9B2D-F90CAD90E413","honeyserverid":"2102ac15-bf5e-456c-ab63-90cb836ed7ad","logkind":"connection","honeypotid":"8BE585FB-2F2F-4BC6-8848-4165C1C4AA46","honeypotname":"apache-server","time":"2023-03-09T02:11:12.932261","parsedMessage":{"timestamp":"2023-03-09 02:11:12.932261","message_type":null,"correlation_id":null,"level":"INFO","message":"connection-log connection from 192.241.232.13:59227 to port 80","ip":"192.241.232.13"},"id":"d9d3244b-9420-476c-b05b-708232acd67e","EventProcessedUtcTime":"2023-03-09T02:11:13.3716335Z","PartitionId":0,"EventEnqueuedUtcTime":"2023-03-09T02:11:13.1410000Z","path":"D495D9BB-0F5F-4945-9B2D-F90CAD90E413/2102ac15-bf5e-456c-ab63-90cb836ed7ad/apache-server/192.241.232.13"}