{"customerid":"D495D9BB-0F5F-4945-9B2D-F90CAD90E413","honeyserverid":"2102ac15-bf5e-456c-ab63-90cb836ed7ad","logkind":"connection","honeypotid":"8BE585FB-2F2F-4BC6-8848-4165C1C4AA46","honeypotname":"apache-server","time":"2023-03-04T05:28:51.909393","parsedMessage":{"timestamp":"2023-03-04 05:28:51.909393","message_type":null,"correlation_id":null,"level":"INFO","message":"connection-log connection from 192.241.196.64:47068 to port 80","ip":"192.241.196.64"},"id":"fdf140f5-b993-4486-a449-fb6626d352da","EventProcessedUtcTime":"2023-03-04T05:28:52.3579967Z","PartitionId":0,"EventEnqueuedUtcTime":"2023-03-04T05:28:52.1000000Z","path":"D495D9BB-0F5F-4945-9B2D-F90CAD90E413/2102ac15-bf5e-456c-ab63-90cb836ed7ad/apache-server/192.241.196.64"}
{"customerid":"D495D9BB-0F5F-4945-9B2D-F90CAD90E413","honeyserverid":"2102ac15-bf5e-456c-ab63-90cb836ed7ad","logkind":"connection","honeypotid":"8BE585FB-2F2F-4BC6-8848-4165C1C4AA46","honeypotname":"apache-server","time":"2023-03-04T05:31:22.809481","parsedMessage":{"timestamp":"2023-03-04 05:31:22.809481","message_type":null,"correlation_id":null,"level":"INFO","message":"connection-log connection from 192.241.196.64:49476 to port 80","ip":"192.241.196.64"},"id":"abb172cc-62c0-4db6-9acf-c74663fab677","EventProcessedUtcTime":"2023-03-04T05:31:23.3153447Z","PartitionId":0,"EventEnqueuedUtcTime":"2023-03-04T05:31:23.0840000Z","path":"D495D9BB-0F5F-4945-9B2D-F90CAD90E413/2102ac15-bf5e-456c-ab63-90cb836ed7ad/apache-server/192.241.196.64"}
{"customerid":"D495D9BB-0F5F-4945-9B2D-F90CAD90E413","honeyserverid":"2102ac15-bf5e-456c-ab63-90cb836ed7ad","logkind":"honeypot","honeypotid":"8BE585FB-2F2F-4BC6-8848-4165C1C4AA46","honeypotname":"apache-server","time":"Sat Mar  4 05:32:01 UTC 2023","parsedMessage":{"timestamp":"2023-03-04 05:31:22+00:00","message_type":"http-access","correlation_id":null,"level":"WARNING","message":"192.241.196.64 - - \"GET /portal/redlion HTTP/1.1\" 404 435 \"-\" \"Mozilla/5.0 zgrab/0.x\"","ip":"192.241.196.64"},"id":"0d4d823f-6892-4ee6-b02d-e553e0a217ae","EventProcessedUtcTime":"2023-03-04T05:32:01.8151481Z","PartitionId":0,"EventEnqueuedUtcTime":"2023-03-04T05:32:01.6210000Z","path":"D495D9BB-0F5F-4945-9B2D-F90CAD90E413/2102ac15-bf5e-456c-ab63-90cb836ed7ad/apache-server/192.241.196.64"}