{"customerid":"D495D9BB-0F5F-4945-9B2D-F90CAD90E413","honeyserverid":"87422976-5cd1-469f-9125-4b1f29054ed5","logkind":"connection","honeypotid":"8BE585FB-2F2F-4BC6-8848-4165C1C4AA46","honeypotname":"apache-server","time":"2023-04-01T01:01:24.408271","parsedMessage":{"timestamp":"2023-04-01 01:01:24.408271","message_type":null,"correlation_id":null,"level":"INFO","message":"connection-log connection from 198.235.24.133:61684 to port 80","ip":"198.235.24.133"},"id":"bc6cb49b-5523-4d31-936f-0cd344b2d8b4","EventProcessedUtcTime":"2023-04-01T01:01:24.6370092Z","PartitionId":0,"EventEnqueuedUtcTime":"2023-04-01T01:01:24.5750000Z","path":"D495D9BB-0F5F-4945-9B2D-F90CAD90E413/87422976-5cd1-469f-9125-4b1f29054ed5/apache-server/198.235.24.133"}
{"customerid":"D495D9BB-0F5F-4945-9B2D-F90CAD90E413","honeyserverid":"87422976-5cd1-469f-9125-4b1f29054ed5","logkind":"honeypot","honeypotid":"8BE585FB-2F2F-4BC6-8848-4165C1C4AA46","honeypotname":"apache-server","time":"Sat Apr  1 01:02:01 UTC 2023","parsedMessage":{"timestamp":"2023-04-01 01:01:23+00:00","message_type":"http-access","correlation_id":null,"level":"WARNING","message":"198.235.24.133 - - \"\\x16\\x03\\x01\" 400 0 \"-\" \"-\"","ip":"198.235.24.133"},"id":"0d2e0960-7ec3-4d82-aa94-c611e8c2df46","EventProcessedUtcTime":"2023-04-01T01:02:02.5899383Z","PartitionId":0,"EventEnqueuedUtcTime":"2023-04-01T01:02:02.5150000Z","path":"D495D9BB-0F5F-4945-9B2D-F90CAD90E413/87422976-5cd1-469f-9125-4b1f29054ed5/apache-server/198.235.24.133"}