{"customerid":"D495D9BB-0F5F-4945-9B2D-F90CAD90E413","honeyserverid":"2102ac15-bf5e-456c-ab63-90cb836ed7ad","logkind":"honeypot","honeypotid":"8BE585FB-2F2F-4BC6-8848-4165C1C4AA46","honeypotname":"apache-server","time":"Sun Feb 26 14:02:02 UTC 2023","parsedMessage":{"timestamp":"2023-02-26 14:01:51+00:00","message_type":"http-access","correlation_id":null,"level":"WARNING","message":"103.136.98.9 - - \"GET / HTTP/1.1\" 200 263 \"-\" \"Mozilla/5.0 (Windows NT 6.1; WOW64) AppleWebKit/537.36 (KHTML, like Gecko) Chrome/51.0.2704.103 Safari/537.36\"","ip":"103.136.98.9"},"id":"220a3425-de6c-49cb-85e9-a4477bf0bb82","EventProcessedUtcTime":"2023-02-26T14:02:02.5290552Z","PartitionId":0,"EventEnqueuedUtcTime":"2023-02-26T14:02:02.3080000Z","path":"D495D9BB-0F5F-4945-9B2D-F90CAD90E413/2102ac15-bf5e-456c-ab63-90cb836ed7ad/apache-server/103.136.98.9"}