{"customerid":"D495D9BB-0F5F-4945-9B2D-F90CAD90E413","honeyserverid":"2102ac15-bf5e-456c-ab63-90cb836ed7ad","logkind":"connection","honeypotid":"8BE585FB-2F2F-4BC6-8848-4165C1C4AA46","honeypotname":"apache-server","time":"2023-03-03T08:05:48.883245","parsedMessage":{"timestamp":"2023-03-03 08:05:48.883245","message_type":null,"correlation_id":null,"level":"INFO","message":"connection-log connection from 128.14.141.34:60358 to port 80","ip":"128.14.141.34"},"id":"126bd882-dd88-4dc5-b2e3-a51db7d12a26","EventProcessedUtcTime":"2023-03-03T08:05:49.1343083Z","PartitionId":0,"EventEnqueuedUtcTime":"2023-03-03T08:05:49.0850000Z","path":"D495D9BB-0F5F-4945-9B2D-F90CAD90E413/2102ac15-bf5e-456c-ab63-90cb836ed7ad/apache-server/128.14.141.34"}
{"customerid":"D495D9BB-0F5F-4945-9B2D-F90CAD90E413","honeyserverid":"2102ac15-bf5e-456c-ab63-90cb836ed7ad","logkind":"honeypot","honeypotid":"8BE585FB-2F2F-4BC6-8848-4165C1C4AA46","honeypotname":"apache-server","time":"Fri Mar  3 08:06:01 UTC 2023","parsedMessage":{"timestamp":"2023-03-03 08:05:48+00:00","message_type":"http-access","correlation_id":null,"level":"WARNING","message":"128.14.141.34 - - \"GET / HTTP/1.1\" 200 263 \"-\" \"Mozilla/5.0 (Windows NT 10.0; Win64; x64) AppleWebKit/537.36 (KHTML, like Gecko) Chrome/60.0.3112.113 Safari/537.36\"","ip":"128.14.141.34"},"id":"9672d4ba-639e-48b8-a06f-7794af656f34","EventProcessedUtcTime":"2023-03-03T08:06:01.8206990Z","PartitionId":0,"EventEnqueuedUtcTime":"2023-03-03T08:06:01.6640000Z","path":"D495D9BB-0F5F-4945-9B2D-F90CAD90E413/2102ac15-bf5e-456c-ab63-90cb836ed7ad/apache-server/128.14.141.34"}
{"customerid":"D495D9BB-0F5F-4945-9B2D-F90CAD90E413","honeyserverid":"2102ac15-bf5e-456c-ab63-90cb836ed7ad","logkind":"honeypot","honeypotid":"8BE585FB-2F2F-4BC6-8848-4165C1C4AA46","honeypotname":"apache-server","time":"Fri Mar  3 08:06:01 UTC 2023","parsedMessage":{"timestamp":"2023-03-03 08:05:48+00:00","message_type":"http-access","correlation_id":null,"level":"WARNING","message":"128.14.141.34 - - \"GET / HTTP/1.1\" 200 263 \"-\" \"Mozilla/5.0 (Windows NT 10.0; Win64; x64) AppleWebKit/537.36 (KHTML, like Gecko) Chrome/60.0.3112.113 Safari/537.36\"","ip":"128.14.141.34"},"id":"9672d4ba-639e-48b8-a06f-7794af656f34","EventProcessedUtcTime":"2023-03-03T08:06:08.9306466Z","PartitionId":0,"EventEnqueuedUtcTime":"2023-03-03T08:06:08.8050000Z","path":"D495D9BB-0F5F-4945-9B2D-F90CAD90E413/2102ac15-bf5e-456c-ab63-90cb836ed7ad/apache-server/128.14.141.34"}