{"customerid":"D495D9BB-0F5F-4945-9B2D-F90CAD90E413","honeyserverid":"2102ac15-bf5e-456c-ab63-90cb836ed7ad","logkind":"connection","honeypotid":"8BE585FB-2F2F-4BC6-8848-4165C1C4AA46","honeypotname":"apache-server","time":"2023-02-24T17:43:35.975572","parsedMessage":{"timestamp":"2023-02-24 17:43:35.975572","message_type":null,"correlation_id":null,"level":"INFO","message":"connection-log connection from 128.14.141.34:42296 to port 80","ip":"128.14.141.34"},"id":"ec0a7670-7924-4797-85a8-e024eb234f46","EventProcessedUtcTime":"2023-02-24T17:43:36.4336380Z","PartitionId":0,"EventEnqueuedUtcTime":"2023-02-24T17:43:36.2040000Z","path":"D495D9BB-0F5F-4945-9B2D-F90CAD90E413/2102ac15-bf5e-456c-ab63-90cb836ed7ad/apache-server/128.14.141.34"}
{"customerid":"D495D9BB-0F5F-4945-9B2D-F90CAD90E413","honeyserverid":"2102ac15-bf5e-456c-ab63-90cb836ed7ad","logkind":"honeypot","honeypotid":"8BE585FB-2F2F-4BC6-8848-4165C1C4AA46","honeypotname":"apache-server","time":"Fri Feb 24 17:44:01 UTC 2023","parsedMessage":{"timestamp":"2023-02-24 17:43:35+00:00","message_type":"http-access","correlation_id":null,"level":"WARNING","message":"128.14.141.34 - - \"GET / HTTP/1.1\" 200 263 \"-\" \"Mozilla/5.0 (Windows NT 10.0; Win64; x64) AppleWebKit/537.36 (KHTML, like Gecko) Chrome/60.0.3112.113 Safari/537.36\"","ip":"128.14.141.34"},"id":"57c223b1-cbdd-4f8d-b7ce-04e059dc3afb","EventProcessedUtcTime":"2023-02-24T17:44:01.9182445Z","PartitionId":0,"EventEnqueuedUtcTime":"2023-02-24T17:44:01.7540000Z","path":"D495D9BB-0F5F-4945-9B2D-F90CAD90E413/2102ac15-bf5e-456c-ab63-90cb836ed7ad/apache-server/128.14.141.34"}