{"customerid":"D495D9BB-0F5F-4945-9B2D-F90CAD90E413","honeyserverid":"2102ac15-bf5e-456c-ab63-90cb836ed7ad","logkind":"connection","honeypotid":"8BE585FB-2F2F-4BC6-8848-4165C1C4AA46","honeypotname":"apache-server","time":"2023-03-07T00:05:41.997181","parsedMessage":{"timestamp":"2023-03-07 00:05:41.997181","message_type":null,"correlation_id":null,"level":"INFO","message":"connection-log connection from 128.14.141.34:37604 to port 80","ip":"128.14.141.34"},"id":"f30fca70-6362-4d0a-957a-24923fc171a5","EventProcessedUtcTime":"2023-03-07T00:05:42.4608533Z","PartitionId":0,"EventEnqueuedUtcTime":"2023-03-07T00:05:42.2630000Z","path":"D495D9BB-0F5F-4945-9B2D-F90CAD90E413/2102ac15-bf5e-456c-ab63-90cb836ed7ad/apache-server/128.14.141.34"}
{"customerid":"D495D9BB-0F5F-4945-9B2D-F90CAD90E413","honeyserverid":"2102ac15-bf5e-456c-ab63-90cb836ed7ad","logkind":"honeypot","honeypotid":"8BE585FB-2F2F-4BC6-8848-4165C1C4AA46","honeypotname":"apache-server","time":"Tue Mar  7 00:06:01 UTC 2023","parsedMessage":{"timestamp":"2023-03-07 00:05:41+00:00","message_type":"http-access","correlation_id":null,"level":"WARNING","message":"128.14.141.34 - - \"GET /Telerik.Web.UI.WebResource.axd?type=rau HTTP/1.1\" 404 435 \"-\" \"Mozilla/5.0 (Windows NT 10.0; Win64; x64) AppleWebKit/537.36 (KHTML, like Gecko) Chrome/60.0.3112.113 Safari/537.36\"","ip":"128.14.141.34"},"id":"75b7ecfe-ed12-4963-a555-1ce907459002","EventProcessedUtcTime":"2023-03-07T00:06:02.3670585Z","PartitionId":0,"EventEnqueuedUtcTime":"2023-03-07T00:06:02.1380000Z","path":"D495D9BB-0F5F-4945-9B2D-F90CAD90E413/2102ac15-bf5e-456c-ab63-90cb836ed7ad/apache-server/128.14.141.34"}