{"customerid":"D495D9BB-0F5F-4945-9B2D-F90CAD90E413","honeyserverid":"87422976-5cd1-469f-9125-4b1f29054ed5","logkind":"connection","honeypotid":"8BE585FB-2F2F-4BC6-8848-4165C1C4AA46","honeypotname":"apache-server","time":"2023-04-03T01:33:55.591575","parsedMessage":{"timestamp":"2023-04-03 01:33:55.591575","message_type":null,"correlation_id":null,"level":"INFO","message":"connection-log connection from 128.14.141.34:37378 to port 80","ip":"128.14.141.34"},"id":"505633e2-5a0c-4afb-9004-ad15f367d012","EventProcessedUtcTime":"2023-04-03T01:33:55.9583107Z","PartitionId":0,"EventEnqueuedUtcTime":"2023-04-03T01:33:55.7680000Z","path":"D495D9BB-0F5F-4945-9B2D-F90CAD90E413/87422976-5cd1-469f-9125-4b1f29054ed5/apache-server/128.14.141.34"}
{"customerid":"D495D9BB-0F5F-4945-9B2D-F90CAD90E413","honeyserverid":"87422976-5cd1-469f-9125-4b1f29054ed5","logkind":"honeypot","honeypotid":"8BE585FB-2F2F-4BC6-8848-4165C1C4AA46","honeypotname":"apache-server","time":"Mon Apr  3 01:34:01 UTC 2023","parsedMessage":{"timestamp":"2023-04-03 01:33:55+00:00","message_type":"http-access","correlation_id":null,"level":"WARNING","message":"128.14.141.34 - - \"GET / HTTP/1.1\" 200 17777 \"-\" \"Mozilla/5.0 (Windows NT 10.0; Win64; x64) AppleWebKit/537.36 (KHTML, like Gecko) Chrome/60.0.3112.113 Safari/537.36\"","ip":"128.14.141.34"},"id":"f41ab13f-5cf6-4fde-a0ef-dd1f329d06ed","EventProcessedUtcTime":"2023-04-03T01:34:02.0990635Z","PartitionId":0,"EventEnqueuedUtcTime":"2023-04-03T01:34:01.9250000Z","path":"D495D9BB-0F5F-4945-9B2D-F90CAD90E413/87422976-5cd1-469f-9125-4b1f29054ed5/apache-server/128.14.141.34"}