{"customerid":"D495D9BB-0F5F-4945-9B2D-F90CAD90E413","honeyserverid":"87422976-5cd1-469f-9125-4b1f29054ed5","logkind":"connection","honeypotid":"8BE585FB-2F2F-4BC6-8848-4165C1C4AA46","honeypotname":"apache-server","time":"2023-04-02T01:18:10.334005","parsedMessage":{"timestamp":"2023-04-02 01:18:10.334005","message_type":null,"correlation_id":null,"level":"INFO","message":"connection-log connection from 20.3.251.56:54411 to port 80","ip":"20.3.251.56"},"id":"36e79da5-dad9-4967-adf8-365d2108bca8","EventProcessedUtcTime":"2023-04-02T01:18:10.6203626Z","PartitionId":0,"EventEnqueuedUtcTime":"2023-04-02T01:18:10.5170000Z","path":"D495D9BB-0F5F-4945-9B2D-F90CAD90E413/87422976-5cd1-469f-9125-4b1f29054ed5/apache-server/20.3.251.56"}
{"customerid":"D495D9BB-0F5F-4945-9B2D-F90CAD90E413","honeyserverid":"87422976-5cd1-469f-9125-4b1f29054ed5","logkind":"connection","honeypotid":"8BE585FB-2F2F-4BC6-8848-4165C1C4AA46","honeypotname":"apache-server","time":"2023-04-02T01:20:04.743302","parsedMessage":{"timestamp":"2023-04-02 01:20:04.743302","message_type":null,"correlation_id":null,"level":"INFO","message":"connection-log connection from 20.3.251.56:55614 to port 80","ip":"20.3.251.56"},"id":"9338246d-525b-4743-8019-3d152148569d","EventProcessedUtcTime":"2023-04-02T01:20:08.7614649Z","PartitionId":0,"EventEnqueuedUtcTime":"2023-04-02T01:20:08.6830000Z","path":"D495D9BB-0F5F-4945-9B2D-F90CAD90E413/87422976-5cd1-469f-9125-4b1f29054ed5/apache-server/20.3.251.56"}
{"customerid":"D495D9BB-0F5F-4945-9B2D-F90CAD90E413","honeyserverid":"87422976-5cd1-469f-9125-4b1f29054ed5","logkind":"honeypot","honeypotid":"8BE585FB-2F2F-4BC6-8848-4165C1C4AA46","honeypotname":"apache-server","time":"Sun Apr  2 01:21:01 UTC 2023","parsedMessage":{"timestamp":"2023-04-02 01:20:04+00:00","message_type":"http-access","correlation_id":null,"level":"WARNING","message":"20.3.251.56 - - \"GET / HTTP/1.0\" 200 144000 \"-\" \"-\"","ip":"20.3.251.56"},"id":"f1dbc979-5457-42d9-8a45-889104264a1a","EventProcessedUtcTime":"2023-04-02T01:21:01.8395953Z","PartitionId":0,"EventEnqueuedUtcTime":"2023-04-02T01:21:01.6860000Z","path":"D495D9BB-0F5F-4945-9B2D-F90CAD90E413/87422976-5cd1-469f-9125-4b1f29054ed5/apache-server/20.3.251.56"}