{"customerid":"D495D9BB-0F5F-4945-9B2D-F90CAD90E413","honeyserverid":"2102ac15-bf5e-456c-ab63-90cb836ed7ad","logkind":"honeypot","honeypotid":"8BE585FB-2F2F-4BC6-8848-4165C1C4AA46","honeypotname":"apache-server","time":"Tue Feb 28 01:46:01 UTC 2023","parsedMessage":{"timestamp":"2023-02-28 01:45:53+00:00","message_type":"http-access","correlation_id":null,"level":"WARNING","message":"198.235.24.130 - - \"GET / HTTP/1.1\" 200 263 \"-\" \"Expanse, a Palo Alto Networks company, searches across the global IPv4 space multiple times per day to identify customers&#39; presences on the Internet. If you would like to be excluded from our scans, please send IP addresses/domains to: scaninfo@paloaltonetworks.com\"","ip":"198.235.24.130"},"id":"cd2dc4cb-4917-4791-b877-fc21e6358372","EventProcessedUtcTime":"2023-02-28T01:46:02.2881750Z","PartitionId":0,"EventEnqueuedUtcTime":"2023-02-28T01:46:02.0510000Z","path":"D495D9BB-0F5F-4945-9B2D-F90CAD90E413/2102ac15-bf5e-456c-ab63-90cb836ed7ad/apache-server/198.235.24.130"}