{"customerid":"D495D9BB-0F5F-4945-9B2D-F90CAD90E413","honeyserverid":"2102ac15-bf5e-456c-ab63-90cb836ed7ad","logkind":"honeypot","honeypotid":"8BE585FB-2F2F-4BC6-8848-4165C1C4AA46","honeypotname":"apache-server","time":"Thu Mar  2 19:17:01 UTC 2023","parsedMessage":{"timestamp":"2023-03-02 19:16:07+00:00","message_type":"http-access","correlation_id":null,"level":"WARNING","message":"172.104.131.24 - - \"GET / HTTP/1.1\" 200 263 \"-\" \"Mozilla/5.0 zgrab/0.x\"","ip":"172.104.131.24"},"id":"75e2495c-0b68-4510-bc21-47ae9f41e4fb","EventProcessedUtcTime":"2023-03-02T19:17:02.3526557Z","PartitionId":0,"EventEnqueuedUtcTime":"2023-03-02T19:17:02.2290000Z","path":"D495D9BB-0F5F-4945-9B2D-F90CAD90E413/2102ac15-bf5e-456c-ab63-90cb836ed7ad/apache-server/172.104.131.24"}