{"customerid":"D495D9BB-0F5F-4945-9B2D-F90CAD90E413","honeyserverid":"2102ac15-bf5e-456c-ab63-90cb836ed7ad","logkind":"honeypot","honeypotid":"8BE585FB-2F2F-4BC6-8848-4165C1C4AA46","honeypotname":"apache-server","time":"Sat Feb 25 13:47:02 UTC 2023","parsedMessage":{"timestamp":"2023-02-25 13:46:22+00:00","message_type":"http-access","correlation_id":null,"level":"WARNING","message":"188.237.134.21 - - \"GET / HTTP/1.1\" 200 263 \"-\" \"Mozilla/5.0 (Windows NT 6.1; WOW64) AppleWebKit/537.36 (KHTML, like Gecko) Chrome/51.0.2704.103 Safari/537.36\"","ip":"188.237.134.21"},"id":"96e785c0-6874-4d01-bfb0-2c56c3ac6f3a","EventProcessedUtcTime":"2023-02-25T13:47:02.6579669Z","PartitionId":0,"EventEnqueuedUtcTime":"2023-02-25T13:47:02.4360000Z","path":"D495D9BB-0F5F-4945-9B2D-F90CAD90E413/2102ac15-bf5e-456c-ab63-90cb836ed7ad/apache-server/188.237.134.21"}