{"customerid":"D495D9BB-0F5F-4945-9B2D-F90CAD90E413","honeyserverid":"2102ac15-bf5e-456c-ab63-90cb836ed7ad","logkind":"connection","honeypotid":"8BE585FB-2F2F-4BC6-8848-4165C1C4AA46","honeypotname":"apache-server","time":"2023-02-28T03:25:51.042826","parsedMessage":{"timestamp":"2023-02-28 03:25:51.042826","message_type":null,"correlation_id":null,"level":"INFO","message":"connection-log connection from 184.105.139.92:51937 to port 80","ip":"184.105.139.92"},"id":"fe0e6bcb-01f2-4b57-aef5-526184bc6067","EventProcessedUtcTime":"2023-02-28T03:25:51.4826280Z","PartitionId":0,"EventEnqueuedUtcTime":"2023-02-28T03:25:51.3300000Z","path":"D495D9BB-0F5F-4945-9B2D-F90CAD90E413/2102ac15-bf5e-456c-ab63-90cb836ed7ad/apache-server/184.105.139.92"}