{"customerid":"D495D9BB-0F5F-4945-9B2D-F90CAD90E413","honeyserverid":"2102ac15-bf5e-456c-ab63-90cb836ed7ad","logkind":"connection","honeypotid":"8BE585FB-2F2F-4BC6-8848-4165C1C4AA46","honeypotname":"apache-server","time":"2023-03-07T02:15:03.865313","parsedMessage":{"timestamp":"2023-03-07 02:15:03.865313","message_type":null,"correlation_id":null,"level":"INFO","message":"connection-log connection from 20.64.226.44:64842 to port 80","ip":"20.64.226.44"},"id":"5e1735eb-4f4c-4306-a971-682261bfb9fa","EventProcessedUtcTime":"2023-03-07T02:15:04.3284118Z","PartitionId":0,"EventEnqueuedUtcTime":"2023-03-07T02:15:04.2790000Z","path":"D495D9BB-0F5F-4945-9B2D-F90CAD90E413/2102ac15-bf5e-456c-ab63-90cb836ed7ad/apache-server/20.64.226.44"}
{"customerid":"D495D9BB-0F5F-4945-9B2D-F90CAD90E413","honeyserverid":"2102ac15-bf5e-456c-ab63-90cb836ed7ad","logkind":"honeypot","honeypotid":"8BE585FB-2F2F-4BC6-8848-4165C1C4AA46","honeypotname":"apache-server","time":"Tue Mar  7 02:17:02 UTC 2023","parsedMessage":{"timestamp":"2023-03-07 02:16:05+00:00","message_type":"http-access","correlation_id":null,"level":"WARNING","message":"20.64.226.44 - - \"GET / HTTP/1.0\" 200 282 \"-\" \"-\"","ip":"20.64.226.44"},"id":"6c83825f-5fe9-40bc-9489-f209c8677ffd","EventProcessedUtcTime":"2023-03-07T02:17:02.6866106Z","PartitionId":0,"EventEnqueuedUtcTime":"2023-03-07T02:17:02.4990000Z","path":"D495D9BB-0F5F-4945-9B2D-F90CAD90E413/2102ac15-bf5e-456c-ab63-90cb836ed7ad/apache-server/20.64.226.44"}