{"customerid":"D495D9BB-0F5F-4945-9B2D-F90CAD90E413","honeyserverid":"2102ac15-bf5e-456c-ab63-90cb836ed7ad","logkind":"connection","honeypotid":"8BE585FB-2F2F-4BC6-8848-4165C1C4AA46","honeypotname":"apache-server","time":"2023-02-23T05:46:47.535937","parsedMessage":{"timestamp":"2023-02-23 05:46:47.535937","message_type":null,"correlation_id":null,"level":"INFO","message":"connection-log connection from 109.237.98.235:34156 to port 80","ip":"109.237.98.235"},"id":"aa3e7449-a51a-4f45-896a-cd1f40030d9e","EventProcessedUtcTime":"2023-02-23T05:46:48.0102825Z","PartitionId":0,"EventEnqueuedUtcTime":"2023-02-23T05:46:47.7920000Z","path":"D495D9BB-0F5F-4945-9B2D-F90CAD90E413/2102ac15-bf5e-456c-ab63-90cb836ed7ad/apache-server/109.237.98.235"}