{"customerid":"D495D9BB-0F5F-4945-9B2D-F90CAD90E413","honeyserverid":"2102ac15-bf5e-456c-ab63-90cb836ed7ad","logkind":"connection","honeypotid":"8BE585FB-2F2F-4BC6-8848-4165C1C4AA46","honeypotname":"apache-server","time":"2023-03-05T13:26:19.914216","parsedMessage":{"timestamp":"2023-03-05 13:26:19.914216","message_type":null,"correlation_id":null,"level":"INFO","message":"connection-log connection from 109.237.98.235:55788 to port 80","ip":"109.237.98.235"},"id":"0ee78a63-77b7-4aaa-bd57-d640f3838fd3","EventProcessedUtcTime":"2023-03-05T13:26:20.4263724Z","PartitionId":0,"EventEnqueuedUtcTime":"2023-03-05T13:26:20.2210000Z","path":"D495D9BB-0F5F-4945-9B2D-F90CAD90E413/2102ac15-bf5e-456c-ab63-90cb836ed7ad/apache-server/109.237.98.235"}
{"customerid":"D495D9BB-0F5F-4945-9B2D-F90CAD90E413","honeyserverid":"2102ac15-bf5e-456c-ab63-90cb836ed7ad","logkind":"connection","honeypotid":"8BE585FB-2F2F-4BC6-8848-4165C1C4AA46","honeypotname":"apache-server","time":"2023-03-08T00:43:09.781659","parsedMessage":{"timestamp":"2023-03-08 00:43:09.781659","message_type":null,"correlation_id":null,"level":"INFO","message":"connection-log connection from 109.237.98.235:45309 to port 80","ip":"109.237.98.235"},"id":"e75f877d-d6a3-4e60-b177-2772986bec41","EventProcessedUtcTime":"2023-03-08T00:43:10.2176820Z","PartitionId":0,"EventEnqueuedUtcTime":"2023-03-08T00:43:10.0110000Z","path":"D495D9BB-0F5F-4945-9B2D-F90CAD90E413/2102ac15-bf5e-456c-ab63-90cb836ed7ad/apache-server/109.237.98.235"}