{"customerid":"D495D9BB-0F5F-4945-9B2D-F90CAD90E413","honeyserverid":"2102ac15-bf5e-456c-ab63-90cb836ed7ad","logkind":"connection","honeypotid":"8BE585FB-2F2F-4BC6-8848-4165C1C4AA46","honeypotname":"apache-server","time":"2023-03-05T02:00:51.618866","parsedMessage":{"timestamp":"2023-03-05 02:00:51.618866","message_type":null,"correlation_id":null,"level":"INFO","message":"connection-log connection from 205.210.31.17:56571 to port 80","ip":"205.210.31.17"},"id":"8c8cc025-1290-449a-b98f-c0faaf192ca7","EventProcessedUtcTime":"2023-03-05T02:00:51.9807878Z","PartitionId":0,"EventEnqueuedUtcTime":"2023-03-05T02:00:51.8230000Z","path":"D495D9BB-0F5F-4945-9B2D-F90CAD90E413/2102ac15-bf5e-456c-ab63-90cb836ed7ad/apache-server/205.210.31.17"}
{"customerid":"D495D9BB-0F5F-4945-9B2D-F90CAD90E413","honeyserverid":"2102ac15-bf5e-456c-ab63-90cb836ed7ad","logkind":"honeypot","honeypotid":"8BE585FB-2F2F-4BC6-8848-4165C1C4AA46","honeypotname":"apache-server","time":"Sun Mar  5 02:01:01 UTC 2023","parsedMessage":{"timestamp":"2023-03-05 02:00:52+00:00","message_type":"http-access","correlation_id":null,"level":"WARNING","message":"205.210.31.17 - - \"GET / HTTP/1.0\" 200 282 \"-\" \"Expanse, a Palo Alto Networks company, searches across the global IPv4 space multiple times per day to identify customers&#39; presences on the Internet. If you would like to be excluded from our scans, please send IP addresses/domains to: scaninfo@paloaltonetworks.com\"","ip":"205.210.31.17"},"id":"6b5bb2b9-781c-41f9-9b08-5529af5185f3","EventProcessedUtcTime":"2023-03-05T02:01:01.8245169Z","PartitionId":0,"EventEnqueuedUtcTime":"2023-03-05T02:01:01.6520000Z","path":"D495D9BB-0F5F-4945-9B2D-F90CAD90E413/2102ac15-bf5e-456c-ab63-90cb836ed7ad/apache-server/205.210.31.17"}