{"customerid":"D495D9BB-0F5F-4945-9B2D-F90CAD90E413","honeyserverid":"2102ac15-bf5e-456c-ab63-90cb836ed7ad","logkind":"connection","honeypotid":"8BE585FB-2F2F-4BC6-8848-4165C1C4AA46","honeypotname":"apache-server","time":"2023-03-06T05:26:31.651583","parsedMessage":{"timestamp":"2023-03-06 05:26:31.651583","message_type":null,"correlation_id":null,"level":"INFO","message":"connection-log connection from 197.232.106.217:35410 to port 80","ip":"197.232.106.217"},"id":"c813a0e6-4b27-421f-8afb-d2317a5af2cb","EventProcessedUtcTime":"2023-03-06T05:26:32.0742190Z","PartitionId":0,"EventEnqueuedUtcTime":"2023-03-06T05:26:31.9550000Z","path":"D495D9BB-0F5F-4945-9B2D-F90CAD90E413/2102ac15-bf5e-456c-ab63-90cb836ed7ad/apache-server/197.232.106.217"}
{"customerid":"D495D9BB-0F5F-4945-9B2D-F90CAD90E413","honeyserverid":"2102ac15-bf5e-456c-ab63-90cb836ed7ad","logkind":"honeypot","honeypotid":"8BE585FB-2F2F-4BC6-8848-4165C1C4AA46","honeypotname":"apache-server","time":"Mon Mar  6 05:27:01 UTC 2023","parsedMessage":{"timestamp":"2023-03-06 05:26:31+00:00","message_type":"http-access","correlation_id":null,"level":"WARNING","message":"197.232.106.217 - - \"GET / HTTP/1.1\" 200 263 \"-\" \"Mozilla/5.0 (Macintosh; Intel Mac OS X 10_11_6) AppleWebKit/601.7.7 (KHTML, like Gecko) Version/9.1.2 Safari/601.7.7\"","ip":"197.232.106.217"},"id":"8348cdc2-3be5-46a0-96f4-3a75dc2c2350","EventProcessedUtcTime":"2023-03-06T05:27:01.7140033Z","PartitionId":0,"EventEnqueuedUtcTime":"2023-03-06T05:27:01.5050000Z","path":"D495D9BB-0F5F-4945-9B2D-F90CAD90E413/2102ac15-bf5e-456c-ab63-90cb836ed7ad/apache-server/197.232.106.217"}