{"customerid":"D495D9BB-0F5F-4945-9B2D-F90CAD90E413","honeyserverid":"2102ac15-bf5e-456c-ab63-90cb836ed7ad","logkind":"connection","honeypotid":"8BE585FB-2F2F-4BC6-8848-4165C1C4AA46","honeypotname":"apache-server","time":"2023-02-24T00:39:25.713999","parsedMessage":{"timestamp":"2023-02-24 00:39:25.713999","message_type":null,"correlation_id":null,"level":"INFO","message":"connection-log connection from 174.138.26.57:53630 to port 80","ip":"174.138.26.57"},"id":"7351b69d-07f8-45db-971b-df80506eaf88","EventProcessedUtcTime":"2023-02-24T00:39:26.2425614Z","PartitionId":0,"EventEnqueuedUtcTime":"2023-02-24T00:39:26.0100000Z","path":"D495D9BB-0F5F-4945-9B2D-F90CAD90E413/2102ac15-bf5e-456c-ab63-90cb836ed7ad/apache-server/174.138.26.57"}