{"customerid":"D495D9BB-0F5F-4945-9B2D-F90CAD90E413","honeyserverid":"2102ac15-bf5e-456c-ab63-90cb836ed7ad","logkind":"honeypot","honeypotid":"8BE585FB-2F2F-4BC6-8848-4165C1C4AA46","honeypotname":"apache-server","time":"Wed Mar  1 12:50:02 UTC 2023","parsedMessage":{"timestamp":"2023-03-01 12:49:03+00:00","message_type":"http-access","correlation_id":null,"level":"WARNING","message":"154.73.66.27 - - \"GET / HTTP/1.1\" 200 263 \"-\" \"Mozilla/5.0 (Windows NT 6.1; WOW64) AppleWebKit/537.36 (KHTML, like Gecko) Chrome/52.0.2743.116 Safari/537.36\"","ip":"154.73.66.27"},"id":"80983c36-d593-4ad6-90c5-caefdcf2af46","EventProcessedUtcTime":"2023-03-01T12:50:08.5348818Z","PartitionId":0,"EventEnqueuedUtcTime":"2023-03-01T12:50:08.3610000Z","path":"D495D9BB-0F5F-4945-9B2D-F90CAD90E413/2102ac15-bf5e-456c-ab63-90cb836ed7ad/apache-server/154.73.66.27"}