{"customerid":"D495D9BB-0F5F-4945-9B2D-F90CAD90E413","honeyserverid":"87422976-5cd1-469f-9125-4b1f29054ed5","logkind":"connection","honeypotid":"8BE585FB-2F2F-4BC6-8848-4165C1C4AA46","honeypotname":"apache-server","time":"2023-04-01T10:08:48.257335","parsedMessage":{"timestamp":"2023-04-01 10:08:48.257335","message_type":null,"correlation_id":null,"level":"INFO","message":"connection-log connection from 1.189.89.137:0 to port 80","ip":"1.189.89.137"},"id":"372c48af-7972-4eba-80c0-562dd37c089a","EventProcessedUtcTime":"2023-04-01T10:08:48.5478624Z","PartitionId":0,"EventEnqueuedUtcTime":"2023-04-01T10:08:48.4470000Z","path":"D495D9BB-0F5F-4945-9B2D-F90CAD90E413/87422976-5cd1-469f-9125-4b1f29054ed5/apache-server/1.189.89.137"}
{"customerid":"D495D9BB-0F5F-4945-9B2D-F90CAD90E413","honeyserverid":"87422976-5cd1-469f-9125-4b1f29054ed5","logkind":"connection","honeypotid":"8BE585FB-2F2F-4BC6-8848-4165C1C4AA46","honeypotname":"apache-server","time":"2023-04-01T10:08:48.257335","parsedMessage":{"timestamp":"2023-04-01 10:08:48.257335","message_type":null,"correlation_id":null,"level":"INFO","message":"connection-log connection from 1.189.89.137:0 to port 80","ip":"1.189.89.137"},"id":"372c48af-7972-4eba-80c0-562dd37c089a","EventProcessedUtcTime":"2023-04-01T10:08:55.7658147Z","PartitionId":0,"EventEnqueuedUtcTime":"2023-04-01T10:08:55.5420000Z","path":"D495D9BB-0F5F-4945-9B2D-F90CAD90E413/87422976-5cd1-469f-9125-4b1f29054ed5/apache-server/1.189.89.137"}