{"customerid":"D495D9BB-0F5F-4945-9B2D-F90CAD90E413","honeyserverid":"87422976-5cd1-469f-9125-4b1f29054ed5","logkind":"connection","honeypotid":"8BE585FB-2F2F-4BC6-8848-4165C1C4AA46","honeypotname":"apache-server","time":"2023-04-02T06:36:00.328755","parsedMessage":{"timestamp":"2023-04-02 06:36:00.328755","message_type":null,"correlation_id":null,"level":"INFO","message":"connection-log connection from 117.197.136.176:62049 to port 80","ip":"117.197.136.176"},"id":"22604c32-30d8-40d2-9171-2c3a2b1cb61e","EventProcessedUtcTime":"2023-04-02T06:36:00.5559899Z","PartitionId":0,"EventEnqueuedUtcTime":"2023-04-02T06:36:00.5180000Z","path":"D495D9BB-0F5F-4945-9B2D-F90CAD90E413/87422976-5cd1-469f-9125-4b1f29054ed5/apache-server/117.197.136.176"}