{"customerid":"D495D9BB-0F5F-4945-9B2D-F90CAD90E413","honeyserverid":"87422976-5cd1-469f-9125-4b1f29054ed5","logkind":"connection","honeypotid":"8BE585FB-2F2F-4BC6-8848-4165C1C4AA46","honeypotname":"apache-server","time":"2023-04-01T11:21:16.998998","parsedMessage":{"timestamp":"2023-04-01 11:21:16.998998","message_type":null,"correlation_id":null,"level":"INFO","message":"connection-log connection from 103.203.57.6:60103 to port 80","ip":"103.203.57.6"},"id":"2704bba8-51f2-4616-a0de-3d9766c242a6","EventProcessedUtcTime":"2023-04-01T11:21:17.4700667Z","PartitionId":0,"EventEnqueuedUtcTime":"2023-04-01T11:21:17.2400000Z","path":"D495D9BB-0F5F-4945-9B2D-F90CAD90E413/87422976-5cd1-469f-9125-4b1f29054ed5/apache-server/103.203.57.6"}