{"customerid":"D495D9BB-0F5F-4945-9B2D-F90CAD90E413","honeyserverid":"87422976-5cd1-469f-9125-4b1f29054ed5","logkind":"honeypot","honeypotid":"8BE585FB-2F2F-4BC6-8848-4165C1C4AA46","honeypotname":"apache-server","time":"Mon Apr  3 08:58:01 UTC 2023","parsedMessage":{"timestamp":"2023-04-03 08:57:43+00:00","message_type":"http-access","correlation_id":null,"level":"WARNING","message":"176.97.210.122 - - \"GET / HTTP/1.1\" 200 17796 \"http://51.11.166.181:80/left.html\" \"Mozilla/5.0 (X11; Ubuntu; Linux x86_64; rv:77.0) Gecko/20100101 Firefox/77.0\"","ip":"176.97.210.122"},"id":"7fc80754-7e93-45c2-bf83-34da8d5ecc4a","EventProcessedUtcTime":"2023-04-03T08:58:02.0455283Z","PartitionId":0,"EventEnqueuedUtcTime":"2023-04-03T08:58:01.8660000Z","path":"D495D9BB-0F5F-4945-9B2D-F90CAD90E413/87422976-5cd1-469f-9125-4b1f29054ed5/apache-server/176.97.210.122"}