{"customerid":"D495D9BB-0F5F-4945-9B2D-F90CAD90E413","honeyserverid":"87422976-5cd1-469f-9125-4b1f29054ed5","logkind":"connection","honeypotid":"8BE585FB-2F2F-4BC6-8848-4165C1C4AA46","honeypotname":"apache-server","time":"2023-04-03T08:29:58.080696","parsedMessage":{"timestamp":"2023-04-03 08:29:58.080696","message_type":null,"correlation_id":null,"level":"INFO","message":"connection-log connection from 202.65.46.84:45129 to port 80","ip":"202.65.46.84"},"id":"8eaeae15-f19a-4f58-89c2-97ab5006b50d","EventProcessedUtcTime":"2023-04-03T08:29:58.4536888Z","PartitionId":0,"EventEnqueuedUtcTime":"2023-04-03T08:29:58.2790000Z","path":"D495D9BB-0F5F-4945-9B2D-F90CAD90E413/87422976-5cd1-469f-9125-4b1f29054ed5/apache-server/202.65.46.84"}
{"customerid":"D495D9BB-0F5F-4945-9B2D-F90CAD90E413","honeyserverid":"87422976-5cd1-469f-9125-4b1f29054ed5","logkind":"connection","honeypotid":"8BE585FB-2F2F-4BC6-8848-4165C1C4AA46","honeypotname":"apache-server","time":"2023-04-03T08:30:01.505456","parsedMessage":{"timestamp":"2023-04-03 08:30:01.505456","message_type":null,"correlation_id":null,"level":"INFO","message":"connection-log connection from 202.65.46.84:45129 to port 80","ip":"202.65.46.84"},"id":"13606331-8582-4466-b9b5-ad6544a40908","EventProcessedUtcTime":"2023-04-03T08:30:04.5788305Z","PartitionId":0,"EventEnqueuedUtcTime":"2023-04-03T08:30:04.3880000Z","path":"D495D9BB-0F5F-4945-9B2D-F90CAD90E413/87422976-5cd1-469f-9125-4b1f29054ed5/apache-server/202.65.46.84"}
{"customerid":"D495D9BB-0F5F-4945-9B2D-F90CAD90E413","honeyserverid":"87422976-5cd1-469f-9125-4b1f29054ed5","logkind":"honeypot","honeypotid":"8BE585FB-2F2F-4BC6-8848-4165C1C4AA46","honeypotname":"apache-server","time":"Mon Apr  3 08:31:01 UTC 2023","parsedMessage":{"timestamp":"2023-04-03 08:29:58+00:00","message_type":"http-access","correlation_id":null,"level":"WARNING","message":"202.65.46.84 - - \"POST /GponForm/diag_Form?images/ HTTP/1.1\" 404 488 \"-\" \"Hello, World\"","ip":"202.65.46.84"},"id":"7e07a96e-2cb1-42bd-9169-cdeae5b8ad5d","EventProcessedUtcTime":"2023-04-03T08:31:01.6728868Z","PartitionId":0,"EventEnqueuedUtcTime":"2023-04-03T08:31:01.4360000Z","path":"D495D9BB-0F5F-4945-9B2D-F90CAD90E413/87422976-5cd1-469f-9125-4b1f29054ed5/apache-server/202.65.46.84"}