{"customerid":"D495D9BB-0F5F-4945-9B2D-F90CAD90E413","honeyserverid":"2102ac15-bf5e-456c-ab63-90cb836ed7ad","logkind":"connection","honeypotid":"8BE585FB-2F2F-4BC6-8848-4165C1C4AA46","honeypotname":"apache-server","time":"2023-02-27T14:23:44.071338","parsedMessage":{"timestamp":"2023-02-27 14:23:44.071338","message_type":null,"correlation_id":null,"level":"INFO","message":"connection-log connection from 128.14.209.162:43424 to port 80","ip":"128.14.209.162"},"id":"ed3528ed-415b-4bc8-9df9-b3cf6cd10b2e","EventProcessedUtcTime":"2023-02-27T14:23:44.5971822Z","PartitionId":0,"EventEnqueuedUtcTime":"2023-02-27T14:23:44.4100000Z","path":"D495D9BB-0F5F-4945-9B2D-F90CAD90E413/2102ac15-bf5e-456c-ab63-90cb836ed7ad/apache-server/128.14.209.162"}
{"customerid":"D495D9BB-0F5F-4945-9B2D-F90CAD90E413","honeyserverid":"2102ac15-bf5e-456c-ab63-90cb836ed7ad","logkind":"honeypot","honeypotid":"8BE585FB-2F2F-4BC6-8848-4165C1C4AA46","honeypotname":"apache-server","time":"Mon Feb 27 14:24:02 UTC 2023","parsedMessage":{"timestamp":"2023-02-27 14:23:43+00:00","message_type":"http-access","correlation_id":null,"level":"WARNING","message":"128.14.209.162 - - \"GET / HTTP/1.1\" 200 263 \"-\" \"Mozilla/5.0 (Windows NT 10.0; Win64; x64) AppleWebKit/537.36 (KHTML, like Gecko) Chrome/60.0.3112.113 Safari/537.36\"","ip":"128.14.209.162"},"id":"2e146c8c-658b-429d-b59c-9f4919420774","EventProcessedUtcTime":"2023-02-27T14:24:02.5356951Z","PartitionId":0,"EventEnqueuedUtcTime":"2023-02-27T14:24:02.4300000Z","path":"D495D9BB-0F5F-4945-9B2D-F90CAD90E413/2102ac15-bf5e-456c-ab63-90cb836ed7ad/apache-server/128.14.209.162"}