{"customerid":"D495D9BB-0F5F-4945-9B2D-F90CAD90E413","honeyserverid":"2102ac15-bf5e-456c-ab63-90cb836ed7ad","logkind":"honeypot","honeypotid":"8BE585FB-2F2F-4BC6-8848-4165C1C4AA46","honeypotname":"apache-server","time":"Sat Mar  4 03:46:01 UTC 2023","parsedMessage":{"timestamp":"2023-03-04 03:45:07+00:00","message_type":"http-access","correlation_id":null,"level":"WARNING","message":"20.228.190.236 - - \"GET /.env HTTP/1.1\" 404 491 \"-\" \"python-requests/2.28.2\"","ip":"20.228.190.236"},"id":"f3d58431-24a7-4322-bd17-cb8617cce20e","EventProcessedUtcTime":"2023-03-04T03:46:02.0587820Z","PartitionId":0,"EventEnqueuedUtcTime":"2023-03-04T03:46:01.8340000Z","path":"D495D9BB-0F5F-4945-9B2D-F90CAD90E413/2102ac15-bf5e-456c-ab63-90cb836ed7ad/apache-server/20.228.190.236"}