{"customerid":"D495D9BB-0F5F-4945-9B2D-F90CAD90E413","honeyserverid":"87422976-5cd1-469f-9125-4b1f29054ed5","logkind":"connection","honeypotid":"8BE585FB-2F2F-4BC6-8848-4165C1C4AA46","honeypotname":"apache-server","time":"2023-04-01T10:43:39.945565","parsedMessage":{"timestamp":"2023-04-01 10:43:39.945565","message_type":null,"correlation_id":null,"level":"INFO","message":"connection-log connection from 154.6.130.144:58198 to port 80","ip":"154.6.130.144"},"id":"d18d4fa8-03e7-4c1e-ac2d-d2fe233e8a0e","EventProcessedUtcTime":"2023-04-01T10:43:40.1720125Z","PartitionId":0,"EventEnqueuedUtcTime":"2023-04-01T10:43:40.1220000Z","path":"D495D9BB-0F5F-4945-9B2D-F90CAD90E413/87422976-5cd1-469f-9125-4b1f29054ed5/apache-server/154.6.130.144"}