{"customerid":"D495D9BB-0F5F-4945-9B2D-F90CAD90E413","honeyserverid":"2102ac15-bf5e-456c-ab63-90cb836ed7ad","logkind":"connection","honeypotid":"8BE585FB-2F2F-4BC6-8848-4165C1C4AA46","honeypotname":"apache-server","time":"2023-03-02T10:56:10.105338","parsedMessage":{"timestamp":"2023-03-02 10:56:10.105338","message_type":null,"correlation_id":null,"level":"INFO","message":"connection-log connection from 154.6.130.144:44243 to port 80","ip":"154.6.130.144"},"id":"b6dde537-39e7-4b66-84e4-41c650a51755","EventProcessedUtcTime":"2023-03-02T10:56:10.4152094Z","PartitionId":0,"EventEnqueuedUtcTime":"2023-03-02T10:56:10.2620000Z","path":"D495D9BB-0F5F-4945-9B2D-F90CAD90E413/2102ac15-bf5e-456c-ab63-90cb836ed7ad/apache-server/154.6.130.144"}