{"customerid":"D495D9BB-0F5F-4945-9B2D-F90CAD90E413","honeyserverid":"2102ac15-bf5e-456c-ab63-90cb836ed7ad","logkind":"connection","honeypotid":"8BE585FB-2F2F-4BC6-8848-4165C1C4AA46","honeypotname":"apache-server","time":"2023-03-07T06:06:31.190998","parsedMessage":{"timestamp":"2023-03-07 06:06:31.190998","message_type":null,"correlation_id":null,"level":"INFO","message":"connection-log connection from 205.210.31.18:49785 to port 80","ip":"205.210.31.18"},"id":"452f2b20-077e-4314-a273-098ecfa11ef7","EventProcessedUtcTime":"2023-03-07T06:06:31.5761597Z","PartitionId":0,"EventEnqueuedUtcTime":"2023-03-07T06:06:31.4770000Z","path":"D495D9BB-0F5F-4945-9B2D-F90CAD90E413/2102ac15-bf5e-456c-ab63-90cb836ed7ad/apache-server/205.210.31.18"}
{"customerid":"D495D9BB-0F5F-4945-9B2D-F90CAD90E413","honeyserverid":"2102ac15-bf5e-456c-ab63-90cb836ed7ad","logkind":"honeypot","honeypotid":"8BE585FB-2F2F-4BC6-8848-4165C1C4AA46","honeypotname":"apache-server","time":"Tue Mar  7 06:07:02 UTC 2023","parsedMessage":{"timestamp":"2023-03-07 06:06:32+00:00","message_type":"http-access","correlation_id":null,"level":"WARNING","message":"205.210.31.18 - - \"GET / HTTP/1.0\" 200 282 \"-\" \"Expanse, a Palo Alto Networks company, searches across the global IPv4 space multiple times per day to identify customers&#39; presences on the Internet. If you would like to be excluded from our scans, please send IP addresses/domains to: scaninfo@paloaltonetworks.com\"","ip":"205.210.31.18"},"id":"1ac472d2-a2f7-44c6-8877-2141be3b9a5c","EventProcessedUtcTime":"2023-03-07T06:07:02.4197924Z","PartitionId":0,"EventEnqueuedUtcTime":"2023-03-07T06:07:02.3850000Z","path":"D495D9BB-0F5F-4945-9B2D-F90CAD90E413/2102ac15-bf5e-456c-ab63-90cb836ed7ad/apache-server/205.210.31.18"}