{"customerid":"D495D9BB-0F5F-4945-9B2D-F90CAD90E413","honeyserverid":"2102ac15-bf5e-456c-ab63-90cb836ed7ad","logkind":"connection","honeypotid":"8BE585FB-2F2F-4BC6-8848-4165C1C4AA46","honeypotname":"apache-server","time":"2023-02-27T19:14:29.128715","parsedMessage":{"timestamp":"2023-02-27 19:14:29.128715","message_type":null,"correlation_id":null,"level":"INFO","message":"connection-log connection from 122.96.31.141:29077 to port 80","ip":"122.96.31.141"},"id":"6fce3d60-4555-4502-908f-736fc2b4a983","EventProcessedUtcTime":"2023-02-27T19:14:29.5208157Z","PartitionId":0,"EventEnqueuedUtcTime":"2023-02-27T19:14:29.3730000Z","path":"D495D9BB-0F5F-4945-9B2D-F90CAD90E413/2102ac15-bf5e-456c-ab63-90cb836ed7ad/apache-server/122.96.31.141"}
{"customerid":"D495D9BB-0F5F-4945-9B2D-F90CAD90E413","honeyserverid":"2102ac15-bf5e-456c-ab63-90cb836ed7ad","logkind":"honeypot","honeypotid":"8BE585FB-2F2F-4BC6-8848-4165C1C4AA46","honeypotname":"apache-server","time":"Mon Feb 27 19:15:01 UTC 2023","parsedMessage":{"timestamp":"2023-02-27 19:14:29+00:00","message_type":"http-access","correlation_id":null,"level":"WARNING","message":"122.96.31.141 - - \"POST /GponForm/diag_Form?images/ HTTP/1.1\" 404 488 \"-\" \"Hello, World\"","ip":"122.96.31.141"},"id":"3ea14122-2d27-4513-8e8a-9e7f00c57ea9","EventProcessedUtcTime":"2023-02-27T19:15:02.3332293Z","PartitionId":0,"EventEnqueuedUtcTime":"2023-02-27T19:15:02.1300000Z","path":"D495D9BB-0F5F-4945-9B2D-F90CAD90E413/2102ac15-bf5e-456c-ab63-90cb836ed7ad/apache-server/122.96.31.141"}