{"customerid":"D495D9BB-0F5F-4945-9B2D-F90CAD90E413","honeyserverid":"2102ac15-bf5e-456c-ab63-90cb836ed7ad","logkind":"connection","honeypotid":"8BE585FB-2F2F-4BC6-8848-4165C1C4AA46","honeypotname":"apache-server","time":"2023-02-27T19:24:29.260300","parsedMessage":{"timestamp":"2023-02-27 19:24:29.260300","message_type":null,"correlation_id":null,"level":"INFO","message":"connection-log connection from 172.105.77.209:53927 to port 80","ip":"172.105.77.209"},"id":"9f51fcfa-6c1e-4ca2-a591-b48386675e2d","EventProcessedUtcTime":"2023-02-27T19:24:29.5108707Z","PartitionId":0,"EventEnqueuedUtcTime":"2023-02-27T19:24:29.4580000Z","path":"D495D9BB-0F5F-4945-9B2D-F90CAD90E413/2102ac15-bf5e-456c-ab63-90cb836ed7ad/apache-server/172.105.77.209"}
{"customerid":"D495D9BB-0F5F-4945-9B2D-F90CAD90E413","honeyserverid":"2102ac15-bf5e-456c-ab63-90cb836ed7ad","logkind":"honeypot","honeypotid":"8BE585FB-2F2F-4BC6-8848-4165C1C4AA46","honeypotname":"apache-server","time":"Mon Feb 27 19:25:01 UTC 2023","parsedMessage":{"timestamp":"2023-02-27 19:24:48+00:00","message_type":"http-access","correlation_id":null,"level":"WARNING","message":"172.105.77.209 - - \"-\" 408 0 \"-\" \"-\"","ip":"172.105.77.209"},"id":"501da689-330a-4516-bd68-dfcedffbe82e","EventProcessedUtcTime":"2023-02-27T19:25:01.7758219Z","PartitionId":0,"EventEnqueuedUtcTime":"2023-02-27T19:25:01.5710000Z","path":"D495D9BB-0F5F-4945-9B2D-F90CAD90E413/2102ac15-bf5e-456c-ab63-90cb836ed7ad/apache-server/172.105.77.209"}
{"customerid":"D495D9BB-0F5F-4945-9B2D-F90CAD90E413","honeyserverid":"2102ac15-bf5e-456c-ab63-90cb836ed7ad","logkind":"honeypot","honeypotid":"8BE585FB-2F2F-4BC6-8848-4165C1C4AA46","honeypotname":"apache-server","time":"Wed Mar  8 16:35:01 UTC 2023","parsedMessage":{"timestamp":"2023-03-08 16:34:10+00:00","message_type":"http-access","correlation_id":null,"level":"WARNING","message":"172.105.77.209 - - \"GET /0bef HTTP/1.0\" 404 452 \"-\" \"-\"","ip":"172.105.77.209"},"id":"b4210721-054d-4e0c-bd21-8acf0d5189c4","EventProcessedUtcTime":"2023-03-08T16:35:02.2311221Z","PartitionId":0,"EventEnqueuedUtcTime":"2023-03-08T16:35:02.0140000Z","path":"D495D9BB-0F5F-4945-9B2D-F90CAD90E413/2102ac15-bf5e-456c-ab63-90cb836ed7ad/apache-server/172.105.77.209"}