{"customerid":"D495D9BB-0F5F-4945-9B2D-F90CAD90E413","honeyserverid":"2102ac15-bf5e-456c-ab63-90cb836ed7ad","logkind":"connection","honeypotid":"8BE585FB-2F2F-4BC6-8848-4165C1C4AA46","honeypotname":"apache-server","time":"2023-02-23T06:46:50.089845","parsedMessage":{"timestamp":"2023-02-23 06:46:50.089845","message_type":null,"correlation_id":null,"level":"INFO","message":"connection-log connection from 192.241.213.77:42001 to port 80","ip":"192.241.213.77"},"id":"7f4de785-303c-4ca9-9704-751466b8d7dc","EventProcessedUtcTime":"2023-02-23T06:46:50.3806637Z","PartitionId":0,"EventEnqueuedUtcTime":"2023-02-23T06:46:50.2920000Z","path":"D495D9BB-0F5F-4945-9B2D-F90CAD90E413/2102ac15-bf5e-456c-ab63-90cb836ed7ad/apache-server/192.241.213.77"}