{"customerid":"D495D9BB-0F5F-4945-9B2D-F90CAD90E413","honeyserverid":"2102ac15-bf5e-456c-ab63-90cb836ed7ad","logkind":"connection","honeypotid":"8BE585FB-2F2F-4BC6-8848-4165C1C4AA46","honeypotname":"apache-server","time":"2023-02-27T12:03:00.493706","parsedMessage":{"timestamp":"2023-02-27 12:03:00.493706","message_type":null,"correlation_id":null,"level":"INFO","message":"connection-log connection from 118.35.137.94:28721 to port 80","ip":"118.35.137.94"},"id":"7c26d0ca-f216-4f40-8d4f-f241e77e6b10","EventProcessedUtcTime":"2023-02-27T12:03:01.0439258Z","PartitionId":0,"EventEnqueuedUtcTime":"2023-02-27T12:03:00.8090000Z","path":"D495D9BB-0F5F-4945-9B2D-F90CAD90E413/2102ac15-bf5e-456c-ab63-90cb836ed7ad/apache-server/118.35.137.94"}