{"customerid":"D495D9BB-0F5F-4945-9B2D-F90CAD90E413","honeyserverid":"2102ac15-bf5e-456c-ab63-90cb836ed7ad","logkind":"connection","honeypotid":"8BE585FB-2F2F-4BC6-8848-4165C1C4AA46","honeypotname":"apache-server","time":"2023-02-23T04:31:00.943259","parsedMessage":{"timestamp":"2023-02-23 04:31:00.943259","message_type":null,"correlation_id":null,"level":"INFO","message":"connection-log connection from 107.170.246.13:36869 to port 80","ip":"107.170.246.13"},"id":"cd59ec01-26df-4f39-9a0e-40ab8381ca61","EventProcessedUtcTime":"2023-02-23T04:31:01.3437189Z","PartitionId":0,"EventEnqueuedUtcTime":"2023-02-23T04:31:01.1570000Z","path":"D495D9BB-0F5F-4945-9B2D-F90CAD90E413/2102ac15-bf5e-456c-ab63-90cb836ed7ad/apache-server/107.170.246.13"}
{"customerid":"D495D9BB-0F5F-4945-9B2D-F90CAD90E413","honeyserverid":"2102ac15-bf5e-456c-ab63-90cb836ed7ad","logkind":"honeypot","honeypotid":"8BE585FB-2F2F-4BC6-8848-4165C1C4AA46","honeypotname":"apache-server","time":"Thu Feb 23 04:34:01 UTC 2023","parsedMessage":{"timestamp":"2023-02-23 04:33:06+00:00","message_type":"http-access","correlation_id":null,"level":"WARNING","message":"107.170.246.13 - - \"MGLNDD_51.11.162.74_80\\n\" 400 0 \"-\" \"-\"","ip":"107.170.246.13"},"id":"a7df0af3-2cd0-41cc-99b5-c36e5b530749","EventProcessedUtcTime":"2023-02-23T04:34:02.1734517Z","PartitionId":0,"EventEnqueuedUtcTime":"2023-02-23T04:34:02.1110000Z","path":"D495D9BB-0F5F-4945-9B2D-F90CAD90E413/2102ac15-bf5e-456c-ab63-90cb836ed7ad/apache-server/107.170.246.13"}