{"customerid":"D495D9BB-0F5F-4945-9B2D-F90CAD90E413","honeyserverid":"2102ac15-bf5e-456c-ab63-90cb836ed7ad","logkind":"connection","honeypotid":"8BE585FB-2F2F-4BC6-8848-4165C1C4AA46","honeypotname":"apache-server","time":"2023-02-23T05:46:42.159305","parsedMessage":{"timestamp":"2023-02-23 05:46:42.159305","message_type":null,"correlation_id":null,"level":"INFO","message":"connection-log connection from 193.35.18.114:55145 to port 80","ip":"193.35.18.114"},"id":"76a147d2-05c8-43cf-a7b0-ecdcb2bb6325","EventProcessedUtcTime":"2023-02-23T05:46:42.6510511Z","PartitionId":0,"EventEnqueuedUtcTime":"2023-02-23T05:46:42.4790000Z","path":"D495D9BB-0F5F-4945-9B2D-F90CAD90E413/2102ac15-bf5e-456c-ab63-90cb836ed7ad/apache-server/193.35.18.114"}