{"customerid":"D495D9BB-0F5F-4945-9B2D-F90CAD90E413","honeyserverid":"2102ac15-bf5e-456c-ab63-90cb836ed7ad","logkind":"connection","honeypotid":"8BE585FB-2F2F-4BC6-8848-4165C1C4AA46","honeypotname":"apache-server","time":"2023-02-22T15:12:37.842390","parsedMessage":{"timestamp":"2023-02-22 15:12:37.842390","message_type":null,"correlation_id":null,"level":"INFO","message":"connection-log connection from 179.43.177.242:56218 to port 80","ip":"179.43.177.242"},"id":"0190dd33-59ed-4253-8012-fb1583f87f14","EventProcessedUtcTime":"2023-02-22T15:12:38.3794011Z","PartitionId":0,"EventEnqueuedUtcTime":"2023-02-22T15:12:38.1500000Z","path":"D495D9BB-0F5F-4945-9B2D-F90CAD90E413/2102ac15-bf5e-456c-ab63-90cb836ed7ad/apache-server/179.43.177.242"}
{"customerid":"D495D9BB-0F5F-4945-9B2D-F90CAD90E413","honeyserverid":"2102ac15-bf5e-456c-ab63-90cb836ed7ad","logkind":"honeypot","honeypotid":"8BE585FB-2F2F-4BC6-8848-4165C1C4AA46","honeypotname":"apache-server","time":"Wed Feb 22 15:13:01 UTC 2023","parsedMessage":{"timestamp":"2023-02-22 15:12:37+00:00","message_type":"http-access","correlation_id":null,"level":"WARNING","message":"179.43.177.242 - - \"GET / HTTP/1.1\" 200 263 \"-\" \"Hello World\"","ip":"179.43.177.242"},"id":"28746299-dd75-4552-a378-c13da5239c39","EventProcessedUtcTime":"2023-02-22T15:13:01.8957553Z","PartitionId":0,"EventEnqueuedUtcTime":"2023-02-22T15:13:01.8700000Z","path":"D495D9BB-0F5F-4945-9B2D-F90CAD90E413/2102ac15-bf5e-456c-ab63-90cb836ed7ad/apache-server/179.43.177.242"}