{"customerid":"D495D9BB-0F5F-4945-9B2D-F90CAD90E413","honeyserverid":"2102ac15-bf5e-456c-ab63-90cb836ed7ad","logkind":"connection","honeypotid":"8BE585FB-2F2F-4BC6-8848-4165C1C4AA46","honeypotname":"apache-server","time":"2023-03-05T10:07:25.184259","parsedMessage":{"timestamp":"2023-03-05 10:07:25.184259","message_type":null,"correlation_id":null,"level":"INFO","message":"connection-log connection from 137.184.238.109:54578 to port 80","ip":"137.184.238.109"},"id":"12c13040-d194-4bd6-aa4c-ef6647798279","EventProcessedUtcTime":"2023-03-05T10:07:25.6392752Z","PartitionId":0,"EventEnqueuedUtcTime":"2023-03-05T10:07:25.4390000Z","path":"D495D9BB-0F5F-4945-9B2D-F90CAD90E413/2102ac15-bf5e-456c-ab63-90cb836ed7ad/apache-server/137.184.238.109"}