{"customerid":"D495D9BB-0F5F-4945-9B2D-F90CAD90E413","honeyserverid":"2102ac15-bf5e-456c-ab63-90cb836ed7ad","logkind":"connection","honeypotid":"8BE585FB-2F2F-4BC6-8848-4165C1C4AA46","honeypotname":"apache-server","time":"2023-02-27T23:11:36.862513","parsedMessage":{"timestamp":"2023-02-27 23:11:36.862513","message_type":null,"correlation_id":null,"level":"INFO","message":"connection-log connection from 185.180.143.136:42514 to port 80","ip":"185.180.143.136"},"id":"d8e57ee7-1f53-4ba3-bf80-7086c2c05991","EventProcessedUtcTime":"2023-02-27T23:11:37.5426482Z","PartitionId":0,"EventEnqueuedUtcTime":"2023-02-27T23:11:37.3520000Z","path":"D495D9BB-0F5F-4945-9B2D-F90CAD90E413/2102ac15-bf5e-456c-ab63-90cb836ed7ad/apache-server/185.180.143.136"}
{"customerid":"D495D9BB-0F5F-4945-9B2D-F90CAD90E413","honeyserverid":"2102ac15-bf5e-456c-ab63-90cb836ed7ad","logkind":"honeypot","honeypotid":"8BE585FB-2F2F-4BC6-8848-4165C1C4AA46","honeypotname":"apache-server","time":"Mon Feb 27 23:12:01 UTC 2023","parsedMessage":{"timestamp":"2023-02-27 23:11:35+00:00","message_type":"http-access","correlation_id":null,"level":"WARNING","message":"185.180.143.136 - - \"GET / HTTP/1.1\" 200 263 \"-\" \"Mozilla/5.0 (Windows NT 10.0; Win64; x64) AppleWebKit/537.36 (KHTML, like Gecko) Chrome/60.0.3112.113 Safari/537.36\"","ip":"185.180.143.136"},"id":"7e02c24f-e126-41fc-9334-356cb4e9c53e","EventProcessedUtcTime":"2023-02-27T23:12:01.8242747Z","PartitionId":0,"EventEnqueuedUtcTime":"2023-02-27T23:12:01.7780000Z","path":"D495D9BB-0F5F-4945-9B2D-F90CAD90E413/2102ac15-bf5e-456c-ab63-90cb836ed7ad/apache-server/185.180.143.136"}