{"customerid":"D495D9BB-0F5F-4945-9B2D-F90CAD90E413","honeyserverid":"2102ac15-bf5e-456c-ab63-90cb836ed7ad","logkind":"connection","honeypotid":"8BE585FB-2F2F-4BC6-8848-4165C1C4AA46","honeypotname":"apache-server","time":"2023-02-28T19:04:52.573554","parsedMessage":{"timestamp":"2023-02-28 19:04:52.573554","message_type":null,"correlation_id":null,"level":"INFO","message":"connection-log connection from 154.12.238.144:63629 to port 80","ip":"154.12.238.144"},"id":"46c973cc-df3c-440b-b5e3-9f0d87df1167","EventProcessedUtcTime":"2023-02-28T19:04:53.0798709Z","PartitionId":0,"EventEnqueuedUtcTime":"2023-02-28T19:04:52.8730000Z","path":"D495D9BB-0F5F-4945-9B2D-F90CAD90E413/2102ac15-bf5e-456c-ab63-90cb836ed7ad/apache-server/154.12.238.144"}
{"customerid":"D495D9BB-0F5F-4945-9B2D-F90CAD90E413","honeyserverid":"2102ac15-bf5e-456c-ab63-90cb836ed7ad","logkind":"honeypot","honeypotid":"8BE585FB-2F2F-4BC6-8848-4165C1C4AA46","honeypotname":"apache-server","time":"Tue Feb 28 19:05:01 UTC 2023","parsedMessage":{"timestamp":"2023-02-28 19:04:51+00:00","message_type":"http-access","correlation_id":null,"level":"WARNING","message":"154.12.238.144 - - \"GET / HTTP/1.1\" 200 319 \"-\" \"Mozilla/5.0 (Windows NT 10.0; Win64; x64; rv:55.0) Gecko/20100101 Firefox/55.0\"","ip":"154.12.238.144"},"id":"cd072283-8605-48a3-a7ab-74e3f484cd4e","EventProcessedUtcTime":"2023-02-28T19:05:02.2828793Z","PartitionId":0,"EventEnqueuedUtcTime":"2023-02-28T19:05:02.0780000Z","path":"D495D9BB-0F5F-4945-9B2D-F90CAD90E413/2102ac15-bf5e-456c-ab63-90cb836ed7ad/apache-server/154.12.238.144"}