{"customerid":"D495D9BB-0F5F-4945-9B2D-F90CAD90E413","honeyserverid":"2102ac15-bf5e-456c-ab63-90cb836ed7ad","logkind":"connection","honeypotid":"8BE585FB-2F2F-4BC6-8848-4165C1C4AA46","honeypotname":"apache-server","time":"2023-03-03T00:15:10.215822","parsedMessage":{"timestamp":"2023-03-03 00:15:10.215822","message_type":null,"correlation_id":null,"level":"INFO","message":"connection-log connection from 198.235.24.49:57686 to port 80","ip":"198.235.24.49"},"id":"be94482a-ea25-4238-8d51-1b9f34ba7abe","EventProcessedUtcTime":"2023-03-03T00:15:10.7118116Z","PartitionId":0,"EventEnqueuedUtcTime":"2023-03-03T00:15:10.5100000Z","path":"D495D9BB-0F5F-4945-9B2D-F90CAD90E413/2102ac15-bf5e-456c-ab63-90cb836ed7ad/apache-server/198.235.24.49"}
{"customerid":"D495D9BB-0F5F-4945-9B2D-F90CAD90E413","honeyserverid":"2102ac15-bf5e-456c-ab63-90cb836ed7ad","logkind":"honeypot","honeypotid":"8BE585FB-2F2F-4BC6-8848-4165C1C4AA46","honeypotname":"apache-server","time":"Fri Mar  3 00:16:02 UTC 2023","parsedMessage":{"timestamp":"2023-03-03 00:15:09+00:00","message_type":"http-access","correlation_id":null,"level":"WARNING","message":"198.235.24.49 - - \"\\x16\\x03\\x01\" 400 0 \"-\" \"-\"","ip":"198.235.24.49"},"id":"8dcdfe82-05fe-481e-b39a-7abee90bf2b3","EventProcessedUtcTime":"2023-03-03T00:16:02.4614554Z","PartitionId":0,"EventEnqueuedUtcTime":"2023-03-03T00:16:02.2970000Z","path":"D495D9BB-0F5F-4945-9B2D-F90CAD90E413/2102ac15-bf5e-456c-ab63-90cb836ed7ad/apache-server/198.235.24.49"}