{"customerid":"D495D9BB-0F5F-4945-9B2D-F90CAD90E413","honeyserverid":"2102ac15-bf5e-456c-ab63-90cb836ed7ad","logkind":"honeypot","honeypotid":"8BE585FB-2F2F-4BC6-8848-4165C1C4AA46","honeypotname":"apache-server","time":"Tue Mar  7 01:07:02 UTC 2023","parsedMessage":{"timestamp":"2023-03-07 01:06:06+00:00","message_type":"http-access","correlation_id":null,"level":"WARNING","message":"159.65.111.248 - - \"GET / HTTP/1.0\" 200 282 \"-\" \"Mozilla/5.0 (X11; Linux x86_64; rv:98.0) Gecko/20100101 Firefox/98.0\"","ip":"159.65.111.248"},"id":"50a6013d-dda1-4ed7-bebf-40116dd918f2","EventProcessedUtcTime":"2023-03-07T01:07:02.5027607Z","PartitionId":0,"EventEnqueuedUtcTime":"2023-03-07T01:07:02.3760000Z","path":"D495D9BB-0F5F-4945-9B2D-F90CAD90E413/2102ac15-bf5e-456c-ab63-90cb836ed7ad/apache-server/159.65.111.248"}
{"customerid":"D495D9BB-0F5F-4945-9B2D-F90CAD90E413","honeyserverid":"2102ac15-bf5e-456c-ab63-90cb836ed7ad","logkind":"connection","honeypotid":"8BE585FB-2F2F-4BC6-8848-4165C1C4AA46","honeypotname":"apache-server","time":"2023-03-08T22:41:09.350820","parsedMessage":{"timestamp":"2023-03-08 22:41:09.350820","message_type":null,"correlation_id":null,"level":"INFO","message":"connection-log connection from 159.65.111.248:46128 to port 80","ip":"159.65.111.248"},"id":"2b107112-2850-477e-b9b0-ad9ede708e43","EventProcessedUtcTime":"2023-03-08T22:41:09.8274738Z","PartitionId":0,"EventEnqueuedUtcTime":"2023-03-08T22:41:09.6180000Z","path":"D495D9BB-0F5F-4945-9B2D-F90CAD90E413/2102ac15-bf5e-456c-ab63-90cb836ed7ad/apache-server/159.65.111.248"}
{"customerid":"D495D9BB-0F5F-4945-9B2D-F90CAD90E413","honeyserverid":"2102ac15-bf5e-456c-ab63-90cb836ed7ad","logkind":"honeypot","honeypotid":"8BE585FB-2F2F-4BC6-8848-4165C1C4AA46","honeypotname":"apache-server","time":"Wed Mar  8 22:42:01 UTC 2023","parsedMessage":{"timestamp":"2023-03-08 22:41:09+00:00","message_type":"http-access","correlation_id":null,"level":"WARNING","message":"159.65.111.248 - - \"GET / HTTP/1.0\" 200 282 \"-\" \"Mozilla/5.0 (X11; Linux x86_64; rv:98.0) Gecko/20100101 Firefox/98.0\"","ip":"159.65.111.248"},"id":"c2d378de-1076-41c0-9b44-9061299f020b","EventProcessedUtcTime":"2023-03-08T22:42:02.1085039Z","PartitionId":0,"EventEnqueuedUtcTime":"2023-03-08T22:42:01.8890000Z","path":"D495D9BB-0F5F-4945-9B2D-F90CAD90E413/2102ac15-bf5e-456c-ab63-90cb836ed7ad/apache-server/159.65.111.248"}