{"customerid":"D495D9BB-0F5F-4945-9B2D-F90CAD90E413","honeyserverid":"2102ac15-bf5e-456c-ab63-90cb836ed7ad","logkind":"honeypot","honeypotid":"8BE585FB-2F2F-4BC6-8848-4165C1C4AA46","honeypotname":"apache-server","time":"Fri Feb 24 03:21:01 UTC 2023","parsedMessage":{"timestamp":"2023-02-24 03:20:34+00:00","message_type":"http-access","correlation_id":null,"level":"WARNING","message":"159.65.111.248 - - \"GET / HTTP/1.0\" 200 282 \"-\" \"Mozilla/5.0 (X11; Linux x86_64; rv:98.0) Gecko/20100101 Firefox/98.0\"","ip":"159.65.111.248"},"id":"3c682f7d-c977-4248-930b-bcda8431855b","EventProcessedUtcTime":"2023-02-24T03:21:01.8852499Z","PartitionId":0,"EventEnqueuedUtcTime":"2023-02-24T03:21:01.7920000Z","path":"D495D9BB-0F5F-4945-9B2D-F90CAD90E413/2102ac15-bf5e-456c-ab63-90cb836ed7ad/apache-server/159.65.111.248"}