{"customerid":"D495D9BB-0F5F-4945-9B2D-F90CAD90E413","honeyserverid":"87422976-5cd1-469f-9125-4b1f29054ed5","logkind":"connection","honeypotid":"8BE585FB-2F2F-4BC6-8848-4165C1C4AA46","honeypotname":"apache-server","time":"2023-03-31T22:51:54.368111","parsedMessage":{"timestamp":"2023-03-31 22:51:54.368111","message_type":null,"correlation_id":null,"level":"INFO","message":"connection-log connection from 198.235.24.147:64284 to port 80","ip":"198.235.24.147"},"id":"514542d4-540d-478e-b0ed-98a162fb2267","EventProcessedUtcTime":"2023-03-31T22:51:54.5954118Z","PartitionId":0,"EventEnqueuedUtcTime":"2023-03-31T22:51:54.5310000Z","path":"D495D9BB-0F5F-4945-9B2D-F90CAD90E413/87422976-5cd1-469f-9125-4b1f29054ed5/apache-server/198.235.24.147"}
{"customerid":"D495D9BB-0F5F-4945-9B2D-F90CAD90E413","honeyserverid":"87422976-5cd1-469f-9125-4b1f29054ed5","logkind":"honeypot","honeypotid":"8BE585FB-2F2F-4BC6-8848-4165C1C4AA46","honeypotname":"apache-server","time":"Fri Mar 31 22:52:01 UTC 2023","parsedMessage":{"timestamp":"2023-03-31 22:51:54+00:00","message_type":"http-access","correlation_id":null,"level":"WARNING","message":"198.235.24.147 - - \"GET / HTTP/1.1\" 200 165895 \"-\" \"Expanse, a Palo Alto Networks company, searches across the global IPv4 space multiple times per day to identify customers&#39; presences on the Internet. If you would like to be excluded from our scans, please send IP addresses/domains to: scaninfo@paloaltonetworks.com\"","ip":"198.235.24.147"},"id":"55744364-e026-45a7-860a-c43546050d0a","EventProcessedUtcTime":"2023-03-31T22:52:02.1416486Z","PartitionId":0,"EventEnqueuedUtcTime":"2023-03-31T22:52:01.9690000Z","path":"D495D9BB-0F5F-4945-9B2D-F90CAD90E413/87422976-5cd1-469f-9125-4b1f29054ed5/apache-server/198.235.24.147"}
{"customerid":"D495D9BB-0F5F-4945-9B2D-F90CAD90E413","honeyserverid":"87422976-5cd1-469f-9125-4b1f29054ed5","logkind":"honeypot","honeypotid":"8BE585FB-2F2F-4BC6-8848-4165C1C4AA46","honeypotname":"apache-server","time":"Sat Apr  1 23:21:01 UTC 2023","parsedMessage":{"timestamp":"2023-04-01 23:20:20+00:00","message_type":"http-access","correlation_id":null,"level":"WARNING","message":"198.235.24.147 - - \"GET / HTTP/1.1\" 200 165895 \"-\" \"Expanse, a Palo Alto Networks company, searches across the global IPv4 space multiple times per day to identify customers&#39; presences on the Internet. If you would like to be excluded from our scans, please send IP addresses/domains to: scaninfo@paloaltonetworks.com\"","ip":"198.235.24.147"},"id":"062d2c89-ce7d-45ab-bd39-536673f5d34f","EventProcessedUtcTime":"2023-04-01T23:21:01.9983859Z","PartitionId":0,"EventEnqueuedUtcTime":"2023-04-01T23:21:01.8210000Z","path":"D495D9BB-0F5F-4945-9B2D-F90CAD90E413/87422976-5cd1-469f-9125-4b1f29054ed5/apache-server/198.235.24.147"}