{"customerid":"D495D9BB-0F5F-4945-9B2D-F90CAD90E413","honeyserverid":"2102ac15-bf5e-456c-ab63-90cb836ed7ad","logkind":"honeypot","honeypotid":"8BE585FB-2F2F-4BC6-8848-4165C1C4AA46","honeypotname":"apache-server","time":"Thu Mar  9 07:47:01 UTC 2023","parsedMessage":{"timestamp":"2023-03-09 07:46:52+00:00","message_type":"http-access","correlation_id":null,"level":"WARNING","message":"185.246.220.98 - - \"POST /boaform/admin/formLogin HTTP/1.1\" 404 491 \"http://51.11.162.74:80/admin/login.asp\" \"Mozilla/5.0 (X11; Ubuntu; Linux x86_64; rv:71.0) Gecko/20100101 Firefox/71.0\"","ip":"185.246.220.98"},"id":"4145c513-9b80-44b7-b92e-e6c8d0e918ac","EventProcessedUtcTime":"2023-03-09T07:47:01.7655578Z","PartitionId":0,"EventEnqueuedUtcTime":"2023-03-09T07:47:01.7040000Z","path":"D495D9BB-0F5F-4945-9B2D-F90CAD90E413/2102ac15-bf5e-456c-ab63-90cb836ed7ad/apache-server/185.246.220.98"}
{"customerid":"D495D9BB-0F5F-4945-9B2D-F90CAD90E413","honeyserverid":"2102ac15-bf5e-456c-ab63-90cb836ed7ad","logkind":"honeypot","honeypotid":"8BE585FB-2F2F-4BC6-8848-4165C1C4AA46","honeypotname":"apache-server","time":"Thu Mar  9 13:50:01 UTC 2023","parsedMessage":{"timestamp":"2023-03-09 13:49:44+00:00","message_type":"http-access","correlation_id":null,"level":"WARNING","message":"185.246.220.98 - - \"POST /boaform/admin/formLogin HTTP/1.1\" 404 491 \"http://51.11.162.74:80/admin/login.asp\" \"Mozilla/5.0 (X11; Ubuntu; Linux x86_64; rv:71.0) Gecko/20100101 Firefox/71.0\"","ip":"185.246.220.98"},"id":"9aae7129-238a-4f57-a215-b0b7b1dae13c","EventProcessedUtcTime":"2023-03-09T13:50:03.2082961Z","PartitionId":0,"EventEnqueuedUtcTime":"2023-03-09T13:50:02.9950000Z","path":"D495D9BB-0F5F-4945-9B2D-F90CAD90E413/2102ac15-bf5e-456c-ab63-90cb836ed7ad/apache-server/185.246.220.98"}