{"customerid":"D495D9BB-0F5F-4945-9B2D-F90CAD90E413","honeyserverid":"2102ac15-bf5e-456c-ab63-90cb836ed7ad","logkind":"connection","honeypotid":"8BE585FB-2F2F-4BC6-8848-4165C1C4AA46","honeypotname":"apache-server","time":"2023-03-04T06:08:49.493313","parsedMessage":{"timestamp":"2023-03-04 06:08:49.493313","message_type":null,"correlation_id":null,"level":"INFO","message":"connection-log connection from 192.241.227.25:36484 to port 80","ip":"192.241.227.25"},"id":"19d43ed3-2016-437a-a50c-e3b7554d6bdb","EventProcessedUtcTime":"2023-03-04T06:08:49.9778606Z","PartitionId":0,"EventEnqueuedUtcTime":"2023-03-04T06:08:49.7650000Z","path":"D495D9BB-0F5F-4945-9B2D-F90CAD90E413/2102ac15-bf5e-456c-ab63-90cb836ed7ad/apache-server/192.241.227.25"}
{"customerid":"D495D9BB-0F5F-4945-9B2D-F90CAD90E413","honeyserverid":"2102ac15-bf5e-456c-ab63-90cb836ed7ad","logkind":"honeypot","honeypotid":"8BE585FB-2F2F-4BC6-8848-4165C1C4AA46","honeypotname":"apache-server","time":"Sat Mar  4 06:14:02 UTC 2023","parsedMessage":{"timestamp":"2023-03-04 06:13:03+00:00","message_type":"http-access","correlation_id":null,"level":"WARNING","message":"192.241.227.25 - - \"GET /hudson HTTP/1.1\" 404 435 \"-\" \"Mozilla/5.0 zgrab/0.x\"","ip":"192.241.227.25"},"id":"941d1b8f-71dc-4bd2-87d1-ad7dc7ad4e62","EventProcessedUtcTime":"2023-03-04T06:14:02.3522179Z","PartitionId":0,"EventEnqueuedUtcTime":"2023-03-04T06:14:02.3280000Z","path":"D495D9BB-0F5F-4945-9B2D-F90CAD90E413/2102ac15-bf5e-456c-ab63-90cb836ed7ad/apache-server/192.241.227.25"}