{"customerid":"D495D9BB-0F5F-4945-9B2D-F90CAD90E413","honeyserverid":"2102ac15-bf5e-456c-ab63-90cb836ed7ad","logkind":"connection","honeypotid":"8BE585FB-2F2F-4BC6-8848-4165C1C4AA46","honeypotname":"apache-server","time":"2023-02-23T18:22:24.779560","parsedMessage":{"timestamp":"2023-02-23 18:22:24.779560","message_type":null,"correlation_id":null,"level":"INFO","message":"connection-log connection from 104.248.144.161:58077 to port 80","ip":"104.248.144.161"},"id":"e44b89e7-b578-4fd8-94f0-b007c78a741f","EventProcessedUtcTime":"2023-02-23T18:22:25.3335417Z","PartitionId":0,"EventEnqueuedUtcTime":"2023-02-23T18:22:25.1700000Z","path":"D495D9BB-0F5F-4945-9B2D-F90CAD90E413/2102ac15-bf5e-456c-ab63-90cb836ed7ad/apache-server/104.248.144.161"}
{"customerid":"D495D9BB-0F5F-4945-9B2D-F90CAD90E413","honeyserverid":"2102ac15-bf5e-456c-ab63-90cb836ed7ad","logkind":"connection","honeypotid":"8BE585FB-2F2F-4BC6-8848-4165C1C4AA46","honeypotname":"apache-server","time":"2023-02-24T00:37:47.896300","parsedMessage":{"timestamp":"2023-02-24 00:37:47.896300","message_type":null,"correlation_id":null,"level":"INFO","message":"connection-log connection from 104.248.144.161:50198 to port 80","ip":"104.248.144.161"},"id":"2492c10f-4743-4b51-83c2-7a455dba9078","EventProcessedUtcTime":"2023-02-24T00:37:48.7263825Z","PartitionId":0,"EventEnqueuedUtcTime":"2023-02-24T00:37:48.5350000Z","path":"D495D9BB-0F5F-4945-9B2D-F90CAD90E413/2102ac15-bf5e-456c-ab63-90cb836ed7ad/apache-server/104.248.144.161"}