{"customerid":"D495D9BB-0F5F-4945-9B2D-F90CAD90E413","honeyserverid":"2102ac15-bf5e-456c-ab63-90cb836ed7ad","logkind":"connection","honeypotid":"8BE585FB-2F2F-4BC6-8848-4165C1C4AA46","honeypotname":"apache-server","time":"2023-02-25T14:53:43.366105","parsedMessage":{"timestamp":"2023-02-25 14:53:43.366105","message_type":null,"correlation_id":null,"level":"INFO","message":"connection-log connection from 104.248.144.161:42280 to port 80","ip":"104.248.144.161"},"id":"232cd24a-8b0e-46a4-8ebb-621cd3d5e3a2","EventProcessedUtcTime":"2023-02-25T14:53:43.7392746Z","PartitionId":0,"EventEnqueuedUtcTime":"2023-02-25T14:53:43.6910000Z","path":"D495D9BB-0F5F-4945-9B2D-F90CAD90E413/2102ac15-bf5e-456c-ab63-90cb836ed7ad/apache-server/104.248.144.161"}