{"customerid":"D495D9BB-0F5F-4945-9B2D-F90CAD90E413","honeyserverid":"2102ac15-bf5e-456c-ab63-90cb836ed7ad","logkind":"connection","honeypotid":"8BE585FB-2F2F-4BC6-8848-4165C1C4AA46","honeypotname":"apache-server","time":"2023-03-06T17:09:26.321765","parsedMessage":{"timestamp":"2023-03-06 17:09:26.321765","message_type":null,"correlation_id":null,"level":"INFO","message":"connection-log connection from 211.230.239.68:14671 to port 80","ip":"211.230.239.68"},"id":"8b6abf43-e5f4-40a7-80ed-de645fe3636d","EventProcessedUtcTime":"2023-03-06T17:09:26.7067554Z","PartitionId":0,"EventEnqueuedUtcTime":"2023-03-06T17:09:26.5630000Z","path":"D495D9BB-0F5F-4945-9B2D-F90CAD90E413/2102ac15-bf5e-456c-ab63-90cb836ed7ad/apache-server/211.230.239.68"}