{"customerid":"D495D9BB-0F5F-4945-9B2D-F90CAD90E413","honeyserverid":"2102ac15-bf5e-456c-ab63-90cb836ed7ad","logkind":"connection","honeypotid":"8BE585FB-2F2F-4BC6-8848-4165C1C4AA46","honeypotname":"apache-server","time":"2023-02-27T19:44:27.461129","parsedMessage":{"timestamp":"2023-02-27 19:44:27.461129","message_type":null,"correlation_id":null,"level":"INFO","message":"connection-log connection from 192.241.203.13:53917 to port 80","ip":"192.241.203.13"},"id":"6184460f-13f3-4604-a331-6196eea1e538","EventProcessedUtcTime":"2023-02-27T19:44:27.9643747Z","PartitionId":0,"EventEnqueuedUtcTime":"2023-02-27T19:44:27.7750000Z","path":"D495D9BB-0F5F-4945-9B2D-F90CAD90E413/2102ac15-bf5e-456c-ab63-90cb836ed7ad/apache-server/192.241.203.13"}
{"customerid":"D495D9BB-0F5F-4945-9B2D-F90CAD90E413","honeyserverid":"2102ac15-bf5e-456c-ab63-90cb836ed7ad","logkind":"honeypot","honeypotid":"8BE585FB-2F2F-4BC6-8848-4165C1C4AA46","honeypotname":"apache-server","time":"Mon Feb 27 19:48:01 UTC 2023","parsedMessage":{"timestamp":"2023-02-27 19:47:02+00:00","message_type":"http-access","correlation_id":null,"level":"WARNING","message":"192.241.203.13 - - \"MGLNDD_51.11.162.74_80\\n\" 400 0 \"-\" \"-\"","ip":"192.241.203.13"},"id":"3fead946-7a9c-407d-8a62-22594505b337","EventProcessedUtcTime":"2023-02-27T19:48:02.0571674Z","PartitionId":0,"EventEnqueuedUtcTime":"2023-02-27T19:48:01.8880000Z","path":"D495D9BB-0F5F-4945-9B2D-F90CAD90E413/2102ac15-bf5e-456c-ab63-90cb836ed7ad/apache-server/192.241.203.13"}