{"customerid":"D495D9BB-0F5F-4945-9B2D-F90CAD90E413","honeyserverid":"87422976-5cd1-469f-9125-4b1f29054ed5","logkind":"connection","honeypotid":"8BE585FB-2F2F-4BC6-8848-4165C1C4AA46","honeypotname":"apache-server","time":"2023-04-01T14:49:45.392515","parsedMessage":{"timestamp":"2023-04-01 14:49:45.392515","message_type":null,"correlation_id":null,"level":"INFO","message":"connection-log connection from 154.209.125.56:25743 to port 80","ip":"154.209.125.56"},"id":"8ac9037d-f9c2-4ee9-9fd6-06eaac6f4f87","EventProcessedUtcTime":"2023-04-01T14:49:45.7411310Z","PartitionId":0,"EventEnqueuedUtcTime":"2023-04-01T14:49:45.6610000Z","path":"D495D9BB-0F5F-4945-9B2D-F90CAD90E413/87422976-5cd1-469f-9125-4b1f29054ed5/apache-server/154.209.125.56"}
{"customerid":"D495D9BB-0F5F-4945-9B2D-F90CAD90E413","honeyserverid":"87422976-5cd1-469f-9125-4b1f29054ed5","logkind":"honeypot","honeypotid":"8BE585FB-2F2F-4BC6-8848-4165C1C4AA46","honeypotname":"apache-server","time":"Sat Apr  1 14:50:02 UTC 2023","parsedMessage":{"timestamp":"2023-04-01 14:49:44+00:00","message_type":"http-access","correlation_id":null,"level":"WARNING","message":"154.209.125.56 - - \"GET / HTTP/1.1\" 200 165951 \"-\" \"Mozilla/5.0 (Macintosh; Intel Mac OS X 10.11; rv:47.0) Gecko/20100101 Firefox/47.0\"","ip":"154.209.125.56"},"id":"3a4bf21b-b56a-45d4-ba9f-eec192d918fc","EventProcessedUtcTime":"2023-04-01T14:50:05.4278934Z","PartitionId":0,"EventEnqueuedUtcTime":"2023-04-01T14:50:05.1940000Z","path":"D495D9BB-0F5F-4945-9B2D-F90CAD90E413/87422976-5cd1-469f-9125-4b1f29054ed5/apache-server/154.209.125.56"}