{"customerid":"D495D9BB-0F5F-4945-9B2D-F90CAD90E413","honeyserverid":"2102ac15-bf5e-456c-ab63-90cb836ed7ad","logkind":"connection","honeypotid":"8BE585FB-2F2F-4BC6-8848-4165C1C4AA46","honeypotname":"apache-server","time":"2023-03-09T10:52:54.835619","parsedMessage":{"timestamp":"2023-03-09 10:52:54.835619","message_type":null,"correlation_id":null,"level":"INFO","message":"connection-log connection from 194.187.178.47:30381 to port 80","ip":"194.187.178.47"},"id":"b3677d65-6d56-4c69-81b6-c94694db6856","EventProcessedUtcTime":"2023-03-09T10:52:55.3695062Z","PartitionId":0,"EventEnqueuedUtcTime":"2023-03-09T10:52:55.1670000Z","path":"D495D9BB-0F5F-4945-9B2D-F90CAD90E413/2102ac15-bf5e-456c-ab63-90cb836ed7ad/apache-server/194.187.178.47"}