{"customerid":"D495D9BB-0F5F-4945-9B2D-F90CAD90E413","honeyserverid":"2102ac15-bf5e-456c-ab63-90cb836ed7ad","logkind":"connection","honeypotid":"8BE585FB-2F2F-4BC6-8848-4165C1C4AA46","honeypotname":"apache-server","time":"2023-03-07T15:42:11.315938","parsedMessage":{"timestamp":"2023-03-07 15:42:11.315938","message_type":null,"correlation_id":null,"level":"INFO","message":"connection-log connection from 143.198.201.142:64243 to port 80","ip":"143.198.201.142"},"id":"e4b5c230-e07b-418d-bda4-c80551fb40ad","EventProcessedUtcTime":"2023-03-07T15:42:11.8081556Z","PartitionId":0,"EventEnqueuedUtcTime":"2023-03-07T15:42:11.5950000Z","path":"D495D9BB-0F5F-4945-9B2D-F90CAD90E413/2102ac15-bf5e-456c-ab63-90cb836ed7ad/apache-server/143.198.201.142"}