{"customerid":"D495D9BB-0F5F-4945-9B2D-F90CAD90E413","honeyserverid":"2102ac15-bf5e-456c-ab63-90cb836ed7ad","logkind":"connection","honeypotid":"8BE585FB-2F2F-4BC6-8848-4165C1C4AA46","honeypotname":"apache-server","time":"2023-02-28T02:59:37.340831","parsedMessage":{"timestamp":"2023-02-28 02:59:37.340831","message_type":null,"correlation_id":null,"level":"INFO","message":"connection-log connection from 154.89.5.210:37892 to port 80","ip":"154.89.5.210"},"id":"83be5e9e-6f97-4893-b868-913bdae7f2f3","EventProcessedUtcTime":"2023-02-28T02:59:37.6761045Z","PartitionId":0,"EventEnqueuedUtcTime":"2023-02-28T02:59:37.5870000Z","path":"D495D9BB-0F5F-4945-9B2D-F90CAD90E413/2102ac15-bf5e-456c-ab63-90cb836ed7ad/apache-server/154.89.5.210"}