{"customerid":"D495D9BB-0F5F-4945-9B2D-F90CAD90E413","honeyserverid":"2102ac15-bf5e-456c-ab63-90cb836ed7ad","logkind":"honeypot","honeypotid":"8BE585FB-2F2F-4BC6-8848-4165C1C4AA46","honeypotname":"apache-server","time":"Mon Feb 27 14:29:01 UTC 2023","parsedMessage":{"timestamp":"2023-02-27 14:28:40+00:00","message_type":"http-access","correlation_id":null,"level":"WARNING","message":"159.223.136.180 - - \"GET / HTTP/1.1\" 200 263 \"-\" \"Mozilla/5.0 (Windows NT 10.0; Win64; x64; rv:79.0) Gecko/20100101 Firefox/79.0\"","ip":"159.223.136.180"},"id":"3e5492ba-9aec-4d34-8fc7-0583ba21a9a6","EventProcessedUtcTime":"2023-02-27T14:29:02.1589646Z","PartitionId":0,"EventEnqueuedUtcTime":"2023-02-27T14:29:01.9870000Z","path":"D495D9BB-0F5F-4945-9B2D-F90CAD90E413/2102ac15-bf5e-456c-ab63-90cb836ed7ad/apache-server/159.223.136.180"}
{"customerid":"D495D9BB-0F5F-4945-9B2D-F90CAD90E413","honeyserverid":"2102ac15-bf5e-456c-ab63-90cb836ed7ad","logkind":"honeypot","honeypotid":"8BE585FB-2F2F-4BC6-8848-4165C1C4AA46","honeypotname":"apache-server","time":"Mon Mar  6 14:31:02 UTC 2023","parsedMessage":{"timestamp":"2023-03-06 14:30:09+00:00","message_type":"http-access","correlation_id":null,"level":"WARNING","message":"159.223.136.180 - - \"GET / HTTP/1.1\" 200 263 \"-\" \"Mozilla/5.0 (Windows NT 10.0; Win64; x64; rv:79.0) Gecko/20100101 Firefox/79.0\"","ip":"159.223.136.180"},"id":"0d009a1d-e705-4799-85d0-522c48f358e3","EventProcessedUtcTime":"2023-03-06T14:31:02.5955548Z","PartitionId":0,"EventEnqueuedUtcTime":"2023-03-06T14:31:02.4610000Z","path":"D495D9BB-0F5F-4945-9B2D-F90CAD90E413/2102ac15-bf5e-456c-ab63-90cb836ed7ad/apache-server/159.223.136.180"}