{"customerid":"D495D9BB-0F5F-4945-9B2D-F90CAD90E413","honeyserverid":"87422976-5cd1-469f-9125-4b1f29054ed5","logkind":"connection","honeypotid":"8BE585FB-2F2F-4BC6-8848-4165C1C4AA46","honeypotname":"apache-server","time":"2023-03-31T22:25:53.307190","parsedMessage":{"timestamp":"2023-03-31 22:25:53.307190","message_type":null,"correlation_id":null,"level":"INFO","message":"connection-log connection from 109.237.98.185:52400 to port 80","ip":"109.237.98.185"},"id":"d2883aa8-dddf-4c46-b4e8-b6edde315a19","EventProcessedUtcTime":"2023-03-31T22:25:53.6790028Z","PartitionId":0,"EventEnqueuedUtcTime":"2023-03-31T22:25:53.5000000Z","path":"D495D9BB-0F5F-4945-9B2D-F90CAD90E413/87422976-5cd1-469f-9125-4b1f29054ed5/apache-server/109.237.98.185"}