{"customerid":"D495D9BB-0F5F-4945-9B2D-F90CAD90E413","honeyserverid":"2102ac15-bf5e-456c-ab63-90cb836ed7ad","logkind":"honeypot","honeypotid":"8BE585FB-2F2F-4BC6-8848-4165C1C4AA46","honeypotname":"apache-server","time":"Sat Feb 25 05:04:01 UTC 2023","parsedMessage":{"timestamp":"2023-02-25 05:03:27+00:00","message_type":"http-access","correlation_id":null,"level":"WARNING","message":"117.208.99.43 - - \"GET / HTTP/1.1\" 200 263 \"-\" \"Mozilla/5.0 (Windows NT 10.0; WOW64) AppleWebKit/537.36 (KHTML, like Gecko) Chrome/52.0.2743.116 Safari/537.36\"","ip":"117.208.99.43"},"id":"e4179117-979a-471f-926e-b2842a6d9b75","EventProcessedUtcTime":"2023-02-25T05:04:02.0323043Z","PartitionId":0,"EventEnqueuedUtcTime":"2023-02-25T05:04:01.8050000Z","path":"D495D9BB-0F5F-4945-9B2D-F90CAD90E413/2102ac15-bf5e-456c-ab63-90cb836ed7ad/apache-server/117.208.99.43"}