{"customerid":"D495D9BB-0F5F-4945-9B2D-F90CAD90E413","honeyserverid":"2102ac15-bf5e-456c-ab63-90cb836ed7ad","logkind":"honeypot","honeypotid":"8BE585FB-2F2F-4BC6-8848-4165C1C4AA46","honeypotname":"apache-server","time":"Tue Mar  7 13:59:01 UTC 2023","parsedMessage":{"timestamp":"2023-03-07 13:58:14+00:00","message_type":"http-access","correlation_id":null,"level":"WARNING","message":"143.244.41.219 - - \"HEAD / HTTP/1.1\" 200 283 \"-\" \"Mozilla/5.0 (X11; OpenBSD i386) AppleWebKit/537.36 (KHTML, like Gecko) Chrome/36.0.1985.125 Safari/537.36\"","ip":"143.244.41.219"},"id":"c53687cf-bc3b-4de2-9c7d-c5e933db5df6","EventProcessedUtcTime":"2023-03-07T13:59:01.9201637Z","PartitionId":0,"EventEnqueuedUtcTime":"2023-03-07T13:59:01.6540000Z","path":"D495D9BB-0F5F-4945-9B2D-F90CAD90E413/2102ac15-bf5e-456c-ab63-90cb836ed7ad/apache-server/143.244.41.219"}