{"customerid":"D495D9BB-0F5F-4945-9B2D-F90CAD90E413","honeyserverid":"2102ac15-bf5e-456c-ab63-90cb836ed7ad","logkind":"connection","honeypotid":"8BE585FB-2F2F-4BC6-8848-4165C1C4AA46","honeypotname":"apache-server","time":"2023-03-07T07:14:52.565730","parsedMessage":{"timestamp":"2023-03-07 07:14:52.565730","message_type":null,"correlation_id":null,"level":"INFO","message":"connection-log connection from 198.199.108.216:41477 to port 80","ip":"198.199.108.216"},"id":"1e7db85a-1fa1-45f5-befe-fca995bb2dfd","EventProcessedUtcTime":"2023-03-07T07:14:53.0669291Z","PartitionId":0,"EventEnqueuedUtcTime":"2023-03-07T07:14:52.8600000Z","path":"D495D9BB-0F5F-4945-9B2D-F90CAD90E413/2102ac15-bf5e-456c-ab63-90cb836ed7ad/apache-server/198.199.108.216"}