{"customerid":"D495D9BB-0F5F-4945-9B2D-F90CAD90E413","honeyserverid":"2102ac15-bf5e-456c-ab63-90cb836ed7ad","logkind":"connection","honeypotid":"8BE585FB-2F2F-4BC6-8848-4165C1C4AA46","honeypotname":"apache-server","time":"2023-02-27T21:31:16.811186","parsedMessage":{"timestamp":"2023-02-27 21:31:16.811186","message_type":null,"correlation_id":null,"level":"INFO","message":"connection-log connection from 198.235.24.155:61766 to port 80","ip":"198.235.24.155"},"id":"872f7829-c163-4053-aad1-4ff52bd0ff5d","EventProcessedUtcTime":"2023-02-27T21:31:17.2501358Z","PartitionId":0,"EventEnqueuedUtcTime":"2023-02-27T21:31:17.0970000Z","path":"D495D9BB-0F5F-4945-9B2D-F90CAD90E413/2102ac15-bf5e-456c-ab63-90cb836ed7ad/apache-server/198.235.24.155"}
{"customerid":"D495D9BB-0F5F-4945-9B2D-F90CAD90E413","honeyserverid":"2102ac15-bf5e-456c-ab63-90cb836ed7ad","logkind":"honeypot","honeypotid":"8BE585FB-2F2F-4BC6-8848-4165C1C4AA46","honeypotname":"apache-server","time":"Mon Feb 27 21:32:02 UTC 2023","parsedMessage":{"timestamp":"2023-02-27 21:31:16+00:00","message_type":"http-access","correlation_id":null,"level":"WARNING","message":"198.235.24.155 - - \"\\x16\\x03\\x01\" 400 0 \"-\" \"-\"","ip":"198.235.24.155"},"id":"b1aa1c18-cfe4-43df-a251-bf8e609a4184","EventProcessedUtcTime":"2023-02-27T21:32:02.9688199Z","PartitionId":0,"EventEnqueuedUtcTime":"2023-02-27T21:32:02.7600000Z","path":"D495D9BB-0F5F-4945-9B2D-F90CAD90E413/2102ac15-bf5e-456c-ab63-90cb836ed7ad/apache-server/198.235.24.155"}