{"customerid":"D495D9BB-0F5F-4945-9B2D-F90CAD90E413","honeyserverid":"2102ac15-bf5e-456c-ab63-90cb836ed7ad","logkind":"connection","honeypotid":"8BE585FB-2F2F-4BC6-8848-4165C1C4AA46","honeypotname":"apache-server","time":"2023-02-24T12:43:03.661004","parsedMessage":{"timestamp":"2023-02-24 12:43:03.661004","message_type":null,"correlation_id":null,"level":"INFO","message":"connection-log connection from 198.235.24.166:56793 to port 80","ip":"198.235.24.166"},"id":"d44499fa-1206-4cd7-a126-93c37785bd5a","EventProcessedUtcTime":"2023-02-24T12:43:04.1303271Z","PartitionId":0,"EventEnqueuedUtcTime":"2023-02-24T12:43:03.9320000Z","path":"D495D9BB-0F5F-4945-9B2D-F90CAD90E413/2102ac15-bf5e-456c-ab63-90cb836ed7ad/apache-server/198.235.24.166"}
{"customerid":"D495D9BB-0F5F-4945-9B2D-F90CAD90E413","honeyserverid":"2102ac15-bf5e-456c-ab63-90cb836ed7ad","logkind":"honeypot","honeypotid":"8BE585FB-2F2F-4BC6-8848-4165C1C4AA46","honeypotname":"apache-server","time":"Fri Feb 24 12:49:01 UTC 2023","parsedMessage":{"timestamp":"2023-02-24 12:48:51+00:00","message_type":"http-access","correlation_id":null,"level":"WARNING","message":"198.235.24.166 - - \"\\x16\\x03\\x01\" 400 0 \"-\" \"-\"","ip":"198.235.24.166"},"id":"4e301e88-4de1-4bcd-98ef-d236722f8cba","EventProcessedUtcTime":"2023-02-24T12:49:01.8517096Z","PartitionId":0,"EventEnqueuedUtcTime":"2023-02-24T12:49:01.6710000Z","path":"D495D9BB-0F5F-4945-9B2D-F90CAD90E413/2102ac15-bf5e-456c-ab63-90cb836ed7ad/apache-server/198.235.24.166"}
{"customerid":"D495D9BB-0F5F-4945-9B2D-F90CAD90E413","honeyserverid":"2102ac15-bf5e-456c-ab63-90cb836ed7ad","logkind":"honeypot","honeypotid":"8BE585FB-2F2F-4BC6-8848-4165C1C4AA46","honeypotname":"apache-server","time":"Fri Feb 24 12:49:01 UTC 2023","parsedMessage":{"timestamp":"2023-02-24 12:48:51+00:00","message_type":"http-access","correlation_id":null,"level":"WARNING","message":"198.235.24.166 - - \"\\x16\\x03\\x01\" 400 0 \"-\" \"-\"","ip":"198.235.24.166"},"id":"4e301e88-4de1-4bcd-98ef-d236722f8cba","EventProcessedUtcTime":"2023-02-24T12:49:09.0703809Z","PartitionId":0,"EventEnqueuedUtcTime":"2023-02-24T12:49:08.8750000Z","path":"D495D9BB-0F5F-4945-9B2D-F90CAD90E413/2102ac15-bf5e-456c-ab63-90cb836ed7ad/apache-server/198.235.24.166"}