{"customerid":"D495D9BB-0F5F-4945-9B2D-F90CAD90E413","honeyserverid":"2102ac15-bf5e-456c-ab63-90cb836ed7ad","logkind":"honeypot","honeypotid":"8BE585FB-2F2F-4BC6-8848-4165C1C4AA46","honeypotname":"apache-server","time":"Sat Feb 25 19:24:01 UTC 2023","parsedMessage":{"timestamp":"2023-02-25 19:23:14+00:00","message_type":"http-access","correlation_id":null,"level":"WARNING","message":"125.163.246.144 - - \"GET / HTTP/1.1\" 200 263 \"-\" \"Mozilla/5.0 (Windows NT 10.0; WOW64) AppleWebKit/537.36 (KHTML, like Gecko) Chrome/51.0.2704.103 Safari/537.36\"","ip":"125.163.246.144"},"id":"e9b8101b-b822-4336-8f75-c93f64c3260b","EventProcessedUtcTime":"2023-02-25T19:24:01.8943835Z","PartitionId":0,"EventEnqueuedUtcTime":"2023-02-25T19:24:01.6480000Z","path":"D495D9BB-0F5F-4945-9B2D-F90CAD90E413/2102ac15-bf5e-456c-ab63-90cb836ed7ad/apache-server/125.163.246.144"}